id,dt,crystals
1,2023-12-18,7
1,2023-12-23,7
1,2023-12-24,4
1,2023-12-30,6
1,2024-01-02,8
1,2024-01-10,8
1,2024-01-19,6
1,2024-01-20,2
1,2024-01-23,3
1,2024-01-31,9
1,2024-02-05,2
1,2024-02-10,4
1,2024-02-18,0
1,2024-02-27,10
1,2024-02-28,7
2,2023-03-09,1
2,2023-03-12,3
2,2023-03-14,7
2,2023-03-17,5
2,2023-03-19,0
2,2023-04-02,6
2,2023-04-04,0
2,2023-04-15,6
2,2023-04-23,8
2,2023-04-25,5
2,2023-05-03,3
2,2023-05-04,6
2,2023-05-08,1
2,2023-05-29,5
2,2023-06-04,3
3,2023-01-16,9
3,2023-01-17,0
3,2023-01-25,1
3,2023-01-30,0
3,2023-01-31,4
3,2023-02-18,3
3,2023-02-22,2
3,2023-02-24,8
3,2023-03-11,9
3,2023-03-14,8
3,2023-04-06,6
3,2023-04-12,1
3,2023-04-13,4
3,2023-04-14,3
3,2023-04-20,4
4,2023-05-23,9
4,2023-05-27,3
4,2023-05-29,2
4,2023-06-04,4
4,2023-06-05,6
4,2023-06-20,0
4,2023-07-13,9
4,2023-07-18,5
4,2023-07-23,3
4,2023-07-25,9
4,2023-07-28,6
4,2023-08-05,2
4,2023-08-08,10
4,2023-08-09,10
4,2023-08-10,1
5,2023-05-08,1
5,2023-05-11,5
5,2023-05-14,3
5,2023-06-07,10
5,2023-06-20,10
5,2023-06-21,1
5,2023-06-22,9
5,2023-06-24,5
5,2023-07-05,2
5,2023-07-09,0
5,2023-07-12,5
5,2023-07-14,8
5,2023-07-15,5
5,2023-07-26,10
5,2023-08-09,2
6,2023-04-29,3
6,2023-04-30,0
6,2023-05-03,5
6,2023-05-12,4
6,2023-05-18,8
6,2023-05-20,6
6,2023-06-01,8
6,2023-06-22,7
6,2023-06-23,4
6,2023-06-25,0
6,2023-07-14,10
6,2023-07-21,3
6,2023-07-23,4
6,2023-07-25,5
6,2023-08-02,0
7,2023-03-28,4
7,2023-04-05,1
7,2023-04-16,6
7,2023-04-24,1
7,2023-04-25,6
7,2023-04-29,9
7,2023-05-01,2
7,2023-05-03,8
7,2023-05-07,4
7,2023-05-08,5
7,2023-05-15,1
7,2023-05-18,1
7,2023-06-04,5
7,2023-06-09,10
7,2023-06-16,4
8,2023-02-27,10
8,2023-03-15,0
8,2023-03-29,1
8,2023-04-02,10
8,2023-04-07,10
8,2023-04-08,6
8,2023-04-17,5
8,2023-04-18,8
8,2023-04-19,10
8,2023-04-20,2
8,2023-05-10,0
8,2023-05-11,2
8,2023-05-21,9
8,2023-05-24,10
8,2023-05-26,7
9,2023-12-17,1
9,2023-12-21,9
9,2023-12-29,2
9,2024-01-01,8
9,2024-01-12,5
9,2024-01-28,6
9,2024-01-29,5
9,2024-01-31,10
9,2024-02-07,4
9,2024-02-08,3
9,2024-02-23,1
9,2024-02-28,0
9,2024-03-04,2
9,2024-03-08,7
9,2024-03-21,8
10,2023-10-16,7
10,2023-10-22,2
10,2023-10-24,7
10,2023-11-01,1
10,2023-11-03,10
10,2023-11-09,5
10,2023-11-12,10
10,2023-11-25,5
10,2023-12-03,1
10,2023-12-08,8
10,2023-12-17,8
10,2023-12-24,4
10,2024-01-03,4
10,2024-01-05,2
10,2024-01-14,10
11,2023-02-17,9
11,2023-03-01,1
11,2023-03-02,1
11,2023-03-03,4
11,2023-03-08,6
11,2023-03-11,7
11,2023-03-14,8
11,2023-03-16,6
11,2023-04-01,6
11,2023-04-02,9
11,2023-04-14,1
11,2023-04-18,2
11,2023-04-20,5
11,2023-04-25,10
11,2023-04-28,1
12,2023-11-06,1
12,2023-11-15,8
12,2023-11-22,2
12,2023-12-13,4
12,2023-12-24,2
12,2023-12-26,2
12,2023-12-28,5
12,2024-01-02,3
12,2024-01-04,5
12,2024-01-08,8
12,2024-01-13,4
12,2024-01-19,1
12,2024-01-25,4
12,2024-02-05,3
12,2024-02-06,10
13,2023-08-16,9
13,2023-08-21,9
13,2023-08-24,5
13,2023-08-26,9
13,2023-09-09,0
13,2023-09-12,0
13,2023-10-08,1
13,2023-10-12,0
13,2023-10-14,10
13,2023-10-18,9
13,2023-10-19,4
13,2023-10-22,10
13,2023-10-24,3
13,2023-10-26,9
13,2023-10-28,6
14,2023-01-20,0
14,2023-01-26,2
14,2023-02-17,7
14,2023-02-23,6
14,2023-02-24,7
14,2023-03-09,7
14,2023-03-16,3
14,2023-03-19,5
14,2023-03-21,9
14,2023-03-27,2
14,2023-04-06,5
14,2023-04-07,5
14,2023-04-08,5
14,2023-04-09,6
14,2023-04-14,2
15,2023-01-22,4
15,2023-01-28,6
15,2023-01-29,9
15,2023-01-31,6
15,2023-02-03,3
15,2023-02-15,2
15,2023-02-16,5
15,2023-02-19,9
15,2023-02-25,5
15,2023-03-04,3
15,2023-03-14,2
15,2023-03-16,7
15,2023-03-22,8
15,2023-03-28,7
15,2023-04-23,7
16,2023-02-19,10
16,2023-02-23,7
16,2023-02-28,4
16,2023-03-16,8
16,2023-03-19,0
16,2023-03-25,1
16,2023-03-28,6
16,2023-04-03,2
16,2023-04-08,4
16,2023-04-16,5
16,2023-04-21,6
16,2023-04-22,5
16,2023-05-02,0
16,2023-05-04,6
16,2023-05-11,0
17,2023-05-01,1
17,2023-05-16,2
17,2023-05-27,1
17,2023-05-28,6
17,2023-06-07,5
17,2023-06-10,5
17,2023-06-18,8
17,2023-06-25,5
17,2023-07-01,2
17,2023-07-02,3
17,2023-07-03,9
17,2023-07-09,8
17,2023-07-10,6
17,2023-07-18,8
17,2023-07-28,0
18,2023-05-04,6
18,2023-05-05,9
18,2023-05-17,4
18,2023-05-19,9
18,2023-05-20,5
18,2023-06-09,8
18,2023-06-10,8
18,2023-06-11,8
18,2023-06-27,7
18,2023-06-29,9
18,2023-07-04,4
18,2023-07-05,7
18,2023-07-16,0
18,2023-07-17,5
18,2023-07-30,5
19,2023-09-19,3
19,2023-09-30,0
19,2023-10-19,9
19,2023-10-25,7
19,2023-11-08,2
19,2023-11-15,8
19,2023-11-28,10
19,2023-11-29,9
19,2023-12-01,6
19,2023-12-05,2
19,2023-12-08,10
19,2023-12-11,3
19,2023-12-13,0
19,2023-12-17,9
19,2023-12-24,1
20,2023-11-07,0
20,2023-11-24,2
20,2023-11-29,8
20,2023-12-01,3
20,2023-12-15,8
20,2023-12-27,5
20,2023-12-28,10
20,2023-12-31,7
20,2024-01-04,8
20,2024-01-08,6
20,2024-01-22,5
20,2024-02-01,2
20,2024-02-06,7
20,2024-02-07,8
20,2024-02-12,5
21,2023-02-07,4
21,2023-02-14,3
21,2023-02-16,4
21,2023-02-18,4
21,2023-02-28,3
21,2023-03-16,7
21,2023-03-24,5
21,2023-03-26,7
21,2023-04-02,5
21,2023-04-06,8
21,2023-04-10,4
21,2023-04-11,4
21,2023-04-12,1
21,2023-04-16,9
21,2023-04-22,10
22,2023-10-20,7
22,2023-10-25,3
22,2023-11-02,3
22,2023-11-16,8
22,2023-11-20,4
22,2023-11-21,8
22,2023-11-28,4
22,2023-12-02,2
22,2023-12-04,1
22,2023-12-10,9
22,2023-12-23,9
22,2024-01-06,3
22,2024-01-14,3
22,2024-01-18,0
22,2024-01-21,10
23,2023-04-12,2
23,2023-04-18,6
23,2023-04-24,10
23,2023-04-29,7
23,2023-05-10,7
23,2023-05-11,10
23,2023-05-24,3
23,2023-06-03,4
23,2023-06-11,5
23,2023-06-18,4
23,2023-06-21,10
23,2023-07-02,0
23,2023-07-08,1
23,2023-07-12,10
23,2023-07-19,9
24,2023-11-30,9
24,2023-12-03,1
24,2023-12-21,5
24,2023-12-22,4
24,2023-12-28,7
24,2024-01-05,10
24,2024-01-06,8
24,2024-01-18,8
24,2024-01-21,7
24,2024-01-31,2
24,2024-02-05,8
24,2024-02-09,7
24,2024-02-29,4
24,2024-03-02,3
24,2024-03-03,1
25,2023-12-27,3
25,2024-01-15,2
25,2024-01-18,9
25,2024-01-27,10
25,2024-02-01,6
25,2024-02-06,6
25,2024-02-07,8
25,2024-02-22,5
25,2024-03-07,1
25,2024-03-17,6
25,2024-03-21,10
25,2024-03-26,1
25,2024-03-28,2
25,2024-03-29,2
25,2024-03-31,7
26,2023-10-07,4
26,2023-10-08,10
26,2023-11-06,5
26,2023-11-07,3
26,2023-11-09,0
26,2023-11-10,10
26,2023-11-14,1
26,2023-11-17,7
26,2023-11-18,4
26,2023-11-25,2
26,2023-12-03,6
26,2023-12-19,10
26,2023-12-20,8
26,2024-01-07,4
26,2024-01-11,1
27,2023-08-20,8
27,2023-08-22,10
27,2023-08-31,3
27,2023-09-09,3
27,2023-09-19,10
27,2023-09-25,9
27,2023-09-30,1
27,2023-10-02,8
27,2023-10-03,7
27,2023-10-12,8
27,2023-10-19,5
27,2023-10-20,1
27,2023-10-23,9
27,2023-10-31,1
27,2023-11-06,0
28,2023-05-07,7
28,2023-05-12,1
28,2023-05-14,8
28,2023-05-18,7
28,2023-05-19,0
28,2023-06-03,7
28,2023-06-18,2
28,2023-06-26,8
28,2023-06-28,6
28,2023-06-30,7
28,2023-07-02,9
28,2023-07-05,0
28,2023-07-06,8
28,2023-07-19,7
28,2023-07-23,10
29,2023-08-18,8
29,2023-08-20,0
29,2023-08-23,1
29,2023-08-26,7
29,2023-08-27,0
29,2023-09-14,4
29,2023-09-19,6
29,2023-09-26,2
29,2023-10-01,2
29,2023-10-07,10
29,2023-10-11,10
29,2023-10-31,6
29,2023-11-15,5
29,2023-11-18,6
29,2023-11-21,7
30,2023-11-08,3
30,2023-11-13,0
30,2023-11-14,0
30,2023-11-15,4
30,2023-11-20,7
30,2023-12-12,10
30,2023-12-16,8
30,2023-12-18,6
30,2024-01-04,8
30,2024-01-05,6
30,2024-01-06,3
30,2024-01-20,3
30,2024-01-21,7
30,2024-01-24,5
30,2024-01-30,2
31,2023-05-25,9
31,2023-05-27,0
31,2023-05-31,7
31,2023-06-04,9
31,2023-06-06,10
31,2023-06-16,0
31,2023-06-18,3
31,2023-06-22,0
31,2023-06-27,6
31,2023-07-15,7
31,2023-08-09,3
31,2023-08-15,8
31,2023-08-23,3
31,2023-08-28,0
31,2023-08-29,2
32,2023-01-22,3
32,2023-02-02,6
32,2023-02-03,4
32,2023-02-10,4
32,2023-02-11,0
32,2023-02-13,8
32,2023-02-14,9
32,2023-03-09,2
32,2023-03-11,10
32,2023-03-18,10
32,2023-03-21,6
32,2023-03-29,8
32,2023-03-31,7
32,2023-04-07,0
32,2023-04-12,5
33,2023-04-11,3
33,2023-04-15,4
33,2023-04-22,2
33,2023-04-30,7
33,2023-05-02,0
33,2023-05-10,8
33,2023-05-14,6
33,2023-05-15,6
33,2023-05-22,8
33,2023-05-29,8
33,2023-05-30,2
33,2023-06-13,6
33,2023-06-16,3
33,2023-06-20,4
33,2023-06-27,3
34,2023-12-29,1
34,2023-12-30,3
34,2024-01-03,9
34,2024-01-04,10
34,2024-01-17,8
34,2024-01-27,3
34,2024-02-04,7
34,2024-02-09,3
34,2024-02-10,5
34,2024-02-19,4
34,2024-03-01,0
34,2024-03-10,3
34,2024-03-15,3
34,2024-03-19,1
34,2024-03-25,7
35,2023-08-31,5
35,2023-09-04,4
35,2023-09-05,4
35,2023-09-10,5
35,2023-09-15,8
35,2023-09-22,7
35,2023-09-24,7
35,2023-10-03,1
35,2023-10-12,7
35,2023-10-14,5
35,2023-10-21,3
35,2023-10-27,5
35,2023-11-02,5
35,2023-11-03,6
35,2023-11-12,0
36,2023-06-26,6
36,2023-07-12,9
36,2023-07-13,3
36,2023-07-19,7
36,2023-07-22,8
36,2023-07-23,10
36,2023-07-27,10
36,2023-07-31,5
36,2023-08-05,4
36,2023-08-16,7
36,2023-09-02,10
36,2023-09-04,7
36,2023-09-06,7
36,2023-09-24,2
36,2023-09-26,5
37,2023-05-23,6
37,2023-05-27,2
37,2023-05-29,10
37,2023-05-30,3
37,2023-06-01,1
37,2023-06-09,2
37,2023-06-13,0
37,2023-06-15,3
37,2023-07-24,8
37,2023-07-29,7
37,2023-07-31,5
37,2023-08-13,0
37,2023-08-16,9
37,2023-08-23,10
37,2023-08-28,10
38,2023-03-21,10
38,2023-03-22,6
38,2023-03-23,2
38,2023-04-25,1
38,2023-04-26,1
38,2023-05-12,8
38,2023-05-21,2
38,2023-05-22,3
38,2023-05-24,3
38,2023-05-27,9
38,2023-05-28,8
38,2023-05-30,4
38,2023-06-07,5
38,2023-06-13,4
38,2023-06-21,6
39,2023-04-25,6
39,2023-05-01,8
39,2023-05-02,7
39,2023-05-19,0
39,2023-05-22,10
39,2023-05-29,0
39,2023-06-07,2
39,2023-06-08,1
39,2023-06-11,7
39,2023-06-18,6
39,2023-07-02,10
39,2023-07-13,5
39,2023-07-17,9
39,2023-07-19,1
39,2023-07-27,8
40,2023-06-26,0
40,2023-06-27,3
40,2023-07-01,9
40,2023-07-14,2
40,2023-07-19,6
40,2023-07-21,1
40,2023-07-26,4
40,2023-07-27,2
40,2023-08-01,9
40,2023-08-21,3
40,2023-08-30,9
40,2023-09-02,6
40,2023-09-14,10
40,2023-09-17,8
40,2023-09-18,5
41,2023-02-28,5
41,2023-03-03,9
41,2023-03-04,9
41,2023-03-06,9
41,2023-03-11,6
41,2023-03-23,5
41,2023-04-07,0
41,2023-04-12,10
41,2023-04-18,4
41,2023-04-27,7
41,2023-05-21,7
41,2023-05-25,3
41,2023-05-27,5
41,2023-05-28,8
41,2023-05-29,6
42,2023-02-26,6
42,2023-02-27,10
42,2023-03-08,2
42,2023-03-12,6
42,2023-03-20,5
42,2023-03-23,5
42,2023-03-26,1
42,2023-04-06,1
42,2023-04-13,0
42,2023-05-02,4
42,2023-05-07,7
42,2023-05-12,5
42,2023-05-15,4
42,2023-05-19,1
42,2023-05-26,2
43,2023-07-15,4
43,2023-07-17,6
43,2023-07-25,6
43,2023-07-27,1
43,2023-08-06,8
43,2023-08-24,3
43,2023-08-28,9
43,2023-09-01,8
43,2023-09-04,2
43,2023-09-07,10
43,2023-09-09,6
43,2023-09-17,2
43,2023-09-22,2
43,2023-09-23,4
43,2023-09-28,4
44,2023-02-27,10
44,2023-02-28,7
44,2023-03-09,9
44,2023-03-12,9
44,2023-03-22,3
44,2023-03-23,7
44,2023-03-25,1
44,2023-03-26,2
44,2023-03-29,4
44,2023-04-06,0
44,2023-04-13,6
44,2023-04-15,5
44,2023-04-21,9
44,2023-04-23,6
44,2023-05-22,5
45,2023-07-20,5
45,2023-07-25,4
45,2023-07-28,10
45,2023-08-10,7
45,2023-08-12,9
45,2023-08-13,3
45,2023-08-14,5
45,2023-08-22,6
45,2023-08-27,4
45,2023-08-28,6
45,2023-09-02,5
45,2023-09-17,1
45,2023-09-18,9
45,2023-09-24,3
45,2023-09-29,9
46,2023-06-29,10
46,2023-07-04,7
46,2023-07-19,2
46,2023-07-22,10
46,2023-08-02,4
46,2023-08-17,3
46,2023-08-21,4
46,2023-08-24,10
46,2023-09-03,2
46,2023-09-04,6
46,2023-09-21,6
46,2023-09-22,1
46,2023-09-24,7
46,2023-09-27,9
46,2023-10-02,7
47,2023-11-10,3
47,2023-11-16,10
47,2023-11-19,10
47,2023-12-22,5
47,2023-12-27,2
47,2023-12-29,10
47,2024-01-09,9
47,2024-01-13,0
47,2024-01-14,9
47,2024-01-19,10
47,2024-01-21,10
47,2024-01-26,10
47,2024-02-02,6
47,2024-02-03,5
47,2024-02-12,6
48,2023-05-17,7
48,2023-05-28,10
48,2023-05-29,9
48,2023-06-13,8
48,2023-06-18,2
48,2023-07-02,5
48,2023-07-05,0
48,2023-07-12,7
48,2023-07-20,1
48,2023-07-21,4
48,2023-07-26,6
48,2023-07-28,1
48,2023-07-29,1
48,2023-08-12,2
48,2023-08-19,5
49,2023-01-31,4
49,2023-02-04,0
49,2023-02-18,1
49,2023-03-03,0
49,2023-03-04,5
49,2023-03-07,10
49,2023-03-08,1
49,2023-03-20,10
49,2023-03-21,2
49,2023-03-22,3
49,2023-03-24,8
49,2023-03-25,2
49,2023-03-30,8
49,2023-04-22,2
49,2023-04-25,5
50,2023-08-27,7
50,2023-09-16,9
50,2023-09-18,6
50,2023-09-22,6
50,2023-10-13,0
50,2023-10-14,3
50,2023-10-17,3
50,2023-10-18,4
50,2023-10-22,1
50,2023-11-03,9
50,2023-11-10,1
50,2023-11-12,8
50,2023-11-13,2
50,2023-11-16,5
50,2023-11-26,5
51,2023-10-16,5
51,2023-10-27,7
51,2023-11-04,9
51,2023-11-11,2
51,2023-11-15,10
51,2023-11-20,4
51,2023-11-21,9
51,2023-11-29,9
51,2023-12-03,1
51,2023-12-08,10
51,2023-12-16,2
51,2023-12-17,5
51,2023-12-19,1
51,2023-12-22,3
51,2023-12-26,4
52,2023-03-19,10
52,2023-03-22,2
52,2023-03-23,8
52,2023-03-28,2
52,2023-04-21,7
52,2023-04-23,4
52,2023-04-27,2
52,2023-04-28,2
52,2023-05-06,5
52,2023-05-09,7
52,2023-05-12,9
52,2023-05-17,0
52,2023-05-20,5
52,2023-05-25,0
52,2023-06-01,7
53,2023-07-23,9
53,2023-07-30,0
53,2023-08-03,3
53,2023-08-06,4
53,2023-08-31,0
53,2023-09-03,4
53,2023-09-04,3
53,2023-09-07,8
53,2023-09-13,4
53,2023-09-14,2
53,2023-09-15,7
53,2023-09-22,9
53,2023-10-04,7
53,2023-10-08,8
53,2023-10-11,8
54,2023-02-15,10
54,2023-02-23,3
54,2023-02-24,4
54,2023-03-09,0
54,2023-03-16,7
54,2023-03-28,4
54,2023-04-05,5
54,2023-04-07,1
54,2023-04-20,7
54,2023-04-24,1
54,2023-05-13,3
54,2023-05-15,3
54,2023-05-17,9
54,2023-05-18,5
54,2023-05-20,9
55,2023-10-17,4
55,2023-10-27,9
55,2023-10-31,4
55,2023-11-05,8
55,2023-11-14,10
55,2023-11-16,1
55,2023-11-20,2
55,2023-11-23,6
55,2023-12-03,0
55,2023-12-17,4
55,2023-12-21,10
55,2023-12-25,2
55,2023-12-27,2
55,2023-12-29,3
55,2024-01-08,2
56,2023-06-09,10
56,2023-06-18,1
56,2023-07-01,6
56,2023-07-04,8
56,2023-07-11,4
56,2023-07-18,5
56,2023-07-20,7
56,2023-07-23,7
56,2023-07-27,5
56,2023-08-01,9
56,2023-08-12,0
56,2023-08-19,1
56,2023-08-25,7
56,2023-08-30,10
56,2023-09-05,10
57,2023-11-26,9
57,2023-12-04,7
57,2023-12-15,5
57,2023-12-22,10
57,2023-12-24,0
57,2023-12-29,0
57,2023-12-31,1
57,2024-01-02,10
57,2024-01-07,7
57,2024-01-11,0
57,2024-01-20,1
57,2024-01-25,2
57,2024-01-27,7
57,2024-01-30,7
57,2024-02-15,0
58,2023-11-23,0
58,2023-11-24,6
58,2023-11-29,10
58,2023-12-03,4
58,2023-12-04,3
58,2023-12-08,6
58,2023-12-15,10
58,2023-12-18,1
58,2023-12-21,1
58,2023-12-29,0
58,2023-12-30,3
58,2024-01-06,7
58,2024-02-04,1
58,2024-02-06,2
58,2024-02-09,9
59,2023-07-06,1
59,2023-07-14,1
59,2023-07-20,1
59,2023-07-21,5
59,2023-08-02,5
59,2023-08-03,4
59,2023-08-17,2
59,2023-08-23,6
59,2023-08-28,2
59,2023-08-30,10
59,2023-09-04,10
59,2023-09-09,2
59,2023-09-30,1
59,2023-10-01,8
59,2023-10-02,9
60,2023-10-24,2
60,2023-11-03,1
60,2023-11-04,9
60,2023-11-11,6
60,2023-11-13,5
60,2023-11-19,6
60,2023-12-06,5
60,2023-12-14,2
60,2023-12-18,3
60,2024-01-09,4
60,2024-01-11,10
60,2024-01-14,1
60,2024-01-18,3
60,2024-01-23,8
60,2024-01-26,9
61,2023-04-12,4
61,2023-05-03,10
61,2023-05-05,0
61,2023-05-15,3
61,2023-05-17,7
61,2023-05-29,6
61,2023-06-13,1
61,2023-06-14,3
61,2023-06-24,7
61,2023-06-25,10
61,2023-07-02,9
61,2023-07-06,1
61,2023-07-10,8
61,2023-07-13,0
61,2023-07-17,5
62,2023-12-29,1
62,2024-01-05,0
62,2024-01-12,4
62,2024-01-18,3
62,2024-02-05,0
62,2024-02-11,0
62,2024-02-14,6
62,2024-02-18,8
62,2024-02-25,4
62,2024-03-05,10
62,2024-03-08,8
62,2024-03-11,6
62,2024-03-23,6
62,2024-04-02,6
62,2024-04-03,1
63,2023-02-15,10
63,2023-02-24,1
63,2023-03-03,4
63,2023-03-12,6
63,2023-03-16,3
63,2023-03-18,0
63,2023-03-27,3
63,2023-04-11,1
63,2023-04-14,6
63,2023-04-21,1
63,2023-04-24,7
63,2023-04-27,9
63,2023-04-29,9
63,2023-05-03,0
63,2023-05-13,4
64,2023-01-25,2
64,2023-02-08,5
64,2023-02-10,2
64,2023-02-13,4
64,2023-02-15,1
64,2023-02-26,0
64,2023-03-09,5
64,2023-03-28,6
64,2023-03-31,4
64,2023-04-18,8
64,2023-04-19,1
64,2023-04-23,4
64,2023-04-24,9
64,2023-04-26,10
64,2023-04-28,1
65,2023-12-12,1
65,2023-12-18,3
65,2023-12-25,8
65,2023-12-26,0
65,2024-01-06,0
65,2024-01-20,0
65,2024-01-21,3
65,2024-02-01,0
65,2024-02-06,7
65,2024-02-08,5
65,2024-02-15,6
65,2024-02-16,2
65,2024-02-29,2
65,2024-03-06,0
65,2024-03-12,8
66,2023-05-06,10
66,2023-05-12,0
66,2023-05-25,2
66,2023-05-28,3
66,2023-05-31,8
66,2023-06-06,0
66,2023-06-07,6
66,2023-06-13,1
66,2023-06-19,7
66,2023-06-30,4
66,2023-07-09,4
66,2023-07-19,5
66,2023-07-27,1
66,2023-07-28,8
66,2023-07-30,7
67,2023-05-30,8
67,2023-06-23,3
67,2023-06-29,2
67,2023-07-05,0
67,2023-07-06,6
67,2023-07-15,0
67,2023-07-27,3
67,2023-07-31,8
67,2023-08-09,5
67,2023-08-12,10
67,2023-08-16,0
67,2023-08-30,5
67,2023-08-31,0
67,2023-09-04,10
67,2023-09-05,6
68,2023-02-15,3
68,2023-02-17,8
68,2023-02-21,6
68,2023-02-23,5
68,2023-02-28,7
68,2023-03-08,1
68,2023-03-12,9
68,2023-03-17,1
68,2023-03-21,8
68,2023-04-04,2
68,2023-04-13,10
68,2023-04-18,6
68,2023-05-12,1
68,2023-05-14,9
68,2023-05-15,9
69,2023-05-07,1
69,2023-05-16,3
69,2023-05-29,2
69,2023-05-30,9
69,2023-06-02,1
69,2023-06-03,2
69,2023-06-06,1
69,2023-06-09,2
69,2023-06-10,7
69,2023-06-19,7
69,2023-06-24,5
69,2023-06-26,6
69,2023-07-23,1
69,2023-07-28,8
69,2023-08-02,5
70,2023-02-26,3
70,2023-03-04,5
70,2023-03-08,2
70,2023-03-13,1
70,2023-03-19,3
70,2023-03-26,5
70,2023-03-31,6
70,2023-04-01,8
70,2023-04-19,0
70,2023-04-21,10
70,2023-05-09,4
70,2023-05-19,4
70,2023-05-21,2
70,2023-05-22,0
70,2023-05-30,6
71,2023-07-15,3
71,2023-07-21,6
71,2023-07-26,5
71,2023-07-27,10
71,2023-07-29,10
71,2023-07-30,10
71,2023-07-31,1
71,2023-08-11,9
71,2023-08-14,9
71,2023-09-09,4
71,2023-09-11,1
71,2023-09-22,0
71,2023-09-23,1
71,2023-10-17,3
71,2023-10-21,10
72,2023-05-26,6
72,2023-05-28,10
72,2023-05-29,6
72,2023-06-03,2
72,2023-06-07,5
72,2023-06-08,3
72,2023-06-13,2
72,2023-07-04,4
72,2023-07-12,4
72,2023-07-17,7
72,2023-07-18,2
72,2023-07-21,0
72,2023-07-25,9
72,2023-08-04,9
72,2023-08-23,9
73,2023-08-28,3
73,2023-09-01,10
73,2023-09-07,8
73,2023-09-15,0
73,2023-09-21,6
73,2023-09-25,5
73,2023-09-27,7
73,2023-10-09,8
73,2023-10-12,7
73,2023-10-13,5
73,2023-10-21,9
73,2023-10-23,8
73,2023-10-27,5
73,2023-10-30,6
73,2023-11-11,4
74,2023-11-25,1
74,2023-11-29,3
74,2023-12-12,10
74,2023-12-15,3
74,2023-12-20,4
74,2023-12-21,8
74,2023-12-27,0
74,2024-01-01,3
74,2024-01-06,9
74,2024-01-21,6
74,2024-01-28,5
74,2024-02-04,2
74,2024-02-06,2
74,2024-02-28,3
74,2024-02-29,9
75,2023-07-09,0
75,2023-07-24,1
75,2023-07-28,0
75,2023-07-30,3
75,2023-08-14,9
75,2023-08-15,3
75,2023-08-20,0
75,2023-09-06,8
75,2023-09-07,7
75,2023-09-13,0
75,2023-09-16,5
75,2023-09-19,9
75,2023-10-03,3
75,2023-10-04,2
75,2023-10-08,5
76,2023-03-27,6
76,2023-04-01,9
76,2023-04-03,1
76,2023-04-08,5
76,2023-04-12,4
76,2023-04-16,5
76,2023-05-05,2
76,2023-05-10,2
76,2023-05-11,6
76,2023-05-31,10
76,2023-06-08,7
76,2023-06-17,10
76,2023-06-23,5
76,2023-06-24,2
76,2023-07-02,8
77,2023-07-09,6
77,2023-07-25,9
77,2023-07-31,0
77,2023-08-06,2
77,2023-08-15,9
77,2023-08-17,5
77,2023-08-23,9
77,2023-08-26,3
77,2023-09-20,10
77,2023-09-22,9
77,2023-09-25,1
77,2023-10-02,7
77,2023-10-05,2
77,2023-10-06,5
77,2023-10-10,1
78,2023-07-02,1
78,2023-07-12,5
78,2023-07-22,4
78,2023-07-27,1
78,2023-07-31,0
78,2023-08-01,0
78,2023-08-03,6
78,2023-08-10,7
78,2023-08-12,6
78,2023-08-14,2
78,2023-08-27,6
78,2023-09-20,7
78,2023-09-24,6
78,2023-09-29,5
78,2023-10-02,8
79,2023-04-20,4
79,2023-04-22,1
79,2023-04-27,1
79,2023-04-30,5
79,2023-05-08,2
79,2023-05-16,6
79,2023-05-25,2
79,2023-05-28,1
79,2023-06-05,8
79,2023-06-14,1
79,2023-06-18,5
79,2023-06-30,9
79,2023-07-10,9
79,2023-07-14,7
79,2023-07-24,0
80,2023-12-16,8
80,2023-12-22,4
80,2023-12-30,10
80,2023-12-31,4
80,2024-01-03,4
80,2024-01-05,3
80,2024-01-21,1
80,2024-01-31,0
80,2024-02-03,6
80,2024-02-18,9
80,2024-02-25,8
80,2024-03-02,7
80,2024-03-08,2
80,2024-03-11,0
80,2024-03-12,5
81,2023-05-17,7
81,2023-05-20,1
81,2023-05-27,4
81,2023-05-28,6
81,2023-05-29,7
81,2023-06-07,7
81,2023-06-11,10
81,2023-06-12,4
81,2023-06-23,1
81,2023-07-10,10
81,2023-07-17,8
81,2023-08-01,6
81,2023-08-05,2
81,2023-08-06,5
81,2023-08-09,6
82,2023-12-31,1
82,2024-01-02,1
82,2024-01-14,10
82,2024-01-18,5
82,2024-01-23,8
82,2024-01-28,6
82,2024-01-29,9
82,2024-02-11,3
82,2024-02-20,8
82,2024-02-21,0
82,2024-02-23,6
82,2024-03-07,8
82,2024-03-20,6
82,2024-03-24,8
82,2024-03-31,10
83,2023-12-20,7
83,2023-12-26,2
83,2023-12-31,2
83,2024-01-03,3
83,2024-01-15,3
83,2024-01-23,2
83,2024-02-04,0
83,2024-02-14,6
83,2024-02-18,1
83,2024-02-20,10
83,2024-02-27,6
83,2024-03-04,3
83,2024-03-11,10
83,2024-03-16,2
83,2024-03-21,9
84,2023-11-29,9
84,2023-12-06,9
84,2023-12-09,8
84,2023-12-31,6
84,2024-01-02,1
84,2024-01-07,6
84,2024-01-08,2
84,2024-01-16,2
84,2024-01-17,9
84,2024-01-25,9
84,2024-02-02,9
84,2024-02-06,1
84,2024-02-07,1
84,2024-02-25,9
84,2024-02-29,1
85,2023-02-10,2
85,2023-02-28,9
85,2023-03-11,9
85,2023-03-13,10
85,2023-03-14,6
85,2023-03-22,0
85,2023-03-27,6
85,2023-03-29,5
85,2023-03-30,3
85,2023-04-07,0
85,2023-04-09,7
85,2023-04-15,4
85,2023-04-20,5
85,2023-04-24,0
85,2023-04-30,5
86,2023-11-20,6
86,2023-11-25,9
86,2023-12-07,10
86,2023-12-12,1
86,2023-12-13,3
86,2023-12-16,7
86,2023-12-17,3
86,2023-12-19,6
86,2024-01-03,7
86,2024-01-09,8
86,2024-02-03,5
86,2024-02-05,0
86,2024-02-09,8
86,2024-02-11,2
86,2024-02-15,1
87,2023-11-25,7
87,2023-11-26,0
87,2023-11-29,5
87,2023-12-09,3
87,2023-12-14,4
87,2023-12-16,5
87,2023-12-17,7
87,2023-12-23,8
87,2023-12-31,6
87,2024-01-12,10
87,2024-01-25,1
87,2024-01-28,10
87,2024-02-02,0
87,2024-02-20,3
87,2024-02-29,5
88,2023-04-01,6
88,2023-04-09,0
88,2023-04-18,2
88,2023-04-20,9
88,2023-05-01,3
88,2023-05-04,3
88,2023-05-12,10
88,2023-05-25,3
88,2023-05-28,10
88,2023-05-30,3
88,2023-06-07,4
88,2023-06-12,10
88,2023-06-13,6
88,2023-06-25,8
88,2023-07-02,0
89,2023-10-02,10
89,2023-10-17,4
89,2023-10-23,6
89,2023-10-29,6
89,2023-11-02,5
89,2023-11-09,7
89,2023-11-30,4
89,2023-12-16,3
89,2023-12-17,7
89,2023-12-22,4
89,2023-12-27,10
89,2023-12-30,8
89,2023-12-31,9
89,2024-01-07,6
89,2024-01-08,9
90,2023-05-06,4
90,2023-05-14,10
90,2023-05-19,5
90,2023-06-11,4
90,2023-06-13,4
90,2023-06-18,10
90,2023-06-22,10
90,2023-07-06,4
90,2023-07-10,3
90,2023-07-16,2
90,2023-07-21,8
90,2023-07-22,3
90,2023-07-27,0
90,2023-07-29,9
90,2023-08-01,6
91,2023-03-28,9
91,2023-03-29,9
91,2023-04-11,3
91,2023-04-27,5
91,2023-05-01,3
91,2023-05-04,10
91,2023-05-13,8
91,2023-05-15,10
91,2023-05-17,7
91,2023-05-27,10
91,2023-06-16,5
91,2023-06-17,8
91,2023-06-20,4
91,2023-06-25,2
91,2023-06-27,10
92,2023-09-05,5
92,2023-09-06,3
92,2023-09-10,4
92,2023-09-17,6
92,2023-09-22,5
92,2023-09-27,5
92,2023-10-01,4
92,2023-10-06,9
92,2023-10-24,4
92,2023-11-04,7
92,2023-11-16,1
92,2023-11-20,7
92,2023-11-25,0
92,2023-11-27,10
92,2023-11-30,9
93,2023-07-20,3
93,2023-07-23,5
93,2023-07-29,6
93,2023-07-31,9
93,2023-08-02,7
93,2023-08-07,2
93,2023-08-21,5
93,2023-08-31,2
93,2023-09-04,1
93,2023-09-12,7
93,2023-09-16,5
93,2023-09-19,10
93,2023-09-26,2
93,2023-10-01,5
93,2023-10-09,10
94,2023-05-19,10
94,2023-05-26,6
94,2023-05-30,6
94,2023-06-04,6
94,2023-06-08,7
94,2023-06-09,6
94,2023-06-14,0
94,2023-06-23,0
94,2023-07-13,8
94,2023-07-15,3
94,2023-07-20,5
94,2023-07-31,0
94,2023-08-05,5
94,2023-08-24,8
94,2023-08-26,3
95,2023-11-24,4
95,2023-11-26,2
95,2023-12-07,1
95,2023-12-10,0
95,2023-12-22,4
95,2023-12-25,4
95,2024-01-02,7
95,2024-01-07,8
95,2024-01-12,9
95,2024-01-27,8
95,2024-02-07,5
95,2024-02-12,6
95,2024-02-18,10
95,2024-02-20,2
95,2024-02-25,5
96,2023-12-21,5
96,2024-01-03,10
96,2024-01-04,0
96,2024-01-09,6
96,2024-01-12,10
96,2024-01-15,4
96,2024-01-16,8
96,2024-01-17,9
96,2024-02-02,0
96,2024-02-08,9
96,2024-02-19,0
96,2024-02-21,10
96,2024-03-03,1
96,2024-03-21,10
96,2024-03-24,0
97,2023-10-19,0
97,2023-10-27,4
97,2023-10-28,6
97,2023-11-01,10
97,2023-11-08,1
97,2023-11-14,10
97,2023-11-30,8
97,2023-12-05,4
97,2023-12-08,9
97,2023-12-12,9
97,2023-12-22,2
97,2024-01-01,6
97,2024-01-08,1
97,2024-01-09,8
97,2024-01-10,9
98,2023-05-06,0
98,2023-05-07,8
98,2023-05-08,7
98,2023-05-13,3
98,2023-05-18,7
98,2023-05-26,5
98,2023-05-29,3
98,2023-05-30,0
98,2023-06-07,0
98,2023-06-14,10
98,2023-06-25,1
98,2023-06-28,1
98,2023-07-09,9
98,2023-07-22,10
98,2023-07-31,7
99,2023-12-23,1
99,2023-12-26,2
99,2023-12-28,0
99,2023-12-29,4
99,2024-01-05,5
99,2024-01-15,10
99,2024-01-18,5
99,2024-01-19,6
99,2024-01-23,1
99,2024-02-13,1
99,2024-02-14,0
99,2024-02-20,0
99,2024-03-08,2
99,2024-03-18,10
99,2024-03-25,10
100,2023-06-27,7
100,2023-06-30,6
100,2023-07-07,10
100,2023-07-09,2
100,2023-07-20,1
100,2023-07-28,2
100,2023-07-29,0
100,2023-07-31,2
100,2023-08-02,1
100,2023-08-04,6
100,2023-08-06,9
100,2023-08-11,7
100,2023-08-13,9
100,2023-09-03,10
100,2023-09-17,7
101,2023-02-01,1
101,2023-02-03,4
101,2023-02-12,10
101,2023-02-14,5
101,2023-02-21,0
101,2023-03-15,10
101,2023-03-18,8
101,2023-03-22,9
101,2023-03-26,9
101,2023-03-31,3
101,2023-04-01,10
101,2023-04-17,5
101,2023-04-26,8
101,2023-05-02,8
101,2023-05-08,9
102,2023-04-29,10
102,2023-05-04,2
102,2023-05-10,8
102,2023-05-17,7
102,2023-05-29,7
102,2023-06-11,2
102,2023-06-16,1
102,2023-06-22,7
102,2023-06-28,5
102,2023-07-08,3
102,2023-07-15,5
102,2023-07-19,4
102,2023-07-21,0
102,2023-07-23,8
102,2023-07-30,3
103,2023-01-27,10
103,2023-01-28,0
103,2023-02-01,1
103,2023-02-16,6
103,2023-02-26,6
103,2023-03-06,0
103,2023-03-09,8
103,2023-03-14,8
103,2023-03-15,0
103,2023-03-16,1
103,2023-03-21,9
103,2023-03-28,9
103,2023-03-31,10
103,2023-04-09,4
103,2023-04-22,8
104,2023-06-17,10
104,2023-07-07,5
104,2023-07-09,7
104,2023-07-23,1
104,2023-07-24,1
104,2023-07-27,10
104,2023-08-08,3
104,2023-08-10,0
104,2023-08-21,5
104,2023-08-26,5
104,2023-08-29,10
104,2023-09-02,4
104,2023-09-04,8
104,2023-09-10,8
104,2023-09-17,5
105,2023-07-30,6
105,2023-08-07,3
105,2023-08-09,7
105,2023-08-11,3
105,2023-08-15,5
105,2023-08-18,1
105,2023-08-19,6
105,2023-08-26,0
105,2023-09-15,10
105,2023-09-26,10
105,2023-10-11,9
105,2023-10-22,1
105,2023-10-24,7
105,2023-10-25,7
105,2023-10-28,10
106,2023-05-18,9
106,2023-05-24,2
106,2023-06-04,2
106,2023-06-09,1
106,2023-07-12,6
106,2023-07-18,10
106,2023-07-20,9
106,2023-07-21,9
106,2023-07-22,5
106,2023-07-24,8
106,2023-07-27,6
106,2023-07-31,6
106,2023-08-01,9
106,2023-08-20,3
106,2023-08-25,4
107,2023-02-20,8
107,2023-03-12,10
107,2023-03-13,3
107,2023-03-15,3
107,2023-03-18,3
107,2023-03-25,9
107,2023-03-27,4
107,2023-04-01,10
107,2023-04-09,5
107,2023-04-14,10
107,2023-04-21,2
107,2023-05-03,10
107,2023-05-05,2
107,2023-05-08,8
107,2023-05-09,8
108,2023-05-03,8
108,2023-05-30,4
108,2023-06-03,6
108,2023-06-11,0
108,2023-06-19,8
108,2023-06-29,1
108,2023-07-01,0
108,2023-07-02,6
108,2023-07-09,2
108,2023-07-13,0
108,2023-07-14,10
108,2023-07-16,0
108,2023-07-18,3
108,2023-07-23,4
108,2023-07-25,2
109,2023-10-22,10
109,2023-10-25,8
109,2023-10-31,3
109,2023-11-05,10
109,2023-11-13,8
109,2023-11-19,6
109,2023-11-23,3
109,2023-11-24,8
109,2023-12-02,4
109,2023-12-14,10
109,2023-12-26,0
109,2024-01-04,6
109,2024-01-13,6
109,2024-01-14,6
109,2024-01-22,10
110,2023-06-12,9
110,2023-06-17,8
110,2023-07-06,9
110,2023-07-09,3
110,2023-07-13,3
110,2023-07-21,4
110,2023-07-28,7
110,2023-08-06,2
110,2023-08-20,10
110,2023-08-29,1
110,2023-08-31,2
110,2023-09-01,2
110,2023-09-09,8
110,2023-09-14,1
110,2023-09-18,6
111,2023-04-19,9
111,2023-04-24,0
111,2023-05-05,10
111,2023-05-08,9
111,2023-05-09,10
111,2023-05-21,4
111,2023-05-22,7
111,2023-05-24,9
111,2023-05-30,8
111,2023-05-31,5
111,2023-06-12,1
111,2023-06-17,5
111,2023-06-29,8
111,2023-07-02,3
111,2023-07-18,2
112,2023-12-10,4
112,2023-12-13,3
112,2023-12-22,9
112,2023-12-29,8
112,2023-12-30,7
112,2024-01-13,8
112,2024-01-15,10
112,2024-01-17,0
112,2024-01-22,1
112,2024-01-24,10
112,2024-02-04,5
112,2024-02-06,7
112,2024-02-08,3
112,2024-02-09,10
112,2024-02-24,9
113,2023-09-16,5
113,2023-09-18,8
113,2023-09-27,8
113,2023-10-14,7
113,2023-10-15,7
113,2023-10-19,0
113,2023-10-24,4
113,2023-10-31,10
113,2023-11-01,3
113,2023-11-18,5
113,2023-11-21,8
113,2023-12-01,1
113,2023-12-09,1
113,2023-12-14,2
113,2023-12-20,8
114,2023-07-22,1
114,2023-07-30,10
114,2023-08-04,2
114,2023-08-17,0
114,2023-08-18,7
114,2023-09-14,5
114,2023-09-15,0
114,2023-09-28,1
114,2023-10-10,1
114,2023-10-12,0
114,2023-10-15,2
114,2023-10-17,4
114,2023-10-19,8
114,2023-10-24,1
114,2023-10-29,9
115,2023-11-26,9
115,2023-11-28,1
115,2023-12-11,9
115,2023-12-25,0
115,2023-12-29,1
115,2024-01-05,5
115,2024-01-14,8
115,2024-01-16,1
115,2024-01-17,4
115,2024-01-20,10
115,2024-01-22,4
115,2024-02-02,9
115,2024-02-14,1
115,2024-02-16,4
115,2024-02-20,7
116,2023-08-26,10
116,2023-09-09,10
116,2023-09-10,5
116,2023-09-12,0
116,2023-09-20,8
116,2023-09-29,8
116,2023-09-30,2
116,2023-10-10,1
116,2023-10-12,0
116,2023-10-22,0
116,2023-10-30,9
116,2023-10-31,9
116,2023-11-12,6
116,2023-11-15,8
116,2023-11-26,8
117,2023-03-25,9
117,2023-04-02,4
117,2023-04-04,3
117,2023-04-07,1
117,2023-04-10,2
117,2023-04-11,10
117,2023-04-12,9
117,2023-04-23,0
117,2023-04-28,8
117,2023-05-06,7
117,2023-05-19,10
117,2023-06-05,8
117,2023-06-15,1
117,2023-06-17,4
117,2023-06-18,10
118,2023-05-24,1
118,2023-05-28,3
118,2023-06-01,5
118,2023-06-10,7
118,2023-06-15,7
118,2023-06-17,5
118,2023-06-21,9
118,2023-06-27,10
118,2023-06-30,4
118,2023-07-17,9
118,2023-07-29,2
118,2023-08-03,9
118,2023-08-07,9
118,2023-08-09,5
118,2023-08-16,5
119,2023-03-13,5
119,2023-03-30,7
119,2023-04-03,7
119,2023-04-10,7
119,2023-04-13,5
119,2023-04-17,4
119,2023-04-22,7
119,2023-04-28,8
119,2023-05-06,1
119,2023-05-07,2
119,2023-06-03,10
119,2023-06-07,9
119,2023-06-12,1
119,2023-06-14,4
119,2023-06-15,2
120,2023-05-09,8
120,2023-05-10,4
120,2023-05-11,8
120,2023-05-16,8
120,2023-06-01,7
120,2023-06-03,10
120,2023-06-09,2
120,2023-06-27,5
120,2023-07-10,6
120,2023-07-14,3
120,2023-07-20,9
120,2023-07-21,4
120,2023-07-26,2
120,2023-08-08,7
120,2023-08-13,8
121,2023-10-16,2
121,2023-10-26,9
121,2023-11-01,9
121,2023-11-04,10
121,2023-11-05,2
121,2023-11-14,7
121,2023-11-30,5
121,2023-12-04,0
121,2023-12-11,3
121,2023-12-18,7
121,2023-12-19,3
121,2024-01-01,1
121,2024-01-07,4
121,2024-01-10,5
121,2024-01-19,3
122,2023-10-08,4
122,2023-10-16,9
122,2023-10-29,8
122,2023-11-07,9
122,2023-11-13,2
122,2023-11-18,6
122,2023-11-21,10
122,2023-11-30,6
122,2023-12-02,5
122,2023-12-08,9
122,2023-12-23,10
122,2023-12-25,1
122,2023-12-27,8
122,2024-01-01,4
122,2024-01-05,6
123,2023-05-15,8
123,2023-05-24,10
123,2023-06-01,4
123,2023-06-05,3
123,2023-06-12,2
123,2023-06-13,2
123,2023-06-28,2
123,2023-06-29,5
123,2023-07-05,9
123,2023-07-10,1
123,2023-07-15,10
123,2023-07-16,3
123,2023-07-18,6
123,2023-07-20,5
123,2023-07-31,1
124,2023-10-29,0
124,2023-11-01,9
124,2023-11-12,2
124,2023-11-13,0
124,2023-11-16,2
124,2023-11-22,4
124,2023-11-27,2
124,2023-12-18,8
124,2023-12-27,6
124,2023-12-31,9
124,2024-01-08,9
124,2024-01-10,10
124,2024-01-15,0
124,2024-01-17,10
124,2024-01-21,4
125,2023-08-18,10
125,2023-08-26,8
125,2023-08-29,4
125,2023-08-31,2
125,2023-09-04,10
125,2023-09-05,5
125,2023-09-29,7
125,2023-10-04,9
125,2023-10-07,9
125,2023-10-08,1
125,2023-10-21,3
125,2023-10-23,6
125,2023-10-24,6
125,2023-10-26,2
125,2023-11-14,1
126,2023-10-28,8
126,2023-10-30,1
126,2023-11-07,1
126,2023-11-14,7
126,2023-11-17,10
126,2023-11-20,2
126,2023-12-18,9
126,2023-12-25,8
126,2023-12-29,0
126,2023-12-31,10
126,2024-01-02,10
126,2024-01-10,6
126,2024-01-11,8
126,2024-01-12,6
126,2024-01-21,5
127,2023-07-29,4
127,2023-08-05,7
127,2023-08-10,3
127,2023-08-22,1
127,2023-09-06,4
127,2023-09-10,9
127,2023-09-16,8
127,2023-09-23,6
127,2023-09-29,4
127,2023-10-05,3
127,2023-10-07,0
127,2023-10-21,0
127,2023-10-26,9
127,2023-10-29,8
127,2023-10-30,1
128,2023-07-05,8
128,2023-07-18,6
128,2023-07-24,9
128,2023-07-31,5
128,2023-08-06,9
128,2023-08-07,4
128,2023-08-14,10
128,2023-08-20,6
128,2023-08-22,3
128,2023-08-26,6
128,2023-08-28,8
128,2023-09-09,8
128,2023-09-17,7
128,2023-09-26,2
128,2023-10-01,5
129,2023-05-08,7
129,2023-05-10,2
129,2023-05-22,1
129,2023-05-25,3
129,2023-06-01,8
129,2023-06-06,6
129,2023-06-12,5
129,2023-06-23,8
129,2023-07-03,9
129,2023-07-05,10
129,2023-07-16,0
129,2023-07-22,2
129,2023-07-26,6
129,2023-07-27,10
129,2023-07-31,0
130,2023-03-16,9
130,2023-03-20,10
130,2023-03-22,8
130,2023-03-23,4
130,2023-03-30,9
130,2023-04-09,0
130,2023-04-14,2
130,2023-04-28,10
130,2023-04-30,7
130,2023-05-02,7
130,2023-05-06,0
130,2023-05-11,3
130,2023-05-27,10
130,2023-05-28,8
130,2023-06-12,4
131,2023-09-18,1
131,2023-09-22,4
131,2023-10-08,6
131,2023-10-09,5
131,2023-10-12,10
131,2023-10-17,6
131,2023-10-18,6
131,2023-11-03,9
131,2023-11-22,3
131,2023-11-23,8
131,2023-12-03,0
131,2023-12-05,1
131,2023-12-10,1
131,2023-12-13,8
131,2023-12-16,4
132,2023-09-10,8
132,2023-10-02,1
132,2023-10-04,8
132,2023-10-08,1
132,2023-10-13,8
132,2023-10-15,4
132,2023-10-24,5
132,2023-10-31,1
132,2023-11-01,8
132,2023-11-07,4
132,2023-11-20,8
132,2023-11-22,9
132,2023-11-23,4
132,2023-11-26,7
132,2023-12-11,6
133,2023-02-19,10
133,2023-02-24,3
133,2023-03-02,10
133,2023-03-19,3
133,2023-03-21,5
133,2023-03-31,6
133,2023-04-05,5
133,2023-04-15,8
133,2023-04-18,8
133,2023-04-29,0
133,2023-05-02,4
133,2023-05-14,3
133,2023-05-23,4
133,2023-05-25,1
133,2023-05-26,6
134,2023-02-03,7
134,2023-02-16,3
134,2023-02-17,3
134,2023-02-18,3
134,2023-02-21,4
134,2023-02-28,3
134,2023-03-06,3
134,2023-03-09,3
134,2023-03-11,3
134,2023-03-26,9
134,2023-04-05,5
134,2023-04-08,2
134,2023-04-21,1
134,2023-04-22,1
134,2023-04-30,1
135,2023-02-26,2
135,2023-03-03,8
135,2023-04-02,4
135,2023-04-07,6
135,2023-04-14,3
135,2023-04-28,9
135,2023-04-29,2
135,2023-04-30,0
135,2023-05-06,8
135,2023-05-10,6
135,2023-05-15,7
135,2023-05-16,8
135,2023-05-21,0
135,2023-05-23,8
135,2023-06-03,5
136,2023-03-21,1
136,2023-04-04,5
136,2023-04-11,5
136,2023-04-15,9
136,2023-04-29,4
136,2023-05-07,2
136,2023-05-09,8
136,2023-05-17,4
136,2023-05-25,3
136,2023-06-02,4
136,2023-06-14,7
136,2023-06-15,9
136,2023-06-16,5
136,2023-06-17,5
136,2023-06-27,2
137,2023-12-04,3
137,2023-12-11,1
137,2023-12-14,4
137,2023-12-23,3
137,2024-01-03,8
137,2024-01-04,6
137,2024-01-08,6
137,2024-01-10,3
137,2024-01-11,2
137,2024-01-14,2
137,2024-01-20,7
137,2024-01-30,0
137,2024-02-13,2
137,2024-02-15,6
137,2024-02-22,7
138,2023-03-29,2
138,2023-04-04,0
138,2023-04-09,3
138,2023-04-24,4
138,2023-04-30,7
138,2023-05-02,10
138,2023-05-12,1
138,2023-05-24,7
138,2023-05-28,5
138,2023-05-30,4
138,2023-06-02,5
138,2023-06-03,5
138,2023-06-11,8
138,2023-06-19,8
138,2023-06-23,4
139,2023-12-17,10
139,2023-12-30,8
139,2024-01-06,7
139,2024-01-09,7
139,2024-01-20,1
139,2024-01-25,6
139,2024-01-28,9
139,2024-01-29,4
139,2024-02-05,7
139,2024-02-21,10
139,2024-02-26,2
139,2024-03-01,2
139,2024-03-07,10
139,2024-03-10,5
139,2024-03-23,6
140,2023-08-14,10
140,2023-08-15,6
140,2023-08-25,4
140,2023-09-03,7
140,2023-09-08,5
140,2023-09-11,9
140,2023-09-14,8
140,2023-09-17,7
140,2023-09-25,6
140,2023-10-17,2
140,2023-10-21,2
140,2023-10-22,0
140,2023-10-24,2
140,2023-10-27,3
140,2023-11-03,10
141,2023-11-05,6
141,2023-11-08,8
141,2023-11-10,1
141,2023-11-12,1
141,2023-11-14,4
141,2023-11-15,9
141,2023-11-23,2
141,2023-11-28,1
141,2023-12-04,10
141,2023-12-22,6
141,2024-01-01,4
141,2024-01-11,3
141,2024-01-30,3
141,2024-02-05,4
141,2024-02-08,7
142,2023-02-05,2
142,2023-02-06,8
142,2023-02-18,2
142,2023-02-23,9
142,2023-03-08,9
142,2023-03-15,7
142,2023-03-19,10
142,2023-03-30,10
142,2023-04-02,9
142,2023-04-03,6
142,2023-04-10,8
142,2023-04-12,10
142,2023-04-13,10
142,2023-04-23,8
142,2023-04-27,4
143,2023-07-17,2
143,2023-07-18,5
143,2023-07-28,4
143,2023-08-05,7
143,2023-08-15,8
143,2023-08-19,0
143,2023-08-24,7
143,2023-08-25,7
143,2023-08-30,4
143,2023-09-01,0
143,2023-09-07,6
143,2023-09-11,4
143,2023-09-16,9
143,2023-09-21,3
143,2023-09-24,0
144,2023-08-04,4
144,2023-08-08,1
144,2023-08-12,6
144,2023-08-15,10
144,2023-08-31,3
144,2023-09-01,8
144,2023-09-02,9
144,2023-09-03,10
144,2023-09-05,4
144,2023-09-08,4
144,2023-09-23,10
144,2023-09-24,8
144,2023-10-05,4
144,2023-10-14,6
144,2023-10-17,3
145,2023-11-04,2
145,2023-11-10,0
145,2023-11-16,8
145,2023-11-19,0
145,2023-11-25,2
145,2023-11-26,1
145,2023-12-06,4
145,2023-12-09,4
145,2023-12-13,2
145,2023-12-29,7
145,2023-12-30,0
145,2024-01-03,3
145,2024-01-20,1
145,2024-01-22,2
145,2024-01-30,0
146,2023-09-01,6
146,2023-09-04,1
146,2023-09-07,8
146,2023-09-15,7
146,2023-09-24,2
146,2023-10-01,3
146,2023-10-06,4
146,2023-10-09,6
146,2023-10-10,0
146,2023-10-14,1
146,2023-10-20,3
146,2023-10-26,6
146,2023-10-30,7
146,2023-11-25,3
146,2023-12-02,0
147,2023-10-10,0
147,2023-10-18,8
147,2023-10-23,8
147,2023-10-24,1
147,2023-11-06,4
147,2023-11-08,7
147,2023-11-16,10
147,2023-11-25,4
147,2023-11-27,3
147,2023-12-03,5
147,2023-12-17,0
147,2023-12-22,10
147,2023-12-24,3
147,2023-12-31,1
147,2024-01-04,3
148,2023-05-10,5
148,2023-05-14,1
148,2023-05-24,3
148,2023-05-28,2
148,2023-05-30,7
148,2023-06-09,1
148,2023-06-13,10
148,2023-06-19,9
148,2023-06-28,5
148,2023-07-03,10
148,2023-07-08,0
148,2023-07-22,0
148,2023-07-24,5
148,2023-07-29,10
148,2023-08-05,2
149,2023-10-13,6
149,2023-10-24,5
149,2023-10-27,2
149,2023-11-04,4
149,2023-11-09,0
149,2023-11-20,7
149,2023-11-24,7
149,2023-12-06,8
149,2023-12-12,4
149,2023-12-18,8
149,2023-12-21,7
149,2024-01-01,3
149,2024-01-08,9
149,2024-01-12,2
149,2024-01-15,8
150,2023-01-14,5
150,2023-01-25,7
150,2023-01-26,0
150,2023-02-08,10
150,2023-02-10,8
150,2023-02-12,6
150,2023-02-16,2
150,2023-02-19,0
150,2023-03-04,9
150,2023-03-06,5
150,2023-03-14,9
150,2023-03-16,3
150,2023-03-17,5
150,2023-03-23,1
150,2023-04-09,10
151,2023-12-29,1
151,2024-01-03,8
151,2024-01-08,10
151,2024-01-20,1
151,2024-01-25,0
151,2024-02-02,2
151,2024-02-05,2
151,2024-02-16,0
151,2024-02-20,3
151,2024-02-21,1
151,2024-02-23,7
151,2024-03-02,3
151,2024-03-06,1
151,2024-03-11,0
151,2024-03-22,9
152,2023-03-06,0
152,2023-03-09,3
152,2023-03-28,10
152,2023-04-01,7
152,2023-04-15,1
152,2023-04-18,7
152,2023-05-01,10
152,2023-05-06,0
152,2023-05-14,5
152,2023-05-16,8
152,2023-05-18,6
152,2023-05-21,5
152,2023-05-23,0
152,2023-05-28,9
152,2023-05-30,4
153,2023-12-21,9
153,2023-12-25,10
153,2023-12-28,2
153,2024-01-09,8
153,2024-01-12,8
153,2024-01-14,6
153,2024-01-16,1
153,2024-01-23,10
153,2024-02-03,9
153,2024-02-20,5
153,2024-02-21,10
153,2024-02-22,7
153,2024-03-09,10
153,2024-03-17,6
153,2024-03-18,1
154,2023-10-22,6
154,2023-10-23,10
154,2023-10-25,6
154,2023-11-11,5
154,2023-11-12,9
154,2023-11-14,3
154,2023-11-16,9
154,2023-11-18,8
154,2023-11-22,3
154,2023-11-27,6
154,2023-12-05,8
154,2023-12-09,4
154,2023-12-11,5
154,2023-12-17,7
154,2023-12-25,7
155,2023-05-17,4
155,2023-05-19,8
155,2023-05-21,8
155,2023-06-03,8
155,2023-06-13,9
155,2023-06-14,9
155,2023-06-22,2
155,2023-06-24,1
155,2023-06-26,0
155,2023-07-06,7
155,2023-07-22,5
155,2023-08-01,2
155,2023-08-13,2
155,2023-08-17,4
155,2023-08-23,5
156,2023-12-04,2
156,2023-12-06,7
156,2023-12-22,9
156,2023-12-24,1
156,2023-12-26,9
156,2023-12-27,10
156,2024-01-02,4
156,2024-01-05,0
156,2024-01-15,9
156,2024-01-25,6
156,2024-02-05,1
156,2024-02-06,0
156,2024-02-07,5
156,2024-02-25,5
156,2024-02-26,6
157,2023-06-25,0
157,2023-06-30,5
157,2023-07-09,8
157,2023-07-23,9
157,2023-08-02,2
157,2023-08-11,5
157,2023-08-16,8
157,2023-08-30,3
157,2023-09-09,2
157,2023-09-12,0
157,2023-09-13,10
157,2023-09-15,6
157,2023-09-27,7
157,2023-09-30,9
157,2023-10-01,9
158,2023-03-05,6
158,2023-03-09,4
158,2023-03-10,1
158,2023-03-15,6
158,2023-03-17,8
158,2023-03-27,6
158,2023-04-05,2
158,2023-04-11,2
158,2023-04-18,7
158,2023-04-23,8
158,2023-04-28,3
158,2023-05-02,7
158,2023-05-08,6
158,2023-05-11,10
158,2023-06-02,9
159,2023-06-09,10
159,2023-06-11,6
159,2023-06-14,6
159,2023-06-25,5
159,2023-07-01,5
159,2023-07-04,3
159,2023-07-11,5
159,2023-07-25,5
159,2023-08-06,9
159,2023-08-10,10
159,2023-08-12,0
159,2023-08-17,4
159,2023-08-26,2
159,2023-09-02,5
159,2023-09-07,9
160,2023-08-16,3
160,2023-08-17,9
160,2023-08-21,2
160,2023-08-25,4
160,2023-08-29,0
160,2023-08-30,5
160,2023-09-05,1
160,2023-09-09,4
160,2023-09-27,7
160,2023-10-06,7
160,2023-10-29,0
160,2023-11-06,5
160,2023-11-12,3
160,2023-11-13,8
160,2023-11-15,3
161,2023-03-24,9
161,2023-04-09,10
161,2023-04-17,8
161,2023-04-24,0
161,2023-05-09,4
161,2023-05-22,2
161,2023-05-27,0
161,2023-05-30,4
161,2023-05-31,3
161,2023-06-09,9
161,2023-06-15,4
161,2023-06-18,0
161,2023-06-19,7
161,2023-06-23,10
161,2023-06-26,0
162,2023-08-23,7
162,2023-08-29,9
162,2023-09-02,8
162,2023-09-03,1
162,2023-09-19,2
162,2023-09-24,3
162,2023-09-27,8
162,2023-09-30,7
162,2023-10-06,8
162,2023-10-08,0
162,2023-10-09,0
162,2023-10-25,3
162,2023-11-12,8
162,2023-11-13,4
162,2023-11-19,5
163,2023-01-04,6
163,2023-01-09,0
163,2023-01-22,8
163,2023-02-01,4
163,2023-02-03,3
163,2023-02-06,2
163,2023-02-09,5
163,2023-02-15,6
163,2023-02-16,10
163,2023-02-21,2
163,2023-03-05,1
163,2023-03-07,6
163,2023-03-23,8
163,2023-03-30,10
163,2023-04-07,9
164,2023-05-31,10
164,2023-06-03,2
164,2023-06-10,9
164,2023-06-13,8
164,2023-06-14,10
164,2023-06-23,3
164,2023-06-26,2
164,2023-07-07,4
164,2023-07-08,8
164,2023-07-11,2
164,2023-07-23,6
164,2023-07-27,2
164,2023-07-31,10
164,2023-08-03,9
164,2023-08-10,2
165,2023-09-17,10
165,2023-09-22,4
165,2023-09-29,2
165,2023-10-02,3
165,2023-10-07,1
165,2023-10-22,2
165,2023-10-24,2
165,2023-11-05,0
165,2023-11-09,9
165,2023-11-21,9
165,2023-11-24,4
165,2023-12-15,9
165,2023-12-16,9
165,2023-12-18,9
165,2023-12-20,3
166,2023-04-05,5
166,2023-04-12,2
166,2023-04-19,6
166,2023-05-01,7
166,2023-05-17,7
166,2023-06-01,2
166,2023-06-02,2
166,2023-06-05,3
166,2023-06-17,3
166,2023-06-18,0
166,2023-06-24,6
166,2023-06-28,0
166,2023-06-29,4
166,2023-07-02,6
166,2023-07-10,3
167,2023-09-25,6
167,2023-10-09,0
167,2023-10-12,9
167,2023-10-13,6
167,2023-10-18,5
167,2023-10-28,6
167,2023-11-10,9
167,2023-11-12,9
167,2023-11-14,9
167,2023-11-18,8
167,2023-12-04,8
167,2023-12-11,10
167,2023-12-14,0
167,2023-12-21,8
167,2023-12-22,1
168,2023-03-01,7
168,2023-03-02,6
168,2023-03-20,4
168,2023-03-27,4
168,2023-04-02,7
168,2023-04-14,2
168,2023-04-15,6
168,2023-04-22,4
168,2023-04-23,9
168,2023-05-01,0
168,2023-05-03,8
168,2023-05-06,2
168,2023-05-15,7
168,2023-05-29,10
168,2023-06-01,7
169,2023-11-20,2
169,2023-11-28,7
169,2023-12-01,9
169,2023-12-04,3
169,2023-12-10,7
169,2023-12-28,1
169,2024-01-06,4
169,2024-01-08,5
169,2024-01-13,10
169,2024-01-20,2
169,2024-01-25,1
169,2024-01-30,1
169,2024-02-14,1
169,2024-02-17,7
169,2024-02-24,10
170,2023-06-07,9
170,2023-06-12,10
170,2023-06-22,2
170,2023-06-23,2
170,2023-07-14,2
170,2023-07-18,2
170,2023-07-20,0
170,2023-07-21,6
170,2023-08-06,4
170,2023-08-08,4
170,2023-08-11,7
170,2023-08-19,4
170,2023-08-31,10
170,2023-09-03,2
170,2023-09-08,1
171,2023-11-24,7
171,2023-11-25,7
171,2023-12-10,6
171,2023-12-19,7
171,2023-12-21,1
171,2023-12-24,9
171,2023-12-26,9
171,2024-01-21,0
171,2024-01-26,3
171,2024-02-01,8
171,2024-02-07,4
171,2024-02-09,9
171,2024-02-11,10
171,2024-02-16,8
171,2024-02-29,3
172,2023-09-21,2
172,2023-09-23,2
172,2023-09-24,10
172,2023-09-28,4
172,2023-09-30,9
172,2023-10-05,10
172,2023-10-10,9
172,2023-10-25,9
172,2023-10-29,8
172,2023-10-31,2
172,2023-11-09,7
172,2023-11-29,9
172,2023-12-03,5
172,2023-12-09,0
172,2023-12-11,1
173,2023-11-16,5
173,2023-11-23,8
173,2023-11-25,6
173,2023-12-13,8
173,2023-12-15,3
173,2023-12-16,3
173,2023-12-19,9
173,2023-12-25,0
173,2023-12-26,1
173,2024-01-01,9
173,2024-01-07,10
173,2024-01-17,8
173,2024-02-04,1
173,2024-02-13,7
173,2024-02-14,9
174,2023-04-28,10
174,2023-05-15,7
174,2023-05-18,7
174,2023-05-22,2
174,2023-05-27,9
174,2023-06-05,3
174,2023-06-14,4
174,2023-06-17,3
174,2023-06-18,0
174,2023-06-23,1
174,2023-06-24,0
174,2023-06-28,7
174,2023-06-29,10
174,2023-06-30,1
174,2023-07-11,3
175,2023-03-21,4
175,2023-03-25,4
175,2023-03-28,8
175,2023-04-14,8
175,2023-04-16,5
175,2023-04-21,0
175,2023-04-25,1
175,2023-05-01,10
175,2023-05-03,5
175,2023-05-11,5
175,2023-05-12,6
175,2023-05-30,9
175,2023-06-06,9
175,2023-06-09,0
175,2023-06-16,2
176,2023-07-15,0
176,2023-07-28,8
176,2023-07-30,4
176,2023-08-04,9
176,2023-08-22,10
176,2023-08-23,5
176,2023-09-01,8
176,2023-09-07,8
176,2023-09-08,0
176,2023-09-09,3
176,2023-09-10,9
176,2023-09-17,10
176,2023-09-29,5
176,2023-10-01,5
176,2023-10-05,1
177,2023-03-27,4
177,2023-04-07,5
177,2023-04-12,0
177,2023-04-14,4
177,2023-04-16,6
177,2023-04-28,1
177,2023-05-06,7
177,2023-05-11,3
177,2023-05-12,5
177,2023-05-31,7
177,2023-06-05,4
177,2023-06-08,3
177,2023-06-09,8
177,2023-06-12,4
177,2023-06-28,2
178,2023-10-07,4
178,2023-10-08,5
178,2023-10-15,2
178,2023-10-18,1
178,2023-10-23,8
178,2023-10-28,10
178,2023-10-29,2
178,2023-11-16,3
178,2023-11-20,0
178,2023-11-29,7
178,2023-12-04,6
178,2023-12-07,8
178,2023-12-10,1
178,2024-01-05,0
178,2024-01-11,4
179,2023-10-01,4
179,2023-10-04,10
179,2023-10-10,3
179,2023-10-12,5
179,2023-11-07,3
179,2023-11-10,3
179,2023-11-27,4
179,2023-12-04,4
179,2023-12-11,8
179,2023-12-14,5
179,2023-12-22,7
179,2023-12-25,10
179,2024-01-02,1
179,2024-01-04,4
179,2024-01-05,2
180,2023-01-02,4
180,2023-01-14,9
180,2023-01-15,3
180,2023-01-19,2
180,2023-01-21,1
180,2023-01-27,4
180,2023-02-04,9
180,2023-02-05,5
180,2023-02-10,8
180,2023-02-14,7
180,2023-03-07,0
180,2023-03-11,2
180,2023-03-12,0
180,2023-03-13,7
180,2023-03-21,10
181,2023-11-09,5
181,2023-11-14,4
181,2023-11-16,5
181,2023-11-25,3
181,2023-12-22,10
181,2023-12-23,8
181,2023-12-27,1
181,2023-12-30,7
181,2024-01-17,9
181,2024-01-18,2
181,2024-01-20,1
181,2024-01-22,7
181,2024-01-30,1
181,2024-01-31,7
181,2024-02-01,4
182,2023-07-03,10
182,2023-07-08,5
182,2023-07-13,5
182,2023-07-14,7
182,2023-07-18,7
182,2023-07-31,0
182,2023-08-04,1
182,2023-08-13,7
182,2023-08-14,1
182,2023-09-01,5
182,2023-09-05,7
182,2023-09-10,7
182,2023-09-12,2
182,2023-09-13,4
182,2023-09-21,5
183,2023-09-17,6
183,2023-09-21,3
183,2023-09-24,9
183,2023-10-16,3
183,2023-10-19,8
183,2023-10-29,2
183,2023-11-06,7
183,2023-11-12,6
183,2023-11-15,1
183,2023-11-18,5
183,2023-11-20,3
183,2023-11-22,9
183,2023-11-24,6
183,2023-11-30,6
183,2023-12-08,9
184,2023-01-19,7
184,2023-01-24,5
184,2023-02-01,8
184,2023-02-09,1
184,2023-02-22,7
184,2023-03-13,2
184,2023-03-20,4
184,2023-03-24,6
184,2023-03-26,1
184,2023-03-27,9
184,2023-04-04,1
184,2023-04-05,10
184,2023-04-08,9
184,2023-04-11,6
184,2023-04-14,5
185,2023-02-27,4
185,2023-03-06,6
185,2023-03-10,9
185,2023-03-16,9
185,2023-03-17,7
185,2023-03-18,3
185,2023-03-26,3
185,2023-04-25,10
185,2023-05-01,5
185,2023-05-06,4
185,2023-05-12,9
185,2023-05-19,10
185,2023-05-20,4
185,2023-05-22,6
185,2023-06-03,5
186,2023-07-05,5
186,2023-07-06,1
186,2023-07-11,4
186,2023-07-12,0
186,2023-07-16,3
186,2023-07-21,6
186,2023-08-11,9
186,2023-08-21,6
186,2023-08-25,10
186,2023-09-08,5
186,2023-09-13,6
186,2023-09-14,6
186,2023-09-17,6
186,2023-09-21,6
186,2023-10-03,8
187,2023-06-08,1
187,2023-06-23,10
187,2023-06-24,0
187,2023-06-26,2
187,2023-06-29,7
187,2023-07-01,10
187,2023-07-04,6
187,2023-07-13,2
187,2023-07-23,1
187,2023-07-26,2
187,2023-07-30,10
187,2023-08-06,6
187,2023-08-17,7
187,2023-08-30,9
187,2023-08-31,6
188,2023-05-03,3
188,2023-05-26,8
188,2023-05-31,4
188,2023-06-17,6
188,2023-06-21,8
188,2023-06-26,9
188,2023-06-29,5
188,2023-06-30,0
188,2023-07-05,0
188,2023-07-07,9
188,2023-07-12,7
188,2023-07-15,5
188,2023-07-19,1
188,2023-07-21,9
188,2023-08-04,7
189,2023-02-09,10
189,2023-02-10,10
189,2023-02-17,1
189,2023-03-02,10
189,2023-03-06,10
189,2023-03-30,8
189,2023-03-31,9
189,2023-04-06,4
189,2023-04-07,9
189,2023-04-18,0
189,2023-04-20,5
189,2023-04-28,8
189,2023-05-03,0
189,2023-05-06,7
189,2023-05-09,7
190,2023-05-08,4
190,2023-05-25,0
190,2023-06-10,10
190,2023-06-11,7
190,2023-06-15,9
190,2023-06-18,2
190,2023-06-26,9
190,2023-07-03,0
190,2023-07-08,10
190,2023-07-15,4
190,2023-07-16,9
190,2023-07-19,0
190,2023-07-31,4
190,2023-08-05,7
190,2023-08-07,1
191,2023-10-19,5
191,2023-10-27,2
191,2023-11-01,4
191,2023-11-03,3
191,2023-11-06,7
191,2023-11-09,2
191,2023-11-19,8
191,2023-11-22,0
191,2023-12-14,5
191,2023-12-21,1
191,2024-01-01,2
191,2024-01-03,9
191,2024-01-04,2
191,2024-01-10,7
191,2024-01-20,6
192,2023-02-16,1
192,2023-03-03,0
192,2023-03-08,2
192,2023-03-12,7
192,2023-03-15,6
192,2023-03-26,7
192,2023-03-31,4
192,2023-04-07,7
192,2023-04-24,8
192,2023-05-02,3
192,2023-05-03,6
192,2023-05-05,10
192,2023-05-13,6
192,2023-05-14,7
192,2023-05-19,4
193,2023-02-14,6
193,2023-02-18,9
193,2023-02-25,10
193,2023-03-03,4
193,2023-03-21,5
193,2023-03-25,4
193,2023-03-30,4
193,2023-04-02,1
193,2023-04-09,4
193,2023-04-11,10
193,2023-04-21,9
193,2023-04-22,6
193,2023-05-05,7
193,2023-05-10,10
193,2023-05-11,3
194,2023-09-07,8
194,2023-09-14,1
194,2023-09-18,10
194,2023-09-29,7
194,2023-09-30,5
194,2023-10-16,3
194,2023-10-19,4
194,2023-10-28,4
194,2023-11-11,3
194,2023-11-15,0
194,2023-11-20,0
194,2023-12-01,9
194,2023-12-03,1
194,2023-12-08,0
194,2023-12-13,9
195,2023-02-16,2
195,2023-02-19,4
195,2023-02-20,4
195,2023-02-21,7
195,2023-02-28,10
195,2023-03-04,1
195,2023-03-25,10
195,2023-04-18,7
195,2023-04-22,4
195,2023-04-23,6
195,2023-04-27,10
195,2023-04-28,5
195,2023-04-30,4
195,2023-05-06,2
195,2023-05-13,1
196,2023-10-07,7
196,2023-10-08,1
196,2023-10-22,2
196,2023-10-25,8
196,2023-11-02,6
196,2023-11-04,3
196,2023-11-11,9
196,2023-11-17,10
196,2023-11-18,1
196,2023-11-19,7
196,2023-11-25,4
196,2023-12-01,1
196,2023-12-17,0
196,2023-12-21,1
196,2024-01-07,1
197,2023-03-06,2
197,2023-03-08,5
197,2023-03-10,6
197,2023-03-25,9
197,2023-04-07,0
197,2023-04-09,8
197,2023-04-24,7
197,2023-05-02,7
197,2023-05-08,6
197,2023-05-18,6
197,2023-05-26,1
197,2023-05-28,8
197,2023-05-30,3
197,2023-06-07,0
197,2023-06-13,6
198,2023-03-14,5
198,2023-03-18,8
198,2023-03-22,5
198,2023-04-14,1
198,2023-04-18,7
198,2023-04-21,4
198,2023-04-27,10
198,2023-05-07,3
198,2023-05-14,2
198,2023-05-18,8
198,2023-05-26,0
198,2023-05-28,6
198,2023-06-02,10
198,2023-06-03,3
198,2023-06-14,4
199,2023-12-07,9
199,2023-12-08,3
199,2023-12-14,7
199,2023-12-17,6
199,2023-12-21,1
199,2023-12-28,8
199,2024-01-18,10
199,2024-01-22,4
199,2024-01-29,7
199,2024-02-04,8
199,2024-02-22,7
199,2024-03-01,0
199,2024-03-02,0
199,2024-03-05,5
199,2024-03-07,0
200,2023-09-06,3
200,2023-09-16,1
200,2023-09-20,0
200,2023-09-28,2
200,2023-10-14,7
200,2023-10-22,10
200,2023-10-29,0
200,2023-11-06,7
200,2023-11-08,9
200,2023-11-14,0
200,2023-11-23,3
200,2023-11-25,10
200,2023-11-26,2
200,2023-12-02,0
200,2023-12-04,2
201,2023-10-15,6
201,2023-10-17,5
201,2023-10-21,10
201,2023-10-22,6
201,2023-10-23,5
201,2023-10-30,1
201,2023-11-03,10
201,2023-11-06,9
201,2023-11-17,8
201,2023-12-06,2
201,2023-12-11,5
201,2023-12-23,3
201,2023-12-24,0
201,2023-12-26,9
201,2023-12-28,2
202,2023-03-31,2
202,2023-04-03,1
202,2023-04-10,10
202,2023-04-13,9
202,2023-04-16,6
202,2023-04-26,2
202,2023-04-30,0
202,2023-05-07,7
202,2023-05-12,1
202,2023-05-18,0
202,2023-05-21,0
202,2023-06-04,2
202,2023-06-08,1
202,2023-06-23,10
202,2023-06-30,9
203,2023-06-01,9
203,2023-06-03,0
203,2023-06-07,9
203,2023-06-11,2
203,2023-06-15,7
203,2023-06-19,9
203,2023-06-21,1
203,2023-07-07,10
203,2023-07-08,4
203,2023-07-12,5
203,2023-07-15,6
203,2023-07-21,0
203,2023-08-05,8
203,2023-08-12,3
203,2023-08-22,3
204,2023-10-10,0
204,2023-10-13,3
204,2023-10-24,1
204,2023-10-26,2
204,2023-11-02,10
204,2023-11-13,7
204,2023-11-26,7
204,2023-12-01,2
204,2023-12-04,2
204,2023-12-06,10
204,2023-12-16,0
204,2023-12-17,0
204,2023-12-21,10
204,2024-01-03,5
204,2024-01-04,4
205,2023-11-10,7
205,2023-11-12,8
205,2023-11-13,1
205,2023-11-20,1
205,2023-11-27,3
205,2023-11-29,7
205,2023-12-03,9
205,2023-12-09,9
205,2023-12-19,5
205,2024-01-01,6
205,2024-01-04,3
205,2024-01-14,10
205,2024-01-24,5
205,2024-02-09,3
205,2024-02-12,1
206,2023-08-11,2
206,2023-08-14,3
206,2023-08-17,9
206,2023-08-30,7
206,2023-09-02,2
206,2023-09-03,6
206,2023-09-04,5
206,2023-09-15,2
206,2023-09-22,7
206,2023-09-26,3
206,2023-09-29,10
206,2023-10-04,5
206,2023-10-06,4
206,2023-10-18,3
206,2023-11-07,5
207,2023-04-23,4
207,2023-04-26,9
207,2023-05-03,2
207,2023-05-05,10
207,2023-05-06,9
207,2023-05-10,2
207,2023-05-17,9
207,2023-05-24,8
207,2023-06-01,3
207,2023-06-11,1
207,2023-06-16,6
207,2023-06-17,8
207,2023-06-30,7
207,2023-07-16,3
207,2023-07-25,9
208,2023-10-05,0
208,2023-10-23,6
208,2023-11-01,0
208,2023-11-04,0
208,2023-11-08,7
208,2023-11-14,8
208,2023-11-27,0
208,2023-11-28,6
208,2023-12-02,8
208,2023-12-03,6
208,2023-12-16,7
208,2023-12-17,1
208,2023-12-18,7
208,2024-01-05,7
208,2024-01-06,3
209,2023-12-21,7
209,2023-12-22,10
209,2023-12-30,4
209,2023-12-31,2
209,2024-01-05,7
209,2024-01-16,9
209,2024-01-19,9
209,2024-01-26,0
209,2024-02-03,7
209,2024-02-10,7
209,2024-02-29,2
209,2024-03-11,6
209,2024-03-17,2
209,2024-03-22,5
209,2024-03-25,10
210,2023-04-13,9
210,2023-04-17,8
210,2023-04-22,9
210,2023-05-17,3
210,2023-05-20,10
210,2023-05-25,1
210,2023-06-01,9
210,2023-06-06,5
210,2023-06-11,0
210,2023-06-19,8
210,2023-07-02,10
210,2023-07-03,5
210,2023-07-10,0
210,2023-07-12,1
210,2023-07-18,6
211,2023-06-14,1
211,2023-06-17,10
211,2023-06-26,7
211,2023-07-01,9
211,2023-07-05,3
211,2023-07-09,3
211,2023-07-21,5
211,2023-07-25,5
211,2023-08-07,4
211,2023-08-17,8
211,2023-08-19,10
211,2023-08-27,6
211,2023-08-30,4
211,2023-09-07,0
211,2023-09-16,1
212,2023-08-01,3
212,2023-08-08,7
212,2023-08-30,1
212,2023-09-06,1
212,2023-09-09,6
212,2023-09-19,2
212,2023-09-22,4
212,2023-09-24,1
212,2023-09-26,1
212,2023-09-29,2
212,2023-09-30,4
212,2023-10-11,1
212,2023-10-18,2
212,2023-10-20,7
212,2023-10-22,2
213,2023-12-12,1
213,2023-12-26,0
213,2024-01-03,3
213,2024-01-05,8
213,2024-01-16,10
213,2024-01-23,5
213,2024-02-01,6
213,2024-02-04,9
213,2024-02-08,5
213,2024-02-14,10
213,2024-02-17,10
213,2024-02-28,5
213,2024-03-01,7
213,2024-03-06,9
213,2024-03-13,10
214,2023-12-15,0
214,2023-12-20,2
214,2023-12-28,5
214,2024-01-01,4
214,2024-01-04,7
214,2024-01-06,2
214,2024-01-07,9
214,2024-01-15,2
214,2024-01-24,8
214,2024-01-26,4
214,2024-01-29,2
214,2024-02-04,2
214,2024-02-07,10
214,2024-02-09,2
214,2024-02-26,2
215,2023-07-15,5
215,2023-07-16,5
215,2023-07-25,2
215,2023-07-27,5
215,2023-08-03,7
215,2023-08-06,8
215,2023-08-10,2
215,2023-08-13,8
215,2023-08-20,4
215,2023-08-27,1
215,2023-09-05,0
215,2023-09-20,6
215,2023-09-22,7
215,2023-10-04,2
215,2023-10-09,7
216,2023-08-13,9
216,2023-08-31,7
216,2023-09-01,5
216,2023-09-19,1
216,2023-09-22,7
216,2023-09-24,0
216,2023-10-12,2
216,2023-10-16,10
216,2023-10-21,8
216,2023-10-25,1
216,2023-11-03,4
216,2023-11-06,0
216,2023-11-11,6
216,2023-11-15,9
216,2023-11-17,3
217,2023-09-24,1
217,2023-09-29,8
217,2023-10-03,7
217,2023-10-16,10
217,2023-10-17,10
217,2023-10-20,1
217,2023-10-27,8
217,2023-11-02,6
217,2023-11-06,3
217,2023-11-18,7
217,2023-11-28,5
217,2023-12-05,9
217,2023-12-08,9
217,2023-12-13,8
217,2023-12-29,0
218,2023-08-21,3
218,2023-08-31,7
218,2023-09-07,6
218,2023-09-25,7
218,2023-09-28,4
218,2023-10-03,2
218,2023-10-05,6
218,2023-10-06,6
218,2023-10-08,2
218,2023-10-09,9
218,2023-10-13,9
218,2023-10-16,1
218,2023-10-30,2
218,2023-11-13,3
218,2023-11-19,4
219,2023-03-03,7
219,2023-03-11,9
219,2023-03-14,2
219,2023-03-25,3
219,2023-04-06,2
219,2023-04-14,6
219,2023-04-20,4
219,2023-04-24,8
219,2023-04-25,7
219,2023-05-02,0
219,2023-05-09,4
219,2023-05-13,9
219,2023-05-17,4
219,2023-05-23,7
219,2023-06-07,8
220,2023-05-07,2
220,2023-05-10,7
220,2023-05-22,10
220,2023-05-26,3
220,2023-06-04,0
220,2023-06-09,1
220,2023-06-12,4
220,2023-06-14,7
220,2023-06-29,1
220,2023-07-05,9
220,2023-07-06,5
220,2023-07-27,9
220,2023-07-29,7
220,2023-07-31,9
220,2023-08-09,6
221,2023-04-28,5
221,2023-05-03,7
221,2023-05-11,2
221,2023-05-14,5
221,2023-05-16,2
221,2023-05-29,0
221,2023-06-12,4
221,2023-06-25,5
221,2023-06-30,6
221,2023-07-08,10
221,2023-07-09,5
221,2023-07-15,0
221,2023-07-22,4
221,2023-07-23,4
221,2023-07-28,8
222,2023-02-11,10
222,2023-02-14,4
222,2023-02-23,4
222,2023-02-25,10
222,2023-02-26,5
222,2023-03-14,1
222,2023-03-15,8
222,2023-04-08,9
222,2023-04-12,5
222,2023-04-19,2
222,2023-04-23,0
222,2023-04-24,2
222,2023-05-09,8
222,2023-05-10,4
222,2023-05-11,5
223,2023-07-06,8
223,2023-07-12,8
223,2023-07-13,1
223,2023-07-17,6
223,2023-07-20,7
223,2023-07-21,1
223,2023-08-05,1
223,2023-08-14,2
223,2023-08-24,0
223,2023-08-26,7
223,2023-08-29,5
223,2023-09-02,4
223,2023-09-09,5
223,2023-09-19,2
223,2023-09-30,7
224,2023-01-14,4
224,2023-01-26,2
224,2023-01-27,3
224,2023-01-29,2
224,2023-02-02,1
224,2023-02-08,6
224,2023-02-09,1
224,2023-02-18,1
224,2023-02-23,0
224,2023-03-18,7
224,2023-03-28,6
224,2023-04-09,0
224,2023-04-11,3
224,2023-04-16,1
224,2023-04-18,0
225,2023-10-30,3
225,2023-11-03,9
225,2023-11-05,3
225,2023-11-06,2
225,2023-11-10,10
225,2023-11-13,5
225,2023-11-30,0
225,2023-12-06,1
225,2023-12-28,2
225,2024-01-02,4
225,2024-01-12,9
225,2024-01-14,5
225,2024-01-21,5
225,2024-01-22,2
225,2024-02-02,8
226,2023-10-12,4
226,2023-10-19,2
226,2023-10-23,8
226,2023-11-04,0
226,2023-11-07,1
226,2023-11-10,3
226,2023-12-14,8
226,2023-12-17,7
226,2023-12-22,5
226,2023-12-24,9
226,2023-12-28,2
226,2024-01-10,7
226,2024-01-12,10
226,2024-01-16,1
226,2024-01-18,2
227,2023-05-12,5
227,2023-05-13,4
227,2023-05-15,8
227,2023-05-25,0
227,2023-05-27,1
227,2023-06-07,5
227,2023-06-12,7
227,2023-06-15,1
227,2023-06-19,6
227,2023-06-21,4
227,2023-06-26,7
227,2023-06-30,9
227,2023-07-02,4
227,2023-07-03,10
227,2023-08-03,7
228,2023-10-30,7
228,2023-11-06,8
228,2023-11-11,10
228,2023-11-20,10
228,2023-11-22,1
228,2023-11-26,1
228,2023-12-05,2
228,2023-12-15,6
228,2023-12-18,6
228,2023-12-20,9
228,2023-12-22,1
228,2023-12-28,2
228,2023-12-30,1
228,2024-01-07,5
228,2024-01-23,3
229,2023-05-08,4
229,2023-05-18,10
229,2023-05-22,6
229,2023-05-28,5
229,2023-06-05,7
229,2023-06-13,10
229,2023-06-16,9
229,2023-06-25,6
229,2023-07-06,7
229,2023-07-07,8
229,2023-07-08,4
229,2023-07-23,2
229,2023-07-24,7
229,2023-07-29,1
229,2023-07-30,1
230,2023-01-07,10
230,2023-01-10,5
230,2023-01-12,2
230,2023-01-16,4
230,2023-01-21,9
230,2023-01-26,9
230,2023-02-02,1
230,2023-02-05,1
230,2023-02-21,10
230,2023-03-07,8
230,2023-03-08,7
230,2023-03-22,7
230,2023-03-25,3
230,2023-03-31,4
230,2023-04-08,10
231,2023-02-08,7
231,2023-02-10,7
231,2023-02-21,0
231,2023-03-11,0
231,2023-03-18,2
231,2023-03-21,8
231,2023-03-26,10
231,2023-03-27,4
231,2023-04-02,2
231,2023-04-04,7
231,2023-04-09,6
231,2023-04-10,2
231,2023-04-11,4
231,2023-04-16,6
231,2023-05-14,7
232,2023-11-27,6
232,2023-12-04,4
232,2023-12-10,7
232,2024-01-19,9
232,2024-01-21,6
232,2024-01-23,9
232,2024-01-28,10
232,2024-01-29,5
232,2024-01-30,4
232,2024-01-31,5
232,2024-02-01,0
232,2024-02-12,0
232,2024-02-14,9
232,2024-02-15,0
232,2024-02-25,2
233,2023-02-03,3
233,2023-02-07,3
233,2023-02-12,3
233,2023-03-15,10
233,2023-03-16,4
233,2023-03-17,9
233,2023-03-18,1
233,2023-03-20,1
233,2023-03-24,4
233,2023-03-26,1
233,2023-04-15,5
233,2023-04-21,2
233,2023-04-25,0
233,2023-05-05,8
233,2023-05-08,5
234,2023-04-30,6
234,2023-05-02,5
234,2023-06-01,9
234,2023-06-07,1
234,2023-06-15,7
234,2023-06-20,1
234,2023-06-21,10
234,2023-06-25,3
234,2023-06-27,5
234,2023-07-02,7
234,2023-07-09,8
234,2023-07-10,10
234,2023-07-12,5
234,2023-07-21,2
234,2023-07-26,9
235,2023-02-10,9
235,2023-02-13,1
235,2023-03-01,9
235,2023-03-03,1
235,2023-03-04,9
235,2023-03-09,5
235,2023-03-12,4
235,2023-03-14,1
235,2023-03-22,9
235,2023-03-27,8
235,2023-03-31,7
235,2023-04-08,6
235,2023-04-13,3
235,2023-04-18,5
235,2023-04-26,1
236,2023-02-11,8
236,2023-02-18,2
236,2023-02-24,0
236,2023-02-26,10
236,2023-03-09,8
236,2023-03-11,2
236,2023-03-13,9
236,2023-03-16,7
236,2023-03-22,3
236,2023-03-23,10
236,2023-03-27,7
236,2023-04-06,4
236,2023-04-10,10
236,2023-04-11,8
236,2023-04-12,9
237,2023-06-26,4
237,2023-07-07,6
237,2023-07-08,6
237,2023-07-14,5
237,2023-07-19,1
237,2023-08-04,10
237,2023-08-13,3
237,2023-08-17,6
237,2023-08-24,4
237,2023-08-30,4
237,2023-09-07,10
237,2023-09-14,2
237,2023-09-20,4
237,2023-09-22,10
237,2023-09-25,9
238,2023-02-09,3
238,2023-02-10,2
238,2023-02-20,4
238,2023-02-25,2
238,2023-03-02,0
238,2023-03-08,4
238,2023-03-09,4
238,2023-03-17,10
238,2023-03-29,8
238,2023-04-01,2
238,2023-04-02,10
238,2023-04-06,0
238,2023-04-09,7
238,2023-04-18,0
238,2023-04-29,0
239,2023-09-29,9
239,2023-10-01,8
239,2023-10-02,1
239,2023-10-05,8
239,2023-10-08,10
239,2023-10-21,9
239,2023-10-29,8
239,2023-10-31,4
239,2023-11-06,7
239,2023-11-10,1
239,2023-11-12,3
239,2023-12-07,9
239,2023-12-14,1
239,2023-12-15,5
239,2023-12-22,5
240,2023-05-15,0
240,2023-05-20,7
240,2023-05-24,8
240,2023-05-29,5
240,2023-06-01,1
240,2023-06-03,5
240,2023-06-06,8
240,2023-06-20,6
240,2023-06-23,7
240,2023-06-25,10
240,2023-06-27,3
240,2023-07-15,4
240,2023-07-16,2
240,2023-08-04,5
240,2023-08-05,7
241,2023-05-25,6
241,2023-05-27,4
241,2023-05-29,10
241,2023-06-22,5
241,2023-06-24,10
241,2023-07-01,1
241,2023-07-09,8
241,2023-08-01,3
241,2023-08-08,7
241,2023-08-13,6
241,2023-08-15,0
241,2023-08-16,6
241,2023-08-19,4
241,2023-08-22,4
241,2023-08-25,1
242,2023-12-13,7
242,2023-12-19,7
242,2023-12-29,6
242,2024-01-04,5
242,2024-01-08,6
242,2024-01-13,1
242,2024-01-16,2
242,2024-01-18,4
242,2024-01-30,8
242,2024-02-03,1
242,2024-02-27,5
242,2024-02-29,6
242,2024-03-14,9
242,2024-03-16,8
242,2024-03-17,5
243,2023-09-06,9
243,2023-09-09,1
243,2023-09-12,1
243,2023-09-23,2
243,2023-09-29,3
243,2023-10-01,8
243,2023-10-15,10
243,2023-10-16,2
243,2023-10-27,9
243,2023-11-01,10
243,2023-11-03,6
243,2023-11-25,5
243,2023-11-27,7
243,2023-12-03,7
243,2023-12-12,2
244,2023-04-30,0
244,2023-05-12,0
244,2023-05-13,8
244,2023-05-15,10
244,2023-05-18,9
244,2023-05-23,10
244,2023-05-26,3
244,2023-05-31,1
244,2023-06-06,7
244,2023-06-07,3
244,2023-06-09,4
244,2023-06-12,2
244,2023-07-02,0
244,2023-07-04,6
244,2023-07-16,9
245,2023-10-05,10
245,2023-10-15,7
245,2023-10-19,1
245,2023-10-23,3
245,2023-10-25,3
245,2023-11-06,3
245,2023-11-20,4
245,2023-11-27,4
245,2023-11-28,7
245,2023-12-01,6
245,2023-12-10,2
245,2023-12-15,6
245,2023-12-19,3
245,2024-01-03,9
245,2024-01-10,3
246,2023-03-12,5
246,2023-03-27,9
246,2023-04-01,10
246,2023-04-02,10
246,2023-04-08,7
246,2023-04-09,1
246,2023-04-11,0
246,2023-04-14,7
246,2023-04-15,2
246,2023-04-30,5
246,2023-05-01,6
246,2023-05-05,10
246,2023-05-27,3
246,2023-06-03,6
246,2023-06-10,6
247,2023-10-26,0
247,2023-10-27,0
247,2023-10-29,4
247,2023-11-01,8
247,2023-11-19,9
247,2023-11-21,6
247,2023-12-01,4
247,2023-12-04,6
247,2023-12-19,10
247,2023-12-30,5
247,2024-01-04,2
247,2024-01-05,8
247,2024-01-13,0
247,2024-01-18,9
247,2024-01-22,2
248,2023-10-28,2
248,2023-11-03,7
248,2023-11-06,4
248,2023-11-08,5
248,2023-11-10,6
248,2023-11-13,4
248,2023-11-25,4
248,2023-12-02,9
248,2023-12-05,4
248,2023-12-17,8
248,2023-12-21,5
248,2023-12-25,6
248,2023-12-26,2
248,2023-12-29,5
248,2024-01-21,7
249,2023-09-04,7
249,2023-09-06,6
249,2023-09-19,1
249,2023-09-20,7
249,2023-09-23,0
249,2023-09-24,7
249,2023-09-29,5
249,2023-10-03,8
249,2023-10-26,7
249,2023-10-30,7
249,2023-11-10,7
249,2023-11-20,1
249,2023-11-23,2
249,2023-11-29,1
249,2023-12-06,5
250,2023-05-05,9
250,2023-05-16,2
250,2023-05-26,6
250,2023-05-28,1
250,2023-05-31,3
250,2023-06-01,7
250,2023-06-08,10
250,2023-06-10,1
250,2023-07-09,5
250,2023-07-11,0
250,2023-07-16,4
250,2023-07-18,10
250,2023-07-28,10
250,2023-08-08,1
250,2023-08-11,6
251,2023-08-31,5
251,2023-09-03,0
251,2023-09-10,10
251,2023-09-13,9
251,2023-09-19,7
251,2023-10-04,5
251,2023-10-11,9
251,2023-10-17,2
251,2023-10-28,3
251,2023-10-31,0
251,2023-11-14,10
251,2023-11-15,4
251,2023-11-19,5
251,2023-11-23,0
251,2023-11-29,1
252,2023-07-30,10
252,2023-08-08,10
252,2023-08-17,2
252,2023-08-19,1
252,2023-08-23,4
252,2023-08-27,7
252,2023-08-29,6
252,2023-09-02,4
252,2023-09-14,10
252,2023-09-15,9
252,2023-09-17,2
252,2023-10-06,5
252,2023-10-13,10
252,2023-11-03,1
252,2023-11-04,5
253,2023-04-19,6
253,2023-05-01,10
253,2023-05-03,6
253,2023-05-12,1
253,2023-05-25,0
253,2023-05-27,8
253,2023-06-01,5
253,2023-06-04,7
253,2023-06-07,10
253,2023-06-09,3
253,2023-06-12,10
253,2023-06-19,10
253,2023-06-23,2
253,2023-06-25,7
253,2023-07-13,8
254,2023-02-28,4
254,2023-03-06,9
254,2023-03-09,0
254,2023-03-21,8
254,2023-03-27,1
254,2023-03-28,0
254,2023-04-13,8
254,2023-04-14,1
254,2023-04-18,8
254,2023-04-20,6
254,2023-04-25,6
254,2023-04-26,1
254,2023-05-09,7
254,2023-05-11,10
254,2023-05-16,9
255,2023-02-21,1
255,2023-02-24,6
255,2023-03-01,4
255,2023-03-05,5
255,2023-03-13,9
255,2023-03-14,7
255,2023-03-23,10
255,2023-04-05,7
255,2023-04-10,9
255,2023-04-19,4
255,2023-04-24,5
255,2023-05-04,2
255,2023-05-14,3
255,2023-05-24,2
255,2023-05-28,1
256,2023-12-04,7
256,2023-12-05,6
256,2023-12-06,10
256,2023-12-17,9
256,2023-12-18,7
256,2023-12-25,4
256,2024-01-06,9
256,2024-01-23,9
256,2024-01-28,5
256,2024-02-03,10
256,2024-02-10,10
256,2024-02-19,6
256,2024-02-25,4
256,2024-02-28,1
256,2024-03-08,2
257,2023-08-10,3
257,2023-08-11,1
257,2023-08-12,4
257,2023-08-23,7
257,2023-08-26,2
257,2023-08-27,7
257,2023-09-02,6
257,2023-09-04,0
257,2023-09-08,1
257,2023-10-03,2
257,2023-10-09,2
257,2023-10-16,7
257,2023-10-28,7
257,2023-10-31,7
257,2023-11-06,0
258,2023-07-02,7
258,2023-07-07,9
258,2023-07-14,9
258,2023-07-26,8
258,2023-08-01,4
258,2023-08-07,0
258,2023-08-12,7
258,2023-08-20,6
258,2023-08-23,7
258,2023-08-25,8
258,2023-08-27,9
258,2023-09-11,9
258,2023-09-13,10
258,2023-09-19,7
258,2023-09-30,3
259,2023-08-07,9
259,2023-08-12,10
259,2023-08-13,5
259,2023-08-19,7
259,2023-09-08,6
259,2023-09-14,0
259,2023-09-27,2
259,2023-09-28,4
259,2023-10-04,3
259,2023-10-07,7
259,2023-10-11,5
259,2023-10-14,7
259,2023-10-17,3
259,2023-10-26,8
259,2023-11-04,3
260,2023-08-15,5
260,2023-09-05,7
260,2023-09-11,2
260,2023-09-17,9
260,2023-09-21,3
260,2023-09-27,4
260,2023-10-13,1
260,2023-10-15,10
260,2023-10-21,7
260,2023-10-22,2
260,2023-10-24,2
260,2023-10-25,3
260,2023-10-29,2
260,2023-10-30,9
260,2023-11-01,7
261,2023-08-30,0
261,2023-09-03,1
261,2023-09-09,5
261,2023-09-17,6
261,2023-09-19,1
261,2023-09-23,9
261,2023-09-27,3
261,2023-09-30,1
261,2023-10-05,8
261,2023-10-12,3
261,2023-10-20,7
261,2023-10-30,4
261,2023-10-31,5
261,2023-11-07,5
261,2023-11-22,0
262,2023-02-03,1
262,2023-02-10,9
262,2023-02-11,9
262,2023-02-16,1
262,2023-03-03,8
262,2023-03-25,0
262,2023-03-27,8
262,2023-04-03,1
262,2023-04-09,2
262,2023-04-15,10
262,2023-04-23,1
262,2023-04-26,3
262,2023-04-28,5
262,2023-05-04,2
262,2023-05-06,4
263,2023-12-23,0
263,2023-12-26,3
263,2023-12-28,7
263,2023-12-30,5
263,2024-01-05,4
263,2024-01-22,8
263,2024-01-26,2
263,2024-02-02,1
263,2024-02-05,4
263,2024-02-12,5
263,2024-02-13,6
263,2024-03-02,5
263,2024-03-10,10
263,2024-03-13,10
263,2024-03-17,3
264,2023-12-04,0
264,2023-12-18,8
264,2023-12-19,1
264,2023-12-20,1
264,2023-12-30,5
264,2024-01-16,5
264,2024-01-22,6
264,2024-01-23,2
264,2024-01-24,6
264,2024-01-26,0
264,2024-01-28,6
264,2024-02-05,0
264,2024-02-06,10
264,2024-02-26,10
264,2024-03-06,2
265,2023-12-04,5
265,2024-01-03,5
265,2024-01-04,0
265,2024-01-17,4
265,2024-01-19,8
265,2024-02-01,9
265,2024-02-05,2
265,2024-02-08,6
265,2024-02-15,7
265,2024-02-19,10
265,2024-02-22,3
265,2024-02-24,8
265,2024-02-26,9
265,2024-02-27,9
265,2024-03-01,10
266,2023-02-24,2
266,2023-03-02,8
266,2023-03-17,8
266,2023-03-30,4
266,2023-04-03,3
266,2023-04-05,1
266,2023-04-10,8
266,2023-04-12,8
266,2023-04-17,4
266,2023-04-29,8
266,2023-05-14,5
266,2023-05-20,10
266,2023-05-23,2
266,2023-05-25,0
266,2023-05-30,0
267,2023-02-08,1
267,2023-02-15,0
267,2023-03-03,10
267,2023-03-06,1
267,2023-03-11,7
267,2023-03-18,4
267,2023-03-20,9
267,2023-03-27,0
267,2023-04-06,7
267,2023-04-11,5
267,2023-04-17,3
267,2023-04-22,9
267,2023-05-04,9
267,2023-05-05,10
267,2023-05-11,10
268,2023-08-12,1
268,2023-08-24,5
268,2023-08-26,8
268,2023-08-31,9
268,2023-09-02,3
268,2023-09-08,5
268,2023-09-12,7
268,2023-09-30,1
268,2023-10-02,2
268,2023-10-07,6
268,2023-10-10,6
268,2023-10-19,1
268,2023-10-20,1
268,2023-10-25,0
268,2023-10-28,6
269,2023-07-02,9
269,2023-07-09,7
269,2023-07-20,10
269,2023-07-26,6
269,2023-08-09,7
269,2023-08-12,7
269,2023-08-13,6
269,2023-08-19,2
269,2023-08-22,2
269,2023-08-28,8
269,2023-08-29,2
269,2023-09-02,7
269,2023-09-06,7
269,2023-09-17,2
269,2023-09-30,8
270,2023-03-01,4
270,2023-03-11,0
270,2023-03-12,8
270,2023-03-17,2
270,2023-03-24,1
270,2023-04-13,5
270,2023-04-18,4
270,2023-04-24,5
270,2023-04-26,4
270,2023-05-03,4
270,2023-05-07,7
270,2023-05-09,0
270,2023-05-13,2
270,2023-05-24,2
270,2023-05-31,9
271,2023-05-08,9
271,2023-05-13,4
271,2023-05-14,9
271,2023-05-16,7
271,2023-05-23,5
271,2023-05-31,6
271,2023-06-04,7
271,2023-06-13,9
271,2023-06-16,2
271,2023-06-21,2
271,2023-06-30,8
271,2023-07-08,10
271,2023-07-09,7
271,2023-07-17,7
271,2023-08-10,10
272,2023-04-14,4
272,2023-04-20,10
272,2023-04-28,1
272,2023-05-08,2
272,2023-05-20,0
272,2023-05-22,9
272,2023-05-28,10
272,2023-05-29,4
272,2023-05-31,8
272,2023-06-04,10
272,2023-06-05,1
272,2023-06-17,10
272,2023-06-27,8
272,2023-07-03,1
272,2023-07-11,3
273,2023-04-10,0
273,2023-04-14,4
273,2023-04-23,3
273,2023-05-01,3
273,2023-05-02,9
273,2023-06-07,7
273,2023-06-11,1
273,2023-06-13,8
273,2023-06-15,9
273,2023-06-16,5
273,2023-06-19,6
273,2023-06-20,9
273,2023-06-26,0
273,2023-07-01,7
273,2023-07-13,0
274,2023-10-05,2
274,2023-10-13,2
274,2023-10-14,4
274,2023-10-16,1
274,2023-10-23,2
274,2023-10-25,4
274,2023-11-03,6
274,2023-11-07,10
274,2023-11-11,2
274,2023-11-14,0
274,2023-11-19,9
274,2023-11-24,5
274,2023-11-26,2
274,2023-12-08,0
274,2023-12-10,0
275,2023-08-24,9
275,2023-08-30,3
275,2023-09-02,7
275,2023-09-05,8
275,2023-09-12,8
275,2023-09-17,6
275,2023-09-20,1
275,2023-09-25,4
275,2023-09-27,0
275,2023-09-28,5
275,2023-10-05,7
275,2023-10-06,8
275,2023-10-09,6
275,2023-11-02,1
275,2023-11-22,7
276,2023-03-15,4
276,2023-03-16,9
276,2023-03-25,6
276,2023-03-29,7
276,2023-04-11,1
276,2023-04-13,10
276,2023-04-16,8
276,2023-05-04,3
276,2023-05-22,2
276,2023-05-23,5
276,2023-05-27,8
276,2023-06-02,2
276,2023-06-04,3
276,2023-06-07,8
276,2023-06-18,6
277,2023-08-05,6
277,2023-08-10,5
277,2023-08-12,10
277,2023-08-26,3
277,2023-09-06,9
277,2023-09-08,8
277,2023-09-11,4
277,2023-10-01,0
277,2023-10-03,2
277,2023-10-05,8
277,2023-10-15,9
277,2023-10-20,1
277,2023-10-23,4
277,2023-10-27,1
277,2023-10-31,6
278,2023-04-19,7
278,2023-04-21,4
278,2023-04-30,3
278,2023-05-07,10
278,2023-05-09,5
278,2023-05-14,5
278,2023-05-17,3
278,2023-05-29,7
278,2023-06-07,9
278,2023-06-14,5
278,2023-06-21,0
278,2023-06-24,2
278,2023-06-30,10
278,2023-07-02,0
278,2023-07-05,9
279,2023-05-23,10
279,2023-05-24,1
279,2023-06-02,8
279,2023-06-14,0
279,2023-07-12,10
279,2023-07-14,7
279,2023-07-22,10
279,2023-07-24,1
279,2023-07-30,5
279,2023-08-02,6
279,2023-08-14,9
279,2023-08-17,5
279,2023-08-20,6
279,2023-08-21,2
279,2023-08-28,0
280,2023-08-26,9
280,2023-08-27,10
280,2023-09-05,4
280,2023-09-09,3
280,2023-09-18,3
280,2023-09-22,7
280,2023-09-29,5
280,2023-10-09,0
280,2023-10-11,4
280,2023-10-20,7
280,2023-10-23,9
280,2023-11-20,3
280,2023-11-23,0
280,2023-11-28,3
280,2023-11-30,10
281,2023-05-22,1
281,2023-05-29,9
281,2023-05-30,2
281,2023-06-01,1
281,2023-06-12,2
281,2023-06-27,4
281,2023-07-10,9
281,2023-07-11,3
281,2023-07-17,8
281,2023-07-19,4
281,2023-07-24,3
281,2023-07-31,10
281,2023-08-02,0
281,2023-08-03,10
281,2023-08-10,8
282,2023-02-08,1
282,2023-02-14,10
282,2023-03-12,8
282,2023-03-15,7
282,2023-03-21,7
282,2023-04-01,5
282,2023-04-03,8
282,2023-04-04,0
282,2023-04-07,3
282,2023-04-20,0
282,2023-04-27,4
282,2023-05-01,6
282,2023-05-02,8
282,2023-05-05,7
282,2023-05-06,5
283,2023-08-15,5
283,2023-08-18,4
283,2023-08-24,1
283,2023-08-25,10
283,2023-09-05,10
283,2023-09-08,1
283,2023-09-09,0
283,2023-09-12,7
283,2023-09-15,6
283,2023-09-26,0
283,2023-10-04,9
283,2023-10-08,10
283,2023-10-27,5
283,2023-11-11,4
283,2023-11-17,3
284,2023-10-15,7
284,2023-10-18,9
284,2023-10-21,1
284,2023-10-22,1
284,2023-11-08,0
284,2023-11-20,0
284,2023-11-21,6
284,2023-12-04,5
284,2023-12-08,1
284,2023-12-14,2
284,2023-12-24,0
284,2023-12-27,7
284,2023-12-28,0
284,2024-01-14,4
284,2024-01-16,9
285,2023-02-26,3
285,2023-02-27,9
285,2023-02-28,10
285,2023-03-04,9
285,2023-03-05,0
285,2023-03-29,7
285,2023-04-09,6
285,2023-04-12,7
285,2023-04-13,6
285,2023-04-16,9
285,2023-05-02,9
285,2023-05-10,1
285,2023-05-11,5
285,2023-05-17,10
285,2023-05-27,10
286,2023-01-27,4
286,2023-01-29,5
286,2023-02-03,6
286,2023-02-08,7
286,2023-02-11,9
286,2023-02-19,7
286,2023-03-09,2
286,2023-03-25,3
286,2023-04-01,2
286,2023-04-02,0
286,2023-04-09,0
286,2023-04-11,2
286,2023-04-12,4
286,2023-04-17,9
286,2023-04-27,6
287,2023-12-01,8
287,2023-12-18,9
287,2024-01-06,10
287,2024-01-08,10
287,2024-01-12,2
287,2024-01-14,0
287,2024-01-16,3
287,2024-01-29,8
287,2024-02-03,8
287,2024-02-07,0
287,2024-02-12,6
287,2024-02-15,5
287,2024-02-21,3
287,2024-03-05,3
287,2024-03-08,10
288,2023-10-12,5
288,2023-10-28,2
288,2023-10-29,1
288,2023-11-11,7
288,2023-11-15,0
288,2023-11-16,7
288,2023-11-26,3
288,2023-12-02,0
288,2023-12-03,10
288,2023-12-15,3
288,2023-12-17,3
288,2023-12-19,7
288,2023-12-21,9
288,2023-12-28,3
288,2023-12-31,3
289,2023-01-08,1
289,2023-01-09,2
289,2023-01-11,4
289,2023-01-17,7
289,2023-01-31,3
289,2023-02-03,10
289,2023-02-19,9
289,2023-02-22,5
289,2023-02-23,0
289,2023-02-25,0
289,2023-02-28,3
289,2023-03-10,3
289,2023-03-20,4
289,2023-04-12,2
289,2023-04-16,3
290,2023-02-19,4
290,2023-03-01,7
290,2023-03-03,3
290,2023-03-06,5
290,2023-03-11,5
290,2023-03-14,10
290,2023-03-15,2
290,2023-03-20,8
290,2023-03-22,9
290,2023-04-01,6
290,2023-04-06,1
290,2023-04-28,1
290,2023-05-11,2
290,2023-05-14,2
290,2023-05-20,3
291,2023-05-07,2
291,2023-05-26,5
291,2023-06-02,3
291,2023-06-08,0
291,2023-06-11,10
291,2023-06-18,4
291,2023-06-19,2
291,2023-06-25,8
291,2023-07-09,9
291,2023-07-16,7
291,2023-07-17,3
291,2023-07-19,1
291,2023-07-22,7
291,2023-07-29,10
291,2023-08-07,9
292,2023-04-04,7
292,2023-04-17,7
292,2023-04-18,7
292,2023-05-07,4
292,2023-05-13,9
292,2023-05-15,6
292,2023-05-25,10
292,2023-05-29,9
292,2023-05-31,10
292,2023-06-01,0
292,2023-06-02,3
292,2023-06-17,3
292,2023-06-23,3
292,2023-06-26,7
292,2023-07-01,3
293,2023-08-07,8
293,2023-08-14,5
293,2023-08-17,3
293,2023-08-24,9
293,2023-08-29,0
293,2023-09-03,7
293,2023-09-05,8
293,2023-09-13,9
293,2023-09-14,5
293,2023-09-16,6
293,2023-09-20,7
293,2023-09-22,7
293,2023-10-06,6
293,2023-10-09,6
293,2023-11-01,5
294,2023-09-09,8
294,2023-09-15,8
294,2023-09-16,10
294,2023-09-28,1
294,2023-10-05,4
294,2023-10-09,3
294,2023-10-10,1
294,2023-10-13,1
294,2023-10-16,1
294,2023-10-21,5
294,2023-10-24,0
294,2023-11-01,8
294,2023-11-08,3
294,2023-11-09,5
294,2023-11-27,3
295,2023-09-21,8
295,2023-09-28,4
295,2023-10-06,0
295,2023-10-09,4
295,2023-10-12,4
295,2023-10-16,5
295,2023-11-20,6
295,2023-11-29,6
295,2023-11-30,9
295,2023-12-03,10
295,2023-12-04,0
295,2023-12-07,7
295,2023-12-08,10
295,2023-12-09,8
295,2023-12-11,2
296,2023-04-30,6
296,2023-05-14,6
296,2023-05-16,3
296,2023-05-19,7
296,2023-05-30,7
296,2023-06-02,8
296,2023-06-09,0
296,2023-06-18,5
296,2023-06-19,2
296,2023-06-25,9
296,2023-06-29,2
296,2023-07-04,4
296,2023-07-21,0
296,2023-07-24,7
296,2023-07-25,10
297,2023-08-22,0
297,2023-09-01,9
297,2023-09-04,0
297,2023-09-06,2
297,2023-09-08,2
297,2023-09-14,5
297,2023-09-16,9
297,2023-09-17,10
297,2023-10-01,9
297,2023-10-08,9
297,2023-10-20,9
297,2023-10-21,6
297,2023-10-29,6
297,2023-10-30,3
297,2023-11-01,6
298,2023-02-08,2
298,2023-02-11,0
298,2023-02-13,9
298,2023-02-21,7
298,2023-02-24,0
298,2023-03-10,2
298,2023-03-14,3
298,2023-03-21,1
298,2023-03-29,6
298,2023-04-01,4
298,2023-04-09,3
298,2023-04-11,3
298,2023-04-13,4
298,2023-04-22,10
298,2023-04-27,8
299,2023-03-27,7
299,2023-04-02,1
299,2023-04-03,6
299,2023-04-09,3
299,2023-04-11,2
299,2023-04-15,3
299,2023-04-16,4
299,2023-05-06,6
299,2023-05-12,10
299,2023-05-15,7
299,2023-05-17,2
299,2023-05-18,9
299,2023-05-23,9
299,2023-05-31,4
299,2023-06-02,9
300,2023-07-14,9
300,2023-07-22,7
300,2023-08-01,7
300,2023-08-08,7
300,2023-08-14,9
300,2023-08-18,0
300,2023-08-25,1
300,2023-09-03,4
300,2023-09-09,10
300,2023-09-10,7
300,2023-09-16,5
300,2023-09-19,4
300,2023-09-29,6
300,2023-10-09,9
300,2023-10-13,2
301,2023-01-07,3
301,2023-01-14,2
301,2023-01-24,4
301,2023-01-25,10
301,2023-02-02,8
301,2023-02-20,4
301,2023-02-21,10
301,2023-02-24,1
301,2023-02-26,3
301,2023-03-01,7
301,2023-03-15,6
301,2023-03-22,8
301,2023-03-27,1
301,2023-04-01,5
301,2023-04-05,1
302,2023-07-22,10
302,2023-07-24,10
302,2023-07-28,7
302,2023-08-01,6
302,2023-08-09,5
302,2023-08-14,6
302,2023-08-20,3
302,2023-08-29,6
302,2023-09-09,0
302,2023-09-14,0
302,2023-09-16,4
302,2023-09-21,1
302,2023-10-23,2
302,2023-10-25,5
302,2023-10-26,10
303,2023-05-24,0
303,2023-05-26,9
303,2023-06-02,1
303,2023-06-05,2
303,2023-06-06,4
303,2023-06-16,1
303,2023-06-20,8
303,2023-07-11,6
303,2023-07-14,2
303,2023-07-15,1
303,2023-07-17,10
303,2023-07-25,0
303,2023-08-08,10
303,2023-08-15,4
303,2023-08-19,2
304,2023-08-25,6
304,2023-08-27,4
304,2023-09-03,7
304,2023-09-12,0
304,2023-09-17,9
304,2023-10-05,0
304,2023-10-16,0
304,2023-10-26,6
304,2023-10-28,3
304,2023-11-10,3
304,2023-11-11,5
304,2023-11-13,3
304,2023-11-15,3
304,2023-11-18,1
304,2023-11-20,0
305,2023-05-28,5
305,2023-05-30,5
305,2023-06-01,8
305,2023-06-04,10
305,2023-06-08,3
305,2023-06-09,9
305,2023-06-17,3
305,2023-06-20,8
305,2023-06-24,6
305,2023-07-09,6
305,2023-07-19,1
305,2023-07-31,3
305,2023-08-20,3
305,2023-08-22,1
305,2023-08-27,5
306,2023-08-06,0
306,2023-08-13,1
306,2023-08-27,3
306,2023-09-01,6
306,2023-09-02,4
306,2023-09-09,9
306,2023-09-14,7
306,2023-09-15,1
306,2023-09-21,8
306,2023-09-23,9
306,2023-09-25,2
306,2023-10-02,4
306,2023-10-23,1
306,2023-10-27,9
306,2023-10-28,5
307,2023-12-31,5
307,2024-01-09,0
307,2024-01-14,9
307,2024-02-01,9
307,2024-02-03,7
307,2024-02-10,6
307,2024-02-22,8
307,2024-03-12,10
307,2024-03-13,3
307,2024-03-17,8
307,2024-03-18,9
307,2024-03-20,0
307,2024-03-21,3
307,2024-03-29,0
307,2024-03-30,9
308,2023-10-19,3
308,2023-10-22,2
308,2023-10-27,6
308,2023-10-29,3
308,2023-11-11,10
308,2023-11-12,0
308,2023-11-18,3
308,2023-11-20,9
308,2023-11-28,7
308,2023-12-05,5
308,2023-12-14,2
308,2023-12-30,4
308,2024-01-14,5
308,2024-01-16,10
308,2024-01-17,0
309,2023-12-08,3
309,2023-12-11,10
309,2023-12-31,3
309,2024-01-03,9
309,2024-01-05,6
309,2024-01-10,8
309,2024-01-16,5
309,2024-01-17,2
309,2024-01-27,7
309,2024-02-09,10
309,2024-02-12,0
309,2024-02-25,1
309,2024-02-28,7
309,2024-03-07,1
309,2024-03-10,3
310,2023-09-13,4
310,2023-09-17,2
310,2023-09-18,3
310,2023-09-23,3
310,2023-09-25,6
310,2023-09-29,2
310,2023-10-03,9
310,2023-10-07,3
310,2023-10-31,4
310,2023-11-05,4
310,2023-11-10,9
310,2023-11-16,7
310,2023-11-21,10
310,2023-11-27,3
310,2023-12-08,4
311,2023-03-31,7
311,2023-04-09,0
311,2023-04-11,6
311,2023-05-06,6
311,2023-05-08,1
311,2023-05-10,4
311,2023-05-14,9
311,2023-05-15,8
311,2023-05-16,2
311,2023-05-20,8
311,2023-05-21,2
311,2023-05-24,4
311,2023-06-07,6
311,2023-06-23,7
311,2023-06-26,4
312,2023-04-08,0
312,2023-04-17,8
312,2023-04-25,5
312,2023-04-27,7
312,2023-05-02,6
312,2023-05-03,6
312,2023-05-14,6
312,2023-05-20,5
312,2023-05-26,6
312,2023-06-05,7
312,2023-06-07,4
312,2023-06-08,10
312,2023-06-18,9
312,2023-06-24,1
312,2023-07-08,6
313,2023-06-05,7
313,2023-06-16,10
313,2023-06-21,5
313,2023-06-25,0
313,2023-07-03,10
313,2023-07-15,6
313,2023-07-20,6
313,2023-07-26,3
313,2023-08-05,3
313,2023-08-12,7
313,2023-08-30,0
313,2023-09-01,5
313,2023-09-05,10
313,2023-09-06,10
313,2023-09-07,0
314,2023-04-23,1
314,2023-05-06,10
314,2023-05-10,6
314,2023-05-12,6
314,2023-05-23,9
314,2023-05-24,1
314,2023-05-25,8
314,2023-06-19,3
314,2023-07-05,6
314,2023-07-08,2
314,2023-07-13,6
314,2023-07-15,4
314,2023-07-16,4
314,2023-07-18,8
314,2023-07-20,8
315,2023-02-10,3
315,2023-02-12,6
315,2023-02-17,4
315,2023-03-05,0
315,2023-03-10,2
315,2023-03-15,7
315,2023-03-19,0
315,2023-03-23,1
315,2023-04-13,1
315,2023-04-15,6
315,2023-04-21,8
315,2023-04-24,6
315,2023-05-03,10
315,2023-05-06,4
315,2023-05-09,6
316,2023-10-31,2
316,2023-11-07,3
316,2023-11-10,4
316,2023-11-14,6
316,2023-11-15,7
316,2023-11-16,10
316,2023-11-18,9
316,2023-11-20,1
316,2023-12-10,10
316,2023-12-20,2
316,2023-12-25,1
316,2023-12-27,4
316,2024-01-04,1
316,2024-01-22,6
316,2024-01-27,1
317,2023-10-06,0
317,2023-10-08,10
317,2023-10-12,9
317,2023-10-13,0
317,2023-10-17,1
317,2023-11-04,3
317,2023-11-08,8
317,2023-11-09,0
317,2023-11-17,6
317,2023-12-05,9
317,2023-12-06,8
317,2023-12-18,4
317,2023-12-30,7
317,2024-01-09,7
317,2024-01-10,5
318,2023-02-08,1
318,2023-03-03,0
318,2023-03-13,7
318,2023-03-15,6
318,2023-03-16,2
318,2023-03-18,0
318,2023-03-19,9
318,2023-03-20,1
318,2023-03-21,8
318,2023-03-24,4
318,2023-03-27,3
318,2023-04-19,5
318,2023-04-20,7
318,2023-04-27,9
318,2023-04-29,10
319,2023-06-10,9
319,2023-06-12,7
319,2023-06-15,6
319,2023-07-04,9
319,2023-07-09,1
319,2023-07-21,5
319,2023-07-26,6
319,2023-08-01,7
319,2023-08-05,10
319,2023-08-09,1
319,2023-08-14,6
319,2023-08-30,4
319,2023-09-02,9
319,2023-09-04,3
319,2023-09-12,2
320,2023-02-03,7
320,2023-02-10,10
320,2023-02-13,8
320,2023-02-15,3
320,2023-02-20,3
320,2023-03-09,3
320,2023-03-28,2
320,2023-03-30,10
320,2023-04-03,1
320,2023-04-04,1
320,2023-04-06,6
320,2023-04-10,0
320,2023-04-13,2
320,2023-04-26,5
320,2023-05-01,6
321,2023-02-06,3
321,2023-02-10,9
321,2023-02-12,9
321,2023-02-23,1
321,2023-02-27,10
321,2023-03-02,5
321,2023-03-09,6
321,2023-03-27,6
321,2023-03-29,10
321,2023-04-04,10
321,2023-04-17,8
321,2023-04-21,6
321,2023-04-24,3
321,2023-04-28,3
321,2023-05-04,4
322,2023-10-27,0
322,2023-11-07,9
322,2023-11-10,8
322,2023-11-12,3
322,2023-11-20,6
322,2023-12-03,6
322,2023-12-05,5
322,2023-12-06,5
322,2023-12-09,10
322,2023-12-13,2
322,2023-12-14,8
322,2024-01-08,10
322,2024-01-10,9
322,2024-01-29,9
322,2024-01-30,3
323,2023-09-03,0
323,2023-09-15,9
323,2023-09-20,5
323,2023-09-30,4
323,2023-10-08,8
323,2023-10-09,1
323,2023-10-12,4
323,2023-10-22,9
323,2023-10-30,7
323,2023-11-04,10
323,2023-11-09,3
323,2023-11-17,7
323,2023-11-26,4
323,2023-11-28,6
323,2023-12-06,0
324,2023-09-21,2
324,2023-10-04,0
324,2023-10-07,8
324,2023-10-11,6
324,2023-10-13,5
324,2023-10-23,6
324,2023-10-27,10
324,2023-11-04,7
324,2023-11-16,5
324,2023-12-08,6
324,2023-12-13,6
324,2023-12-15,1
324,2023-12-17,8
324,2023-12-18,4
324,2023-12-23,4
325,2023-10-05,9
325,2023-10-11,2
325,2023-10-15,7
325,2023-10-19,7
325,2023-10-23,4
325,2023-11-06,2
325,2023-11-09,3
325,2023-11-18,3
325,2023-11-26,3
325,2023-12-08,10
325,2023-12-12,0
325,2023-12-21,5
325,2023-12-27,9
325,2023-12-28,1
325,2024-01-03,10
326,2023-03-28,9
326,2023-03-29,6
326,2023-04-03,2
326,2023-04-06,10
326,2023-04-09,6
326,2023-04-12,3
326,2023-04-13,0
326,2023-05-04,1
326,2023-05-06,3
326,2023-05-09,6
326,2023-05-15,7
326,2023-05-21,4
326,2023-05-26,9
326,2023-06-13,2
326,2023-06-16,10
327,2023-01-31,1
327,2023-02-10,1
327,2023-02-14,1
327,2023-03-06,7
327,2023-03-18,10
327,2023-03-19,10
327,2023-03-27,8
327,2023-03-30,3
327,2023-04-20,0
327,2023-04-23,9
327,2023-04-24,9
327,2023-04-25,9
327,2023-04-28,7
327,2023-05-05,4
327,2023-05-09,1
328,2023-09-26,2
328,2023-09-30,6
328,2023-10-04,0
328,2023-10-11,6
328,2023-10-26,8
328,2023-10-29,8
328,2023-11-06,8
328,2023-11-12,7
328,2023-11-18,1
328,2023-11-25,8
328,2023-11-30,9
328,2023-12-02,8
328,2023-12-09,10
328,2023-12-16,1
328,2023-12-18,3
329,2023-02-11,1
329,2023-02-16,8
329,2023-02-26,4
329,2023-02-27,0
329,2023-03-03,1
329,2023-03-06,1
329,2023-03-09,8
329,2023-03-23,4
329,2023-04-09,5
329,2023-04-23,8
329,2023-04-25,2
329,2023-04-28,6
329,2023-05-05,10
329,2023-05-06,0
329,2023-05-10,3
330,2023-04-11,3
330,2023-04-23,1
330,2023-05-13,10
330,2023-05-14,0
330,2023-05-16,3
330,2023-05-21,0
330,2023-06-01,3
330,2023-06-07,2
330,2023-06-10,4
330,2023-06-11,3
330,2023-06-13,2
330,2023-06-18,9
330,2023-06-22,8
330,2023-06-29,3
330,2023-07-03,9
331,2023-02-14,1
331,2023-02-21,4
331,2023-02-25,10
331,2023-03-09,6
331,2023-03-10,2
331,2023-03-12,8
331,2023-03-22,3
331,2023-03-25,1
331,2023-03-28,10
331,2023-03-31,4
331,2023-04-04,10
331,2023-04-16,10
331,2023-04-25,3
331,2023-04-29,5
331,2023-05-09,9
332,2023-11-04,8
332,2023-11-10,1
332,2023-11-16,10
332,2023-11-20,8
332,2023-11-21,6
332,2023-12-02,1
332,2023-12-05,5
332,2023-12-11,10
332,2023-12-19,1
332,2023-12-24,5
332,2023-12-26,5
332,2024-01-05,4
332,2024-01-17,2
332,2024-01-22,3
332,2024-01-24,4
333,2023-02-05,4
333,2023-02-16,8
333,2023-02-17,4
333,2023-02-19,9
333,2023-02-26,1
333,2023-03-04,0
333,2023-03-15,2
333,2023-03-20,5
333,2023-03-24,6
333,2023-04-07,2
333,2023-04-12,5
333,2023-04-18,10
333,2023-04-20,8
333,2023-05-04,8
333,2023-05-08,9
334,2023-12-13,4
334,2023-12-28,0
334,2023-12-30,10
334,2023-12-31,5
334,2024-01-14,3
334,2024-01-29,10
334,2024-02-01,9
334,2024-02-11,6
334,2024-02-15,7
334,2024-02-22,2
334,2024-02-25,7
334,2024-03-05,5
334,2024-03-08,7
334,2024-03-12,8
334,2024-03-15,4
335,2023-05-10,1
335,2023-05-11,2
335,2023-05-12,9
335,2023-05-30,0
335,2023-05-31,1
335,2023-06-05,4
335,2023-06-09,8
335,2023-06-10,7
335,2023-06-22,0
335,2023-06-24,6
335,2023-07-06,10
335,2023-07-21,8
335,2023-07-31,2
335,2023-08-02,7
335,2023-08-07,7
336,2023-07-26,3
336,2023-07-27,10
336,2023-08-10,8
336,2023-08-19,10
336,2023-09-08,9
336,2023-09-15,0
336,2023-09-18,9
336,2023-09-29,7
336,2023-10-02,2
336,2023-10-12,10
336,2023-10-20,8
336,2023-10-21,3
336,2023-10-23,2
336,2023-10-25,1
336,2023-10-29,5
337,2023-03-09,1
337,2023-03-17,4
337,2023-03-20,4
337,2023-03-24,7
337,2023-04-03,4
337,2023-04-15,4
337,2023-04-17,3
337,2023-04-19,0
337,2023-04-20,10
337,2023-04-26,9
337,2023-05-05,6
337,2023-05-07,3
337,2023-05-11,4
337,2023-05-28,10
337,2023-06-09,8
338,2023-10-19,6
338,2023-10-23,5
338,2023-10-26,0
338,2023-11-01,1
338,2023-11-11,6
338,2023-11-26,7
338,2023-11-30,3
338,2023-12-02,1
338,2023-12-03,8
338,2023-12-16,8
338,2023-12-17,2
338,2023-12-20,6
338,2024-01-05,1
338,2024-01-06,7
338,2024-01-19,0
339,2023-05-20,7
339,2023-05-26,10
339,2023-05-30,7
339,2023-06-04,2
339,2023-06-08,2
339,2023-06-10,5
339,2023-06-14,6
339,2023-06-22,0
339,2023-06-23,5
339,2023-06-26,3
339,2023-06-30,1
339,2023-07-06,3
339,2023-07-14,4
339,2023-07-30,0
339,2023-08-13,2
340,2023-10-28,2
340,2023-11-08,5
340,2023-11-13,6
340,2023-11-18,8
340,2023-11-27,6
340,2023-12-05,2
340,2023-12-13,1
340,2023-12-16,1
340,2023-12-24,0
340,2023-12-25,2
340,2023-12-26,2
340,2024-01-02,5
340,2024-01-17,8
340,2024-01-19,0
340,2024-01-27,10
341,2023-11-02,6
341,2023-11-07,3
341,2023-11-11,9
341,2023-12-01,2
341,2023-12-07,8
341,2023-12-08,2
341,2023-12-14,3
341,2023-12-25,4
341,2023-12-26,1
341,2024-01-01,4
341,2024-01-02,3
341,2024-01-16,10
341,2024-01-26,6
341,2024-02-03,3
341,2024-02-06,7
342,2023-02-03,6
342,2023-02-05,0
342,2023-02-06,4
342,2023-02-09,3
342,2023-02-13,2
342,2023-02-14,6
342,2023-02-19,0
342,2023-03-26,9
342,2023-04-06,3
342,2023-04-09,1
342,2023-04-11,0
342,2023-04-12,6
342,2023-04-20,6
342,2023-04-21,8
342,2023-04-24,4
343,2023-11-20,4
343,2023-11-21,5
343,2023-11-28,6
343,2023-12-12,3
343,2023-12-13,5
343,2023-12-18,0
343,2023-12-22,2
343,2023-12-27,0
343,2023-12-30,0
343,2024-01-07,0
343,2024-01-14,10
343,2024-01-18,5
343,2024-02-03,3
343,2024-02-04,4
343,2024-02-11,7
344,2023-02-12,2
344,2023-02-23,5
344,2023-02-25,5
344,2023-03-06,5
344,2023-03-15,9
344,2023-03-18,8
344,2023-03-21,9
344,2023-03-25,5
344,2023-03-29,3
344,2023-04-07,10
344,2023-04-14,4
344,2023-04-22,3
344,2023-04-29,9
344,2023-05-07,6
344,2023-05-09,1
345,2023-08-08,9
345,2023-08-12,5
345,2023-08-15,4
345,2023-08-16,7
345,2023-08-18,3
345,2023-08-19,8
345,2023-08-27,2
345,2023-09-29,0
345,2023-10-11,2
345,2023-10-17,3
345,2023-10-19,6
345,2023-10-22,8
345,2023-10-25,4
345,2023-11-01,8
345,2023-11-06,5
346,2023-12-05,2
346,2023-12-11,4
346,2023-12-18,0
346,2023-12-24,9
346,2024-01-07,0
346,2024-01-18,3
346,2024-01-25,6
346,2024-01-27,7
346,2024-01-29,10
346,2024-02-02,8
346,2024-02-05,8
346,2024-02-08,1
346,2024-02-17,2
346,2024-02-21,7
346,2024-03-03,8
347,2023-10-26,8
347,2023-10-27,7
347,2023-11-15,8
347,2023-11-18,8
347,2023-11-21,4
347,2023-11-22,4
347,2023-11-29,3
347,2023-12-14,4
347,2023-12-16,4
347,2024-01-05,8
347,2024-01-07,1
347,2024-01-09,2
347,2024-01-11,3
347,2024-01-23,0
347,2024-02-02,8
348,2023-10-17,10
348,2023-10-22,5
348,2023-10-23,10
348,2023-10-31,9
348,2023-11-03,5
348,2023-11-04,5
348,2023-11-12,1
348,2023-11-16,8
348,2023-11-17,4
348,2023-11-20,2
348,2023-11-21,6
348,2023-11-23,9
348,2023-12-24,4
348,2024-01-06,5
348,2024-01-07,0
349,2023-09-26,6
349,2023-09-27,10
349,2023-10-08,4
349,2023-10-17,10
349,2023-10-23,10
349,2023-10-27,9
349,2023-10-30,8
349,2023-11-09,3
349,2023-12-02,7
349,2023-12-08,3
349,2023-12-14,5
349,2023-12-18,4
349,2023-12-26,3
349,2023-12-27,9
349,2024-01-02,10
350,2023-06-22,2
350,2023-06-29,2
350,2023-06-30,3
350,2023-07-04,9
350,2023-07-10,7
350,2023-07-28,2
350,2023-07-31,10
350,2023-08-05,4
350,2023-08-07,0
350,2023-08-08,4
350,2023-08-11,2
350,2023-08-13,2
350,2023-09-11,6
350,2023-09-12,10
350,2023-09-15,9
351,2023-05-22,0
351,2023-05-23,9
351,2023-05-26,1
351,2023-05-31,6
351,2023-06-01,6
351,2023-06-07,0
351,2023-06-14,1
351,2023-07-04,0
351,2023-07-07,10
351,2023-07-11,0
351,2023-07-20,2
351,2023-08-04,3
351,2023-08-14,1
351,2023-08-15,4
351,2023-08-18,2
352,2023-04-16,2
352,2023-04-25,4
352,2023-04-28,5
352,2023-05-02,7
352,2023-05-10,2
352,2023-05-28,3
352,2023-06-10,0
352,2023-06-15,8
352,2023-06-23,4
352,2023-06-26,10
352,2023-06-30,8
352,2023-07-04,1
352,2023-07-14,0
352,2023-07-18,0
352,2023-07-21,1
353,2023-12-09,3
353,2023-12-12,10
353,2023-12-22,6
353,2023-12-27,10
353,2024-01-06,1
353,2024-01-07,7
353,2024-01-14,2
353,2024-01-15,1
353,2024-01-23,3
353,2024-01-27,1
353,2024-01-31,4
353,2024-02-01,5
353,2024-02-12,1
353,2024-02-16,9
353,2024-03-01,5
354,2023-06-15,4
354,2023-06-20,9
354,2023-06-25,4
354,2023-06-29,5
354,2023-07-02,1
354,2023-07-03,4
354,2023-07-22,7
354,2023-07-26,10
354,2023-08-03,5
354,2023-08-16,4
354,2023-08-25,1
354,2023-08-26,0
354,2023-09-03,2
354,2023-09-04,10
354,2023-09-05,2
355,2023-05-11,2
355,2023-05-14,6
355,2023-05-17,5
355,2023-05-19,5
355,2023-05-21,7
355,2023-06-07,6
355,2023-06-12,7
355,2023-06-13,6
355,2023-06-21,9
355,2023-06-26,10
355,2023-06-29,5
355,2023-07-03,2
355,2023-07-15,10
355,2023-08-03,3
355,2023-08-04,6
356,2023-05-26,1
356,2023-06-13,3
356,2023-06-14,5
356,2023-07-04,0
356,2023-07-08,3
356,2023-07-18,0
356,2023-07-22,5
356,2023-07-23,8
356,2023-07-25,7
356,2023-07-28,2
356,2023-07-29,1
356,2023-08-12,0
356,2023-08-15,5
356,2023-08-19,5
356,2023-08-23,2
357,2023-07-29,0
357,2023-08-06,6
357,2023-08-08,5
357,2023-08-09,0
357,2023-08-17,1
357,2023-08-19,10
357,2023-08-22,9
357,2023-08-28,1
357,2023-09-08,7
357,2023-09-13,9
357,2023-09-18,2
357,2023-09-30,0
357,2023-10-19,2
357,2023-10-20,5
357,2023-10-25,2
358,2023-03-10,7
358,2023-03-18,6
358,2023-03-19,5
358,2023-03-26,7
358,2023-03-28,10
358,2023-04-01,0
358,2023-04-09,4
358,2023-04-16,1
358,2023-05-01,2
358,2023-05-08,0
358,2023-05-15,10
358,2023-05-20,0
358,2023-06-06,9
358,2023-06-12,2
358,2023-06-14,8
359,2023-12-11,1
359,2023-12-30,8
359,2024-01-08,6
359,2024-01-12,2
359,2024-01-13,3
359,2024-01-18,6
359,2024-01-29,9
359,2024-02-02,0
359,2024-02-06,3
359,2024-02-12,6
359,2024-02-18,2
359,2024-02-21,8
359,2024-03-06,9
359,2024-03-09,1
359,2024-03-10,7
360,2023-12-03,9
360,2023-12-06,5
360,2023-12-10,0
360,2023-12-18,3
360,2023-12-21,4
360,2023-12-31,2
360,2024-01-06,8
360,2024-01-12,1
360,2024-01-13,1
360,2024-01-14,3
360,2024-01-17,9
360,2024-01-20,0
360,2024-01-27,4
360,2024-02-17,3
360,2024-02-18,8
361,2023-06-04,4
361,2023-06-07,6
361,2023-06-08,8
361,2023-06-09,3
361,2023-06-13,5
361,2023-06-14,6
361,2023-06-28,5
361,2023-07-03,2
361,2023-07-07,10
361,2023-07-12,1
361,2023-07-13,5
361,2023-07-18,6
361,2023-08-03,8
361,2023-08-14,1
361,2023-08-23,8
362,2023-08-26,3
362,2023-08-27,3
362,2023-09-02,10
362,2023-09-03,10
362,2023-09-11,2
362,2023-09-12,2
362,2023-09-29,8
362,2023-10-10,8
362,2023-10-21,9
362,2023-10-23,10
362,2023-11-06,8
362,2023-11-11,5
362,2023-11-18,7
362,2023-11-22,2
362,2023-11-30,5
363,2023-06-16,9
363,2023-06-20,10
363,2023-06-30,7
363,2023-07-07,1
363,2023-07-11,0
363,2023-07-18,2
363,2023-07-27,4
363,2023-07-30,8
363,2023-08-05,1
363,2023-08-27,7
363,2023-08-28,1
363,2023-08-29,7
363,2023-09-06,5
363,2023-09-10,2
363,2023-09-18,4
364,2023-02-15,7
364,2023-02-16,10
364,2023-02-18,2
364,2023-02-27,1
364,2023-03-01,9
364,2023-03-11,7
364,2023-03-12,0
364,2023-03-14,5
364,2023-03-24,4
364,2023-03-25,6
364,2023-04-06,6
364,2023-04-08,9
364,2023-04-21,10
364,2023-05-08,2
364,2023-05-16,7
365,2023-01-10,3
365,2023-01-12,8
365,2023-01-15,0
365,2023-02-07,2
365,2023-02-14,1
365,2023-02-20,4
365,2023-02-21,6
365,2023-02-26,2
365,2023-03-03,9
365,2023-03-10,6
365,2023-03-11,1
365,2023-03-25,3
365,2023-03-28,6
365,2023-04-02,7
365,2023-04-09,10
366,2023-09-02,1
366,2023-09-03,5
366,2023-09-05,5
366,2023-09-15,9
366,2023-09-17,7
366,2023-10-04,3
366,2023-10-06,7
366,2023-10-12,1
366,2023-10-13,4
366,2023-10-17,7
366,2023-10-21,0
366,2023-10-30,8
366,2023-11-13,2
366,2023-11-24,7
366,2023-11-29,2
367,2023-11-17,10
367,2023-11-19,6
367,2023-11-21,4
367,2023-11-22,4
367,2023-12-12,10
367,2023-12-25,2
367,2023-12-31,1
367,2024-01-02,2
367,2024-01-09,1
367,2024-01-14,4
367,2024-01-26,6
367,2024-01-30,1
367,2024-02-04,4
367,2024-02-20,7
367,2024-02-22,6
368,2023-10-22,7
368,2023-10-27,7
368,2023-11-06,8
368,2023-11-08,2
368,2023-11-10,6
368,2023-11-12,5
368,2023-11-18,9
368,2023-11-23,6
368,2023-11-28,0
368,2023-11-29,8
368,2023-12-08,9
368,2023-12-09,3
368,2023-12-22,1
368,2024-01-09,10
368,2024-01-20,9
369,2023-02-22,4
369,2023-03-07,8
369,2023-03-11,0
369,2023-03-12,7
369,2023-04-02,2
369,2023-04-03,10
369,2023-04-14,7
369,2023-04-20,10
369,2023-04-25,9
369,2023-05-10,1
369,2023-05-17,0
369,2023-05-18,3
369,2023-05-25,3
369,2023-05-26,6
369,2023-05-27,8
370,2023-02-08,4
370,2023-02-09,8
370,2023-02-28,1
370,2023-03-03,7
370,2023-03-05,10
370,2023-03-06,7
370,2023-03-17,6
370,2023-03-23,6
370,2023-03-25,5
370,2023-03-26,5
370,2023-03-27,8
370,2023-04-21,6
370,2023-04-24,8
370,2023-05-04,5
370,2023-05-17,1
371,2023-10-23,4
371,2023-10-25,9
371,2023-11-08,1
371,2023-11-19,1
371,2023-11-20,1
371,2023-11-26,1
371,2023-11-27,10
371,2023-11-30,0
371,2023-12-11,9
371,2023-12-12,6
371,2023-12-18,1
371,2023-12-23,7
371,2023-12-26,9
371,2023-12-29,8
371,2023-12-30,1
372,2023-04-24,3
372,2023-05-04,7
372,2023-05-17,1
372,2023-05-18,5
372,2023-05-27,7
372,2023-06-07,6
372,2023-06-12,10
372,2023-06-15,6
372,2023-06-17,0
372,2023-06-23,5
372,2023-06-29,3
372,2023-07-03,8
372,2023-07-10,4
372,2023-07-14,4
372,2023-07-28,10
373,2023-09-17,5
373,2023-09-18,2
373,2023-09-20,9
373,2023-09-21,6
373,2023-10-06,3
373,2023-10-17,8
373,2023-10-20,6
373,2023-10-26,3
373,2023-10-27,9
373,2023-11-03,10
373,2023-11-09,6
373,2023-11-22,0
373,2023-12-02,9
373,2023-12-12,6
373,2023-12-20,2
374,2023-05-28,10
374,2023-05-31,9
374,2023-06-01,6
374,2023-06-05,10
374,2023-06-07,4
374,2023-06-14,8
374,2023-06-25,2
374,2023-07-04,5
374,2023-07-06,3
374,2023-07-10,1
374,2023-07-19,1
374,2023-07-21,0
374,2023-08-05,6
374,2023-08-14,0
374,2023-08-17,10
375,2023-03-12,10
375,2023-03-19,5
375,2023-03-25,2
375,2023-03-28,3
375,2023-04-26,10
375,2023-05-06,3
375,2023-05-17,4
375,2023-05-21,3
375,2023-05-23,8
375,2023-05-27,3
375,2023-05-29,6
375,2023-06-07,4
375,2023-06-10,10
375,2023-06-12,0
375,2023-06-15,4
376,2023-06-30,1
376,2023-07-08,7
376,2023-07-09,5
376,2023-07-11,3
376,2023-07-12,6
376,2023-07-13,1
376,2023-07-16,7
376,2023-07-21,0
376,2023-07-31,6
376,2023-08-03,1
376,2023-08-25,7
376,2023-09-10,10
376,2023-09-12,1
376,2023-09-16,3
376,2023-09-17,10
377,2023-02-06,1
377,2023-02-09,5
377,2023-02-25,5
377,2023-02-27,7
377,2023-02-28,9
377,2023-03-15,9
377,2023-03-17,8
377,2023-03-25,0
377,2023-03-30,2
377,2023-04-03,8
377,2023-04-18,4
377,2023-04-23,1
377,2023-04-26,3
377,2023-04-27,9
377,2023-04-30,0
378,2023-05-08,2
378,2023-05-09,4
378,2023-05-16,4
378,2023-05-20,7
378,2023-05-23,3
378,2023-05-25,1
378,2023-06-02,5
378,2023-06-03,8
378,2023-06-16,10
378,2023-06-21,4
378,2023-07-10,7
378,2023-07-11,7
378,2023-07-13,6
378,2023-08-07,8
378,2023-08-11,6
379,2023-07-22,7
379,2023-07-30,6
379,2023-07-31,7
379,2023-08-02,6
379,2023-08-03,9
379,2023-08-04,4
379,2023-08-10,5
379,2023-08-13,9
379,2023-08-17,1
379,2023-08-28,9
379,2023-09-21,6
379,2023-09-22,6
379,2023-10-04,3
379,2023-10-08,9
379,2023-10-15,5
380,2023-05-30,6
380,2023-06-03,0
380,2023-06-16,1
380,2023-06-27,2
380,2023-07-02,5
380,2023-07-10,6
380,2023-07-12,2
380,2023-07-17,5
380,2023-07-22,3
380,2023-07-30,1
380,2023-08-01,3
380,2023-08-09,10
380,2023-08-11,5
380,2023-08-14,5
380,2023-08-16,2
381,2023-03-23,4
381,2023-03-30,9
381,2023-04-06,3
381,2023-04-18,8
381,2023-04-20,3
381,2023-05-01,1
381,2023-05-02,8
381,2023-05-03,4
381,2023-05-10,9
381,2023-05-20,10
381,2023-06-01,1
381,2023-06-02,9
381,2023-06-18,10
381,2023-06-21,6
381,2023-06-29,10
382,2023-08-18,6
382,2023-08-19,3
382,2023-08-28,9
382,2023-09-03,0
382,2023-09-07,4
382,2023-09-17,0
382,2023-09-22,10
382,2023-09-23,9
382,2023-10-05,0
382,2023-10-07,7
382,2023-10-09,4
382,2023-10-15,2
382,2023-10-27,6
382,2023-10-28,0
382,2023-11-17,8
383,2023-10-08,6
383,2023-10-11,1
383,2023-10-14,8
383,2023-10-18,5
383,2023-11-10,7
383,2023-11-13,9
383,2023-11-15,0
383,2023-11-18,6
383,2023-11-19,4
383,2023-11-28,7
383,2023-12-05,7
383,2023-12-12,10
383,2023-12-27,1
383,2024-01-06,5
383,2024-01-10,9
384,2023-12-28,0
384,2023-12-30,0
384,2024-01-02,4
384,2024-01-07,0
384,2024-01-09,1
384,2024-01-13,0
384,2024-01-17,4
384,2024-01-20,1
384,2024-01-24,4
384,2024-02-06,5
384,2024-02-12,9
384,2024-02-20,6
384,2024-03-04,4
384,2024-03-24,2
384,2024-03-28,2
385,2023-06-19,7
385,2023-06-20,10
385,2023-06-22,7
385,2023-07-04,4
385,2023-07-14,5
385,2023-07-26,7
385,2023-07-31,3
385,2023-08-01,1
385,2023-08-09,4
385,2023-08-10,4
385,2023-08-16,1
385,2023-08-17,5
385,2023-08-24,8
385,2023-08-28,3
385,2023-09-08,10
386,2023-11-11,5
386,2023-11-17,3
386,2023-11-19,9
386,2023-11-23,8
386,2023-12-04,8
386,2023-12-06,5
386,2023-12-07,4
386,2023-12-29,7
386,2024-01-08,10
386,2024-01-11,2
386,2024-01-12,8
386,2024-01-31,1
386,2024-02-03,2
386,2024-02-06,3
386,2024-02-12,5
387,2023-12-09,10
387,2023-12-22,1
387,2023-12-25,2
387,2023-12-26,7
387,2024-01-05,1
387,2024-01-09,1
387,2024-01-19,3
387,2024-01-21,0
387,2024-01-24,7
387,2024-01-27,2
387,2024-02-04,4
387,2024-02-12,0
387,2024-02-18,7
387,2024-02-26,10
387,2024-03-09,8
388,2023-10-04,4
388,2023-10-08,5
388,2023-10-13,1
388,2023-10-17,0
388,2023-10-25,10
388,2023-10-31,6
388,2023-11-09,6
388,2023-11-12,3
388,2023-11-17,4
388,2023-11-22,3
388,2023-11-23,6
388,2023-11-24,2
388,2023-12-01,9
388,2023-12-02,4
388,2023-12-07,8
389,2023-01-09,1
389,2023-01-11,8
389,2023-01-18,1
389,2023-01-19,4
389,2023-02-02,3
389,2023-02-04,9
389,2023-02-05,6
389,2023-02-08,6
389,2023-03-01,6
389,2023-03-09,1
389,2023-03-12,3
389,2023-03-19,4
389,2023-03-23,7
389,2023-03-28,3
389,2023-04-02,2
390,2023-12-08,4
390,2023-12-20,3
390,2023-12-31,2
390,2024-01-03,5
390,2024-01-13,10
390,2024-01-21,1
390,2024-02-07,2
390,2024-02-10,2
390,2024-02-22,5
390,2024-02-25,7
390,2024-02-27,2
390,2024-03-06,0
390,2024-03-07,10
390,2024-03-10,7
390,2024-03-11,6
391,2023-10-11,3
391,2023-10-12,7
391,2023-10-13,1
391,2023-10-20,0
391,2023-11-01,0
391,2023-11-02,9
391,2023-11-13,10
391,2023-11-22,4
391,2023-11-25,3
391,2023-12-10,8
391,2023-12-12,8
391,2023-12-24,2
391,2023-12-26,2
391,2024-01-05,1
391,2024-01-16,1
392,2023-06-04,10
392,2023-07-05,9
392,2023-07-11,7
392,2023-07-15,1
392,2023-07-17,4
392,2023-07-18,10
392,2023-07-19,8
392,2023-07-30,10
392,2023-07-31,0
392,2023-08-04,2
392,2023-08-08,6
392,2023-08-11,3
392,2023-08-26,10
392,2023-09-01,2
392,2023-09-05,5
393,2023-12-09,4
393,2023-12-17,10
393,2023-12-19,10
393,2023-12-30,8
393,2024-01-01,7
393,2024-01-06,8
393,2024-01-21,2
393,2024-01-23,4
393,2024-01-30,10
393,2024-02-07,5
393,2024-02-17,5
393,2024-02-25,6
393,2024-03-04,9
393,2024-03-09,6
393,2024-03-10,4
394,2023-02-28,0
394,2023-03-09,7
394,2023-03-10,10
394,2023-03-19,2
394,2023-03-31,7
394,2023-04-03,10
394,2023-04-07,2
394,2023-04-08,8
394,2023-04-19,4
394,2023-04-22,9
394,2023-04-30,8
394,2023-05-06,10
394,2023-05-08,2
394,2023-05-12,4
394,2023-05-23,7
395,2023-03-10,10
395,2023-03-11,0
395,2023-03-15,0
395,2023-03-16,4
395,2023-03-18,2
395,2023-03-25,5
395,2023-04-06,4
395,2023-04-15,8
395,2023-04-16,10
395,2023-04-18,8
395,2023-04-24,2
395,2023-05-04,1
395,2023-05-07,4
395,2023-05-11,2
395,2023-05-24,3
396,2023-05-20,4
396,2023-05-26,4
396,2023-05-28,9
396,2023-06-13,4
396,2023-06-16,2
396,2023-06-22,9
396,2023-06-30,6
396,2023-07-04,10
396,2023-07-06,5
396,2023-07-09,9
396,2023-07-10,2
396,2023-07-15,10
396,2023-07-29,3
396,2023-08-05,4
396,2023-08-10,2
397,2023-03-11,8
397,2023-03-13,7
397,2023-03-18,5
397,2023-03-24,8
397,2023-03-26,10
397,2023-04-08,5
397,2023-04-09,7
397,2023-04-18,5
397,2023-04-23,6
397,2023-04-25,7
397,2023-04-29,6
397,2023-05-09,6
397,2023-05-10,7
397,2023-05-12,0
397,2023-05-20,8
398,2023-02-27,9
398,2023-03-07,4
398,2023-03-12,0
398,2023-03-13,6
398,2023-03-27,2
398,2023-04-03,6
398,2023-04-12,10
398,2023-04-18,0
398,2023-04-30,7
398,2023-05-04,8
398,2023-05-09,7
398,2023-05-13,0
398,2023-05-14,1
398,2023-05-31,0
398,2023-06-02,4
399,2023-10-18,0
399,2023-10-23,3
399,2023-10-24,8
399,2023-10-26,2
399,2023-11-17,8
399,2023-11-22,7
399,2023-12-11,2
399,2023-12-15,3
399,2023-12-22,10
399,2023-12-24,10
399,2023-12-26,2
399,2024-01-02,4
399,2024-01-05,10
399,2024-01-07,4
399,2024-01-13,0
400,2023-03-21,7
400,2023-03-29,0
400,2023-04-02,8
400,2023-04-03,7
400,2023-04-04,6
400,2023-04-05,0
400,2023-04-09,1
400,2023-04-15,4
400,2023-04-16,6
400,2023-04-21,7
400,2023-05-22,2
400,2023-05-26,3
400,2023-06-06,8
400,2023-06-08,4
400,2023-06-17,9
401,2023-05-22,8
401,2023-06-04,3
401,2023-06-07,7
401,2023-06-10,7
401,2023-06-12,4
401,2023-06-19,4
401,2023-07-14,10
401,2023-07-15,1
401,2023-07-24,9
401,2023-08-06,7
401,2023-08-09,5
401,2023-08-12,10
401,2023-08-15,4
401,2023-08-22,6
401,2023-08-23,6
402,2023-05-26,0
402,2023-05-28,10
402,2023-06-07,10
402,2023-06-09,10
402,2023-06-12,9
402,2023-06-30,7
402,2023-07-02,0
402,2023-07-13,5
402,2023-07-17,2
402,2023-07-18,7
402,2023-07-22,7
402,2023-07-23,4
402,2023-08-05,0
402,2023-08-07,2
402,2023-08-22,5
403,2023-11-14,7
403,2023-11-25,2
403,2023-11-28,4
403,2023-12-02,10
403,2023-12-19,4
403,2023-12-20,6
403,2023-12-21,1
403,2023-12-25,10
403,2024-01-09,7
403,2024-01-10,6
403,2024-01-12,7
403,2024-01-17,9
403,2024-01-28,10
403,2024-02-04,2
403,2024-02-06,9
404,2023-04-26,0
404,2023-05-04,0
404,2023-05-21,2
404,2023-05-29,3
404,2023-06-01,1
404,2023-06-08,10
404,2023-06-21,1
404,2023-06-24,7
404,2023-07-01,10
404,2023-07-02,7
404,2023-07-06,5
404,2023-07-11,3
404,2023-07-16,3
404,2023-07-17,1
404,2023-07-26,2
405,2023-06-29,9
405,2023-07-02,10
405,2023-07-03,0
405,2023-07-04,2
405,2023-07-09,5
405,2023-07-27,1
405,2023-08-11,7
405,2023-08-13,6
405,2023-08-17,2
405,2023-08-20,10
405,2023-09-11,9
405,2023-09-26,8
405,2023-09-28,3
405,2023-09-29,3
405,2023-09-30,4
406,2023-04-18,10
406,2023-04-26,1
406,2023-05-05,3
406,2023-05-09,0
406,2023-05-10,2
406,2023-05-13,0
406,2023-05-21,5
406,2023-06-09,6
406,2023-06-10,9
406,2023-06-16,8
406,2023-06-21,1
406,2023-06-28,5
406,2023-07-04,2
406,2023-07-10,10
406,2023-07-18,10
407,2023-12-26,6
407,2024-01-04,1
407,2024-01-11,9
407,2024-01-13,1
407,2024-02-01,2
407,2024-02-10,8
407,2024-02-12,4
407,2024-02-16,1
407,2024-02-19,1
407,2024-02-20,7
407,2024-02-23,3
407,2024-02-27,0
407,2024-02-29,9
407,2024-03-06,8
407,2024-03-07,5
408,2023-11-23,9
408,2023-11-29,8
408,2023-11-30,4
408,2023-12-11,6
408,2023-12-19,9
408,2023-12-21,0
408,2023-12-23,8
408,2023-12-27,1
408,2023-12-28,9
408,2024-01-05,7
408,2024-01-09,4
408,2024-01-26,10
408,2024-01-28,0
408,2024-02-02,0
408,2024-02-19,5
409,2023-05-23,9
409,2023-05-25,9
409,2023-06-02,0
409,2023-06-10,5
409,2023-06-11,1
409,2023-06-15,6
409,2023-06-18,9
409,2023-06-27,9
409,2023-07-08,1
409,2023-07-18,8
409,2023-07-25,7
409,2023-08-08,2
409,2023-08-17,4
409,2023-08-20,0
409,2023-08-21,1
410,2023-09-18,8
410,2023-09-19,9
410,2023-09-20,6
410,2023-09-23,10
410,2023-10-11,10
410,2023-10-14,0
410,2023-10-15,8
410,2023-10-24,7
410,2023-10-30,0
410,2023-11-10,6
410,2023-11-16,6
410,2023-11-18,2
410,2023-11-19,6
410,2023-12-08,6
410,2023-12-24,8
411,2023-09-15,0
411,2023-09-19,3
411,2023-09-22,6
411,2023-09-23,8
411,2023-09-25,9
411,2023-10-02,0
411,2023-10-07,0
411,2023-10-08,3
411,2023-10-21,0
411,2023-10-23,1
411,2023-10-25,0
411,2023-11-02,2
411,2023-11-03,7
411,2023-11-22,2
411,2023-11-25,4
412,2023-05-14,3
412,2023-05-18,7
412,2023-05-24,5
412,2023-05-25,3
412,2023-06-09,7
412,2023-06-10,4
412,2023-06-15,5
412,2023-06-18,8
412,2023-06-22,4
412,2023-06-28,10
412,2023-07-09,3
412,2023-07-17,8
412,2023-07-25,4
412,2023-07-31,5
412,2023-08-01,8
413,2023-02-02,8
413,2023-02-06,3
413,2023-02-09,1
413,2023-02-13,5
413,2023-02-22,2
413,2023-02-25,0
413,2023-03-03,3
413,2023-03-07,7
413,2023-03-12,10
413,2023-03-20,7
413,2023-03-30,1
413,2023-04-01,0
413,2023-04-03,7
413,2023-04-16,0
413,2023-04-27,4
414,2023-02-19,10
414,2023-02-22,6
414,2023-02-24,8
414,2023-02-27,0
414,2023-03-12,10
414,2023-03-15,4
414,2023-03-17,0
414,2023-03-24,8
414,2023-03-27,5
414,2023-04-06,0
414,2023-04-07,9
414,2023-04-14,5
414,2023-04-21,4
414,2023-05-03,9
414,2023-05-06,3
415,2023-11-24,8
415,2023-11-28,7
415,2023-12-04,6
415,2023-12-27,9
415,2024-01-03,9
415,2024-01-09,8
415,2024-01-14,4
415,2024-01-15,2
415,2024-01-30,6
415,2024-02-08,7
415,2024-02-15,3
415,2024-02-21,2
415,2024-02-22,0
415,2024-02-23,4
415,2024-02-25,10
416,2023-08-09,10
416,2023-08-15,9
416,2023-09-05,0
416,2023-09-06,1
416,2023-09-08,4
416,2023-09-09,9
416,2023-09-11,10
416,2023-09-17,5
416,2023-09-20,4
416,2023-09-24,2
416,2023-10-13,7
416,2023-10-17,7
416,2023-10-22,0
416,2023-10-28,7
416,2023-11-11,0
417,2023-05-26,1
417,2023-05-29,7
417,2023-06-01,2
417,2023-06-18,4
417,2023-06-26,4
417,2023-07-01,4
417,2023-07-06,7
417,2023-07-13,2
417,2023-07-20,3
417,2023-07-22,10
417,2023-07-31,2
417,2023-08-01,2
417,2023-08-04,9
417,2023-08-08,10
417,2023-08-11,0
418,2023-01-27,4
418,2023-01-28,0
418,2023-01-30,10
418,2023-02-06,5
418,2023-02-15,8
418,2023-02-21,0
418,2023-02-25,9
418,2023-03-04,3
418,2023-03-20,5
418,2023-03-28,1
418,2023-04-03,1
418,2023-04-07,8
418,2023-04-16,7
418,2023-04-20,1
418,2023-04-24,8
419,2023-01-05,5
419,2023-01-11,6
419,2023-01-20,10
419,2023-01-28,5
419,2023-02-01,7
419,2023-02-07,4
419,2023-02-12,9
419,2023-02-17,0
419,2023-02-18,2
419,2023-02-24,5
419,2023-02-25,0
419,2023-03-16,4
419,2023-03-20,2
419,2023-03-25,9
419,2023-03-30,0
420,2023-06-24,6
420,2023-07-03,10
420,2023-07-09,1
420,2023-07-17,1
420,2023-07-30,3
420,2023-08-03,9
420,2023-08-07,8
420,2023-08-24,9
420,2023-09-02,10
420,2023-09-05,8
420,2023-09-12,6
420,2023-09-19,8
420,2023-09-20,1
420,2023-09-22,8
420,2023-09-27,0
421,2023-04-01,3
421,2023-04-08,7
421,2023-04-11,5
421,2023-04-14,1
421,2023-04-17,3
421,2023-04-19,7
421,2023-04-23,6
421,2023-05-03,5
421,2023-05-07,1
421,2023-05-13,5
421,2023-05-14,8
421,2023-05-20,8
421,2023-05-24,1
421,2023-05-31,5
421,2023-06-14,10
422,2023-12-09,9
422,2023-12-10,4
422,2023-12-22,4
422,2023-12-24,5
422,2024-01-14,5
422,2024-01-15,1
422,2024-01-19,1
422,2024-01-23,6
422,2024-01-30,6
422,2024-02-03,8
422,2024-02-05,2
422,2024-02-08,9
422,2024-02-16,7
422,2024-02-17,10
422,2024-03-01,3
423,2023-05-16,6
423,2023-05-19,0
423,2023-05-27,2
423,2023-05-30,1
423,2023-05-31,2
423,2023-06-05,8
423,2023-06-07,8
423,2023-06-17,6
423,2023-07-07,6
423,2023-07-12,5
423,2023-07-14,2
423,2023-07-24,6
423,2023-08-14,8
423,2023-08-18,3
423,2023-08-20,4
424,2023-03-29,4
424,2023-04-02,7
424,2023-04-06,2
424,2023-04-08,2
424,2023-05-06,9
424,2023-05-08,8
424,2023-05-15,1
424,2023-05-18,2
424,2023-05-20,0
424,2023-06-07,9
424,2023-06-09,9
424,2023-06-10,5
424,2023-06-12,10
424,2023-06-24,10
424,2023-06-26,7
425,2023-08-21,9
425,2023-08-27,8
425,2023-09-06,8
425,2023-09-13,9
425,2023-09-19,8
425,2023-09-22,6
425,2023-09-25,4
425,2023-09-27,5
425,2023-10-02,6
425,2023-10-10,5
425,2023-10-17,2
425,2023-10-19,2
425,2023-10-29,0
425,2023-11-15,3
425,2023-11-21,6
426,2023-10-22,1
426,2023-10-25,3
426,2023-10-31,10
426,2023-11-07,4
426,2023-11-12,2
426,2023-11-14,1
426,2023-11-15,3
426,2023-11-19,8
426,2023-11-23,8
426,2023-12-05,2
426,2023-12-11,0
426,2023-12-15,9
426,2023-12-22,0
426,2023-12-26,8
426,2023-12-27,8
427,2023-08-07,1
427,2023-08-10,1
427,2023-08-23,7
427,2023-08-31,6
427,2023-09-02,7
427,2023-09-12,4
427,2023-09-13,1
427,2023-09-23,2
427,2023-09-30,4
427,2023-10-02,10
427,2023-10-04,1
427,2023-10-08,5
427,2023-10-12,1
427,2023-10-19,3
427,2023-11-08,1
428,2023-10-24,0
428,2023-11-04,6
428,2023-11-19,1
428,2023-11-24,8
428,2023-11-25,5
428,2023-11-26,3
428,2023-12-12,8
428,2023-12-18,10
428,2023-12-19,10
428,2024-01-03,0
428,2024-01-09,10
428,2024-01-11,10
428,2024-01-13,0
428,2024-01-17,3
428,2024-01-22,2
429,2023-01-21,1
429,2023-01-24,8
429,2023-01-28,3
429,2023-01-30,0
429,2023-02-02,6
429,2023-02-07,1
429,2023-02-10,7
429,2023-02-22,8
429,2023-03-06,9
429,2023-03-08,3
429,2023-03-09,2
429,2023-03-21,0
429,2023-03-27,6
429,2023-04-01,4
429,2023-04-08,9
430,2023-03-22,7
430,2023-03-28,10
430,2023-03-29,6
430,2023-04-05,9
430,2023-04-06,5
430,2023-04-12,8
430,2023-04-16,7
430,2023-04-29,4
430,2023-04-30,1
430,2023-05-05,3
430,2023-05-12,1
430,2023-05-18,4
430,2023-05-19,6
430,2023-05-22,7
430,2023-05-23,5
431,2023-02-22,9
431,2023-02-24,6
431,2023-03-02,10
431,2023-03-11,3
431,2023-03-20,0
431,2023-03-24,4
431,2023-03-30,4
431,2023-04-03,8
431,2023-04-08,3
431,2023-04-10,6
431,2023-04-11,0
431,2023-05-03,8
431,2023-05-08,5
431,2023-05-09,4
431,2023-05-18,10
432,2023-12-25,4
432,2023-12-26,7
432,2024-01-17,6
432,2024-01-22,3
432,2024-01-23,9
432,2024-01-29,2
432,2024-02-01,8
432,2024-02-08,3
432,2024-02-09,10
432,2024-02-10,1
432,2024-02-12,9
432,2024-02-14,9
432,2024-02-20,5
432,2024-03-10,2
432,2024-03-22,9
433,2023-03-20,3
433,2023-03-24,5
433,2023-03-26,8
433,2023-03-29,3
433,2023-04-29,2
433,2023-05-02,8
433,2023-05-05,6
433,2023-05-23,3
433,2023-05-26,4
433,2023-05-27,2
433,2023-06-09,5
433,2023-06-16,5
433,2023-06-18,6
433,2023-06-24,3
433,2023-06-25,8
434,2023-10-08,0
434,2023-10-09,3
434,2023-10-11,10
434,2023-10-12,3
434,2023-10-20,0
434,2023-10-27,4
434,2023-11-07,1
434,2023-11-12,6
434,2023-11-14,10
434,2023-11-26,6
434,2023-12-08,2
434,2023-12-10,4
434,2023-12-13,1
434,2024-01-08,1
434,2024-01-11,1
435,2023-01-20,6
435,2023-01-21,3
435,2023-01-31,9
435,2023-02-07,4
435,2023-03-13,5
435,2023-03-24,6
435,2023-03-29,8
435,2023-04-04,0
435,2023-04-06,4
435,2023-04-19,4
435,2023-04-21,7
435,2023-04-22,3
435,2023-04-23,1
435,2023-04-24,4
435,2023-04-26,10
436,2023-07-20,3
436,2023-08-06,6
436,2023-08-13,0
436,2023-08-14,7
436,2023-08-15,6
436,2023-08-26,5
436,2023-08-30,8
436,2023-09-01,1
436,2023-09-07,7
436,2023-09-08,3
436,2023-09-11,9
436,2023-09-15,0
436,2023-09-18,6
436,2023-09-20,3
436,2023-10-06,7
437,2023-11-05,9
437,2023-11-07,3
437,2023-11-08,1
437,2023-11-13,2
437,2023-11-16,6
437,2023-11-21,9
437,2023-12-04,7
437,2023-12-07,8
437,2023-12-12,9
437,2023-12-26,3
437,2023-12-27,0
437,2024-01-05,7
437,2024-01-06,4
437,2024-01-14,6
437,2024-01-16,4
438,2023-10-10,8
438,2023-10-14,7
438,2023-10-29,5
438,2023-11-05,10
438,2023-11-13,3
438,2023-11-20,5
438,2023-11-22,7
438,2023-12-01,7
438,2023-12-11,8
438,2023-12-20,8
438,2023-12-21,1
438,2023-12-25,1
438,2024-01-06,6
438,2024-01-12,1
438,2024-01-14,6
439,2023-03-18,8
439,2023-03-21,7
439,2023-03-31,2
439,2023-04-01,8
439,2023-04-02,6
439,2023-04-06,6
439,2023-04-07,0
439,2023-04-11,4
439,2023-05-10,1
439,2023-05-12,6
439,2023-05-19,4
439,2023-05-22,10
439,2023-06-05,4
439,2023-06-20,8
439,2023-06-21,5
440,2023-08-27,3
440,2023-08-30,5
440,2023-09-04,2
440,2023-09-10,2
440,2023-09-15,8
440,2023-09-25,7
440,2023-10-07,0
440,2023-10-08,5
440,2023-10-14,6
440,2023-10-20,2
440,2023-10-25,2
440,2023-10-26,7
440,2023-10-31,1
440,2023-11-04,0
440,2023-11-08,4
441,2023-03-14,10
441,2023-03-15,8
441,2023-03-19,3
441,2023-03-27,5
441,2023-03-31,10
441,2023-04-01,0
441,2023-04-18,3
441,2023-04-20,4
441,2023-05-04,4
441,2023-05-05,6
441,2023-05-14,9
441,2023-05-22,4
441,2023-05-25,5
441,2023-06-03,9
441,2023-06-04,6
442,2023-01-31,9
442,2023-02-04,1
442,2023-02-10,2
442,2023-02-13,8
442,2023-02-16,9
442,2023-02-18,10
442,2023-02-23,6
442,2023-02-24,5
442,2023-02-26,9
442,2023-04-01,9
442,2023-04-03,9
442,2023-04-07,4
442,2023-04-14,9
442,2023-04-16,10
442,2023-04-25,7
443,2023-06-07,6
443,2023-06-13,10
443,2023-06-16,7
443,2023-06-18,5
443,2023-06-24,4
443,2023-06-25,8
443,2023-06-28,1
443,2023-07-03,3
443,2023-07-04,8
443,2023-07-06,6
443,2023-07-18,6
443,2023-08-02,6
443,2023-08-06,7
443,2023-08-11,5
443,2023-08-24,4
444,2023-07-16,4
444,2023-07-24,10
444,2023-07-27,1
444,2023-08-02,8
444,2023-08-10,6
444,2023-08-15,10
444,2023-08-30,5
444,2023-08-31,2
444,2023-09-06,0
444,2023-09-10,5
444,2023-09-11,7
444,2023-09-15,10
444,2023-09-21,5
444,2023-09-25,6
444,2023-10-05,3
445,2023-01-21,5
445,2023-01-22,1
445,2023-02-12,5
445,2023-02-14,4
445,2023-02-15,8
445,2023-03-01,0
445,2023-03-08,9
445,2023-03-09,4
445,2023-03-10,0
445,2023-03-18,10
445,2023-03-29,4
445,2023-04-02,10
445,2023-04-06,7
445,2023-04-09,6
445,2023-04-26,0
446,2023-07-06,10
446,2023-07-10,8
446,2023-07-25,1
446,2023-08-04,0
446,2023-08-07,5
446,2023-08-30,0
446,2023-09-01,9
446,2023-09-03,2
446,2023-09-14,2
446,2023-09-18,2
446,2023-09-21,1
446,2023-09-30,6
446,2023-10-01,1
446,2023-10-02,0
446,2023-10-06,7
447,2023-04-20,9
447,2023-04-25,5
447,2023-04-30,8
447,2023-05-09,0
447,2023-05-12,10
447,2023-05-23,6
447,2023-05-28,6
447,2023-05-30,10
447,2023-06-26,10
447,2023-07-05,0
447,2023-07-08,1
447,2023-07-10,3
447,2023-07-13,8
447,2023-07-17,2
447,2023-07-21,4
448,2023-12-16,5
448,2023-12-21,1
448,2023-12-26,5
448,2024-01-07,7
448,2024-01-10,9
448,2024-01-20,1
448,2024-01-24,9
448,2024-02-06,7
448,2024-02-10,1
448,2024-02-18,1
448,2024-02-25,1
448,2024-03-02,2
448,2024-03-06,1
448,2024-03-13,2
448,2024-03-20,5
449,2023-05-09,10
449,2023-05-10,3
449,2023-05-18,2
449,2023-05-29,4
449,2023-06-04,0
449,2023-06-08,6
449,2023-06-16,4
449,2023-06-24,2
449,2023-07-05,4
449,2023-07-22,2
449,2023-07-27,9
449,2023-07-28,5
449,2023-08-03,6
449,2023-08-08,3
449,2023-08-14,3
450,2023-12-19,8
450,2023-12-30,7
450,2024-01-02,10
450,2024-01-10,10
450,2024-01-11,2
450,2024-01-14,0
450,2024-01-21,9
450,2024-01-22,6
450,2024-01-23,2
450,2024-02-02,8
450,2024-02-08,9
450,2024-02-20,3
450,2024-02-28,6
450,2024-03-06,5
450,2024-03-15,10
451,2023-03-05,4
451,2023-03-20,0
451,2023-03-21,1
451,2023-03-27,8
451,2023-03-28,10
451,2023-03-30,10
451,2023-04-06,2
451,2023-04-22,7
451,2023-04-27,2
451,2023-04-28,7
451,2023-05-03,9
451,2023-05-20,5
451,2023-05-22,5
451,2023-05-28,9
451,2023-05-31,6
452,2023-07-02,1
452,2023-07-05,2
452,2023-07-14,5
452,2023-07-21,4
452,2023-08-11,2
452,2023-08-12,7
452,2023-08-13,8
452,2023-08-15,2
452,2023-08-23,0
452,2023-08-30,7
452,2023-09-14,9
452,2023-09-19,7
452,2023-09-21,9
452,2023-09-23,9
452,2023-09-28,6
453,2023-10-19,8
453,2023-11-12,1
453,2023-11-14,6
453,2023-11-15,6
453,2023-11-21,4
453,2023-11-26,9
453,2023-11-30,6
453,2023-12-04,9
453,2023-12-13,0
453,2023-12-14,2
453,2023-12-29,8
453,2024-01-08,2
453,2024-01-14,4
453,2024-01-15,9
453,2024-01-19,8
454,2023-08-03,2
454,2023-08-08,7
454,2023-08-13,0
454,2023-08-14,10
454,2023-08-15,2
454,2023-08-22,3
454,2023-09-05,2
454,2023-09-08,4
454,2023-09-10,4
454,2023-09-16,1
454,2023-09-24,2
454,2023-10-08,3
454,2023-10-20,3
454,2023-11-01,6
454,2023-11-03,1
455,2023-11-14,3
455,2023-11-26,7
455,2023-12-03,10
455,2023-12-04,6
455,2023-12-15,7
455,2023-12-28,3
455,2023-12-31,1
455,2024-01-03,6
455,2024-01-13,2
455,2024-01-14,5
455,2024-01-23,2
455,2024-01-24,6
455,2024-02-09,5
455,2024-02-14,4
455,2024-02-21,10
456,2023-03-24,3
456,2023-03-30,5
456,2023-04-12,5
456,2023-04-18,5
456,2023-05-04,8
456,2023-05-10,0
456,2023-05-14,9
456,2023-05-22,9
456,2023-05-28,6
456,2023-06-04,1
456,2023-06-05,10
456,2023-06-06,3
456,2023-06-14,2
456,2023-06-22,7
456,2023-06-23,3
457,2023-05-07,0
457,2023-05-13,4
457,2023-05-21,6
457,2023-05-25,2
457,2023-05-29,2
457,2023-06-07,6
457,2023-06-09,10
457,2023-06-10,8
457,2023-06-14,1
457,2023-06-20,7
457,2023-06-25,1
457,2023-06-26,5
457,2023-07-02,10
457,2023-07-24,1
457,2023-07-27,10
458,2023-03-26,0
458,2023-04-10,4
458,2023-04-14,6
458,2023-05-04,4
458,2023-05-13,10
458,2023-05-15,1
458,2023-05-18,9
458,2023-05-22,7
458,2023-05-26,8
458,2023-05-28,5
458,2023-06-06,7
458,2023-06-16,5
458,2023-06-18,8
458,2023-06-20,5
458,2023-07-01,1
459,2023-04-01,9
459,2023-04-11,7
459,2023-04-20,6
459,2023-04-23,0
459,2023-04-26,7
459,2023-05-04,4
459,2023-05-14,0
459,2023-05-20,1
459,2023-05-25,7
459,2023-06-05,7
459,2023-06-08,5
459,2023-06-15,0
459,2023-06-26,9
459,2023-06-30,10
459,2023-07-07,5
460,2023-08-02,4
460,2023-08-03,10
460,2023-08-22,0
460,2023-09-01,9
460,2023-09-03,1
460,2023-09-06,5
460,2023-09-10,0
460,2023-09-12,8
460,2023-09-14,6
460,2023-09-22,3
460,2023-09-23,2
460,2023-09-26,1
460,2023-10-08,8
460,2023-10-25,1
460,2023-11-06,2
461,2023-01-18,5
461,2023-01-22,5
461,2023-01-31,0
461,2023-02-13,2
461,2023-02-17,9
461,2023-02-26,10
461,2023-03-09,1
461,2023-03-12,6
461,2023-03-17,8
461,2023-03-21,1
461,2023-03-26,5
461,2023-04-02,10
461,2023-04-04,4
461,2023-04-11,6
461,2023-04-16,6
462,2023-04-04,8
462,2023-04-12,3
462,2023-04-16,0
462,2023-04-25,5
462,2023-04-26,9
462,2023-05-04,7
462,2023-05-05,3
462,2023-05-10,6
462,2023-05-27,4
462,2023-06-06,2
462,2023-06-14,4
462,2023-06-19,8
462,2023-06-24,10
462,2023-07-03,0
462,2023-07-06,9
463,2023-06-20,10
463,2023-06-22,5
463,2023-07-06,1
463,2023-07-13,3
463,2023-07-16,3
463,2023-07-24,0
463,2023-07-25,5
463,2023-07-26,3
463,2023-08-10,1
463,2023-08-11,9
463,2023-08-12,4
463,2023-08-18,9
463,2023-09-04,7
463,2023-09-12,9
463,2023-09-14,6
464,2023-07-31,7
464,2023-08-18,3
464,2023-09-08,8
464,2023-09-10,2
464,2023-09-11,10
464,2023-09-12,6
464,2023-09-17,4
464,2023-09-24,6
464,2023-09-27,0
464,2023-09-28,10
464,2023-10-07,9
464,2023-10-09,1
464,2023-10-14,10
464,2023-10-19,7
464,2023-11-02,8
465,2023-12-12,9
465,2023-12-19,9
465,2023-12-28,2
465,2024-01-04,9
465,2024-01-15,5
465,2024-01-16,9
465,2024-01-18,6
465,2024-01-22,6
465,2024-01-25,0
465,2024-02-04,4
465,2024-02-06,8
465,2024-02-14,7
465,2024-03-04,3
465,2024-03-13,6
465,2024-03-14,8
466,2023-05-20,6
466,2023-05-22,8
466,2023-05-23,6
466,2023-05-24,5
466,2023-05-28,3
466,2023-05-30,6
466,2023-06-04,9
466,2023-06-14,4
466,2023-06-25,5
466,2023-06-27,5
466,2023-07-20,10
466,2023-07-24,1
466,2023-08-10,10
466,2023-08-14,10
466,2023-08-15,10
467,2023-06-06,6
467,2023-06-08,4
467,2023-06-14,0
467,2023-06-22,8
467,2023-06-26,5
467,2023-07-06,7
467,2023-07-07,10
467,2023-07-13,2
467,2023-07-15,10
467,2023-07-19,1
467,2023-07-20,6
467,2023-07-24,9
467,2023-08-06,10
467,2023-08-21,6
467,2023-08-22,6
468,2023-03-25,9
468,2023-03-26,3
468,2023-04-02,2
468,2023-04-09,9
468,2023-04-16,10
468,2023-04-20,7
468,2023-05-03,10
468,2023-05-14,1
468,2023-05-26,5
468,2023-06-04,0
468,2023-06-07,9
468,2023-06-09,10
468,2023-06-10,6
468,2023-06-12,8
468,2023-06-24,8
469,2023-12-29,3
469,2024-01-03,9
469,2024-01-11,7
469,2024-01-15,7
469,2024-01-17,3
469,2024-01-19,10
469,2024-01-20,9
469,2024-01-25,7
469,2024-02-01,3
469,2024-02-05,2
469,2024-02-11,7
469,2024-02-22,8
469,2024-02-24,10
469,2024-03-26,1
469,2024-03-27,9
470,2023-02-25,1
470,2023-03-01,6
470,2023-03-05,4
470,2023-03-17,8
470,2023-03-28,1
470,2023-04-08,9
470,2023-04-15,10
470,2023-04-18,8
470,2023-04-25,0
470,2023-04-26,7
470,2023-05-02,7
470,2023-05-22,0
470,2023-05-23,4
470,2023-05-28,6
470,2023-05-31,0
471,2023-07-28,1
471,2023-07-30,2
471,2023-08-02,5
471,2023-08-17,6
471,2023-08-30,10
471,2023-09-04,5
471,2023-09-07,2
471,2023-09-09,3
471,2023-09-18,7
471,2023-09-27,3
471,2023-10-03,4
471,2023-10-06,1
471,2023-10-14,5
471,2023-10-19,10
471,2023-10-20,1
472,2023-02-20,9
472,2023-02-22,0
472,2023-02-24,2
472,2023-02-26,2
472,2023-03-03,8
472,2023-03-04,4
472,2023-03-17,0
472,2023-03-18,3
472,2023-03-19,5
472,2023-03-23,9
472,2023-04-02,5
472,2023-04-18,4
472,2023-04-19,4
472,2023-04-20,2
472,2023-04-26,9
473,2023-09-14,10
473,2023-09-16,3
473,2023-09-17,0
473,2023-09-30,3
473,2023-10-05,9
473,2023-10-07,4
473,2023-10-17,2
473,2023-10-24,9
473,2023-10-28,0
473,2023-11-14,4
473,2023-11-18,5
473,2023-11-23,8
473,2023-11-25,8
473,2023-11-28,6
473,2023-12-02,7
474,2023-05-13,7
474,2023-05-15,6
474,2023-05-16,0
474,2023-06-03,10
474,2023-06-07,1
474,2023-06-10,5
474,2023-06-11,3
474,2023-06-24,4
474,2023-06-25,3
474,2023-06-27,3
474,2023-06-29,2
474,2023-06-30,4
474,2023-07-08,9
474,2023-07-12,1
474,2023-07-15,10
475,2023-04-14,10
475,2023-04-17,1
475,2023-05-08,5
475,2023-05-12,8
475,2023-05-28,1
475,2023-05-29,4
475,2023-06-03,8
475,2023-06-10,8
475,2023-06-15,8
475,2023-06-19,1
475,2023-06-24,0
475,2023-07-03,7
475,2023-07-07,9
475,2023-07-16,8
475,2023-07-17,3
476,2023-08-29,1
476,2023-09-15,3
476,2023-09-16,1
476,2023-09-22,2
476,2023-09-24,8
476,2023-09-25,4
476,2023-09-27,0
476,2023-09-28,3
476,2023-10-21,3
476,2023-11-02,3
476,2023-11-09,9
476,2023-11-15,9
476,2023-11-20,7
476,2023-11-23,7
476,2023-11-26,1
477,2023-07-05,9
477,2023-07-08,7
477,2023-07-09,4
477,2023-07-11,9
477,2023-07-13,0
477,2023-07-24,9
477,2023-07-26,6
477,2023-08-08,1
477,2023-08-24,7
477,2023-08-28,10
477,2023-08-29,3
477,2023-09-05,9
477,2023-09-06,10
477,2023-09-12,9
477,2023-09-18,7
478,2023-06-06,4
478,2023-06-28,4
478,2023-07-08,8
478,2023-07-10,3
478,2023-07-12,5
478,2023-07-18,4
478,2023-07-28,10
478,2023-08-06,8
478,2023-08-08,8
478,2023-08-09,4
478,2023-08-10,10
478,2023-08-21,7
478,2023-08-25,1
478,2023-08-27,2
478,2023-09-10,7
479,2023-04-27,10
479,2023-05-05,10
479,2023-05-09,8
479,2023-05-17,2
479,2023-05-19,3
479,2023-06-04,1
479,2023-06-06,3
479,2023-06-09,3
479,2023-06-21,4
479,2023-06-22,8
479,2023-06-26,4
479,2023-06-29,5
479,2023-07-01,8
479,2023-07-22,7
479,2023-08-02,1
480,2023-05-14,7
480,2023-05-15,10
480,2023-05-16,9
480,2023-05-19,6
480,2023-05-21,4
480,2023-06-02,3
480,2023-06-05,4
480,2023-06-14,7
480,2023-06-30,4
480,2023-07-07,5
480,2023-07-12,2
480,2023-07-18,4
480,2023-07-20,5
480,2023-07-21,5
480,2023-08-01,5
481,2023-01-13,4
481,2023-01-20,0
481,2023-01-30,3
481,2023-02-21,3
481,2023-02-27,10
481,2023-03-04,4
481,2023-03-05,4
481,2023-03-06,5
481,2023-03-07,0
481,2023-03-08,5
481,2023-03-11,6
481,2023-03-12,6
481,2023-03-26,5
481,2023-04-05,8
481,2023-04-20,8
482,2023-12-13,7
482,2023-12-17,0
482,2023-12-24,10
482,2023-12-29,6
482,2023-12-31,7
482,2024-01-04,3
482,2024-01-08,4
482,2024-01-14,9
482,2024-01-29,9
482,2024-02-03,6
482,2024-02-06,0
482,2024-02-17,1
482,2024-02-21,0
482,2024-03-05,10
482,2024-03-07,5
483,2023-04-18,2
483,2023-04-23,9
483,2023-04-26,4
483,2023-04-28,9
483,2023-05-14,3
483,2023-05-15,8
483,2023-05-20,1
483,2023-05-26,7
483,2023-05-31,3
483,2023-06-04,5
483,2023-06-08,9
483,2023-06-16,8
483,2023-07-11,10
483,2023-07-13,4
483,2023-07-17,8
484,2023-07-26,2
484,2023-08-01,5
484,2023-08-10,7
484,2023-08-20,3
484,2023-08-30,7
484,2023-09-02,5
484,2023-09-08,5
484,2023-09-19,3
484,2023-09-29,10
484,2023-10-20,4
484,2023-10-21,4
484,2023-10-23,9
484,2023-10-26,0
484,2023-10-27,2
484,2023-10-30,1
485,2023-06-20,5
485,2023-06-22,8
485,2023-06-24,7
485,2023-06-25,4
485,2023-08-04,9
485,2023-08-07,5
485,2023-08-09,10
485,2023-08-11,1
485,2023-08-12,1
485,2023-08-19,9
485,2023-08-21,1
485,2023-08-22,8
485,2023-08-24,1
485,2023-08-29,8
485,2023-09-08,2
486,2023-06-01,2
486,2023-06-03,10
486,2023-06-16,5
486,2023-06-27,1
486,2023-07-17,2
486,2023-07-19,10
486,2023-07-21,9
486,2023-07-27,5
486,2023-08-04,7
486,2023-08-09,8
486,2023-08-14,6
486,2023-08-18,0
486,2023-08-25,6
486,2023-08-27,9
486,2023-08-29,4
487,2023-02-05,10
487,2023-02-06,10
487,2023-02-07,3
487,2023-02-24,9
487,2023-03-05,5
487,2023-03-10,9
487,2023-03-18,2
487,2023-03-26,3
487,2023-03-31,2
487,2023-04-04,3
487,2023-04-14,4
487,2023-04-20,2
487,2023-04-25,1
487,2023-05-02,0
487,2023-05-14,8
488,2023-05-28,6
488,2023-05-31,4
488,2023-06-08,3
488,2023-06-12,3
488,2023-06-17,5
488,2023-06-18,0
488,2023-06-21,2
488,2023-06-30,7
488,2023-07-02,1
488,2023-07-03,6
488,2023-07-06,0
488,2023-07-31,7
488,2023-08-08,3
488,2023-08-15,6
488,2023-08-30,0
489,2023-07-10,1
489,2023-07-14,2
489,2023-07-21,3
489,2023-07-24,1
489,2023-07-25,7
489,2023-08-16,9
489,2023-08-19,5
489,2023-08-24,5
489,2023-08-25,6
489,2023-09-01,3
489,2023-09-03,3
489,2023-09-11,1
489,2023-09-12,8
489,2023-09-29,5
489,2023-10-05,7
490,2023-11-25,10
490,2023-11-27,4
490,2023-12-03,3
490,2023-12-07,1
490,2023-12-09,10
490,2023-12-27,10
490,2024-01-03,6
490,2024-01-09,7
490,2024-01-10,0
490,2024-01-12,4
490,2024-01-15,10
490,2024-01-17,5
490,2024-01-19,0
490,2024-01-22,2
490,2024-01-29,3
491,2023-09-19,10
491,2023-09-22,4
491,2023-09-25,5
491,2023-10-04,9
491,2023-10-05,6
491,2023-10-07,2
491,2023-10-10,6
491,2023-10-14,2
491,2023-11-17,2
491,2023-11-23,8
491,2023-11-29,2
491,2023-12-03,10
491,2023-12-15,2
491,2023-12-21,5
491,2023-12-24,1
492,2023-07-27,2
492,2023-07-28,6
492,2023-08-13,0
492,2023-08-19,8
492,2023-08-26,6
492,2023-09-01,9
492,2023-09-03,8
492,2023-09-04,2
492,2023-09-09,2
492,2023-09-13,1
492,2023-09-22,0
492,2023-09-25,5
492,2023-10-11,3
492,2023-10-12,1
492,2023-10-26,6
493,2023-12-14,10
493,2023-12-22,8
493,2023-12-28,5
493,2023-12-30,9
493,2023-12-31,10
493,2024-01-15,1
493,2024-01-22,7
493,2024-01-24,7
493,2024-02-05,9
493,2024-02-08,3
493,2024-02-11,2
493,2024-02-12,3
493,2024-02-20,8
493,2024-02-29,2
493,2024-03-04,2
494,2023-10-12,5
494,2023-10-14,7
494,2023-10-15,10
494,2023-10-25,9
494,2023-10-30,8
494,2023-11-02,8
494,2023-11-03,9
494,2023-11-07,4
494,2023-11-09,2
494,2023-11-22,5
494,2023-12-19,6
494,2023-12-25,5
494,2024-01-01,10
494,2024-01-03,2
494,2024-01-05,9
495,2023-06-20,0
495,2023-06-23,9
495,2023-06-25,7
495,2023-07-07,7
495,2023-07-09,5
495,2023-07-12,3
495,2023-07-14,10
495,2023-07-19,9
495,2023-07-30,6
495,2023-08-07,7
495,2023-08-08,3
495,2023-09-07,7
495,2023-09-08,9
495,2023-09-21,4
495,2023-09-22,8
496,2023-01-27,10
496,2023-01-30,5
496,2023-02-07,8
496,2023-02-16,4
496,2023-02-19,1
496,2023-02-27,5
496,2023-03-12,6
496,2023-03-14,10
496,2023-03-18,0
496,2023-03-21,8
496,2023-03-26,2
496,2023-04-08,1
496,2023-04-09,3
496,2023-04-20,7
496,2023-04-23,1
497,2023-03-11,2
497,2023-03-16,10
497,2023-03-17,3
497,2023-03-24,0
497,2023-03-25,3
497,2023-04-07,5
497,2023-04-09,8
497,2023-04-14,9
497,2023-04-20,2
497,2023-04-25,9
497,2023-04-27,8
497,2023-05-04,8
497,2023-05-05,0
497,2023-05-10,8
497,2023-05-31,5
498,2023-05-26,8
498,2023-06-02,9
498,2023-06-03,6
498,2023-06-04,3
498,2023-06-11,4
498,2023-06-12,0
498,2023-06-30,6
498,2023-07-20,4
498,2023-07-22,6
498,2023-08-01,8
498,2023-08-03,6
498,2023-08-09,7
498,2023-08-10,7
498,2023-08-13,5
498,2023-08-18,2
499,2023-04-02,6
499,2023-04-09,2
499,2023-04-10,2
499,2023-04-11,7
499,2023-04-28,2
499,2023-05-04,3
499,2023-05-10,6
499,2023-05-11,2
499,2023-06-12,10
499,2023-06-17,6
499,2023-06-19,6
499,2023-06-26,9
499,2023-07-01,3
499,2023-07-03,3
499,2023-07-04,5
500,2023-11-03,5
500,2023-11-09,0
500,2023-11-11,10
500,2023-11-12,1
500,2023-11-13,8
500,2023-11-20,4
500,2023-11-22,8
500,2023-11-29,1
500,2023-12-15,10
500,2023-12-20,9
500,2024-01-07,7
500,2024-01-19,3
500,2024-01-25,10
500,2024-01-27,7
500,2024-01-30,4
501,2023-05-21,10
501,2023-05-25,7
501,2023-05-30,6
501,2023-05-31,9
501,2023-06-04,2
501,2023-06-17,7
501,2023-06-19,4
501,2023-06-28,3
501,2023-07-03,8
501,2023-07-13,1
501,2023-07-24,1
501,2023-08-02,9
501,2023-08-16,9
501,2023-08-19,5
501,2023-08-20,3
502,2023-01-27,6
502,2023-02-02,10
502,2023-02-21,4
502,2023-02-24,5
502,2023-03-03,1
502,2023-03-14,0
502,2023-03-16,1
502,2023-03-24,7
502,2023-03-26,3
502,2023-04-11,9
502,2023-04-15,7
502,2023-04-19,3
502,2023-04-22,9
502,2023-04-23,6
502,2023-04-28,10
503,2023-03-02,9
503,2023-03-09,1
503,2023-03-10,1
503,2023-03-31,3
503,2023-04-14,5
503,2023-04-28,9
503,2023-05-02,10
503,2023-05-07,9
503,2023-05-08,6
503,2023-05-11,6
503,2023-05-13,0
503,2023-05-18,5
503,2023-05-21,10
503,2023-05-26,7
503,2023-06-04,7
504,2023-11-05,4
504,2023-11-06,6
504,2023-11-14,0
504,2023-11-25,7
504,2023-11-29,4
504,2023-12-14,5
504,2023-12-23,10
504,2023-12-27,5
504,2024-01-07,5
504,2024-01-13,3
504,2024-01-14,4
504,2024-01-21,7
504,2024-01-26,0
504,2024-02-05,5
504,2024-02-09,7
505,2023-08-31,2
505,2023-09-06,7
505,2023-09-13,1
505,2023-09-21,5
505,2023-09-24,5
505,2023-10-01,9
505,2023-10-20,8
505,2023-10-21,3
505,2023-10-31,5
505,2023-11-01,4
505,2023-11-08,1
505,2023-11-13,1
505,2023-11-15,10
505,2023-11-17,6
505,2023-11-18,5
506,2023-07-16,2
506,2023-07-19,5
506,2023-07-21,0
506,2023-07-29,1
506,2023-08-08,3
506,2023-08-09,9
506,2023-08-11,4
506,2023-08-13,8
506,2023-08-21,10
506,2023-08-27,8
506,2023-08-28,4
506,2023-09-13,8
506,2023-09-15,8
506,2023-09-24,2
506,2023-09-30,6
507,2023-06-19,2
507,2023-06-21,6
507,2023-06-28,1
507,2023-07-05,4
507,2023-07-13,9
507,2023-07-23,9
507,2023-07-25,1
507,2023-07-30,5
507,2023-07-31,3
507,2023-08-17,7
507,2023-08-25,0
507,2023-08-28,3
507,2023-09-02,8
507,2023-09-07,2
507,2023-09-09,10
508,2023-08-13,7
508,2023-08-14,6
508,2023-08-15,8
508,2023-08-30,8
508,2023-09-08,9
508,2023-09-09,3
508,2023-09-12,6
508,2023-09-16,2
508,2023-09-18,8
508,2023-10-07,9
508,2023-10-12,6
508,2023-10-14,10
508,2023-10-29,9
508,2023-11-02,6
508,2023-11-08,4
509,2023-11-16,8
509,2023-11-24,9
509,2023-12-07,2
509,2023-12-08,1
509,2023-12-10,8
509,2023-12-17,7
509,2023-12-18,8
509,2023-12-22,5
509,2023-12-23,1
509,2023-12-24,9
509,2024-01-01,3
509,2024-01-15,5
509,2024-02-03,10
509,2024-02-04,8
509,2024-02-05,3
510,2023-09-21,8
510,2023-09-25,10
510,2023-09-27,0
510,2023-10-10,5
510,2023-10-23,7
510,2023-11-13,2
510,2023-11-14,1
510,2023-11-15,10
510,2023-11-16,5
510,2023-11-17,1
510,2023-11-21,4
510,2023-11-29,9
510,2023-12-01,4
510,2023-12-03,0
510,2023-12-07,9
511,2023-03-18,3
511,2023-03-28,9
511,2023-04-08,8
511,2023-04-09,6
511,2023-04-12,2
511,2023-04-20,8
511,2023-04-25,10
511,2023-04-27,9
511,2023-05-02,5
511,2023-05-08,0
511,2023-05-24,9
511,2023-05-26,0
511,2023-05-29,5
511,2023-05-30,9
511,2023-06-06,1
512,2023-07-20,10
512,2023-07-25,7
512,2023-07-26,1
512,2023-08-06,5
512,2023-08-08,1
512,2023-08-09,1
512,2023-08-10,6
512,2023-08-17,9
512,2023-09-07,10
512,2023-09-22,6
512,2023-10-01,6
512,2023-10-03,6
512,2023-10-18,7
512,2023-10-22,2
512,2023-10-24,5
513,2023-11-03,10
513,2023-11-04,10
513,2023-11-14,1
513,2023-11-15,5
513,2023-11-17,7
513,2023-11-21,1
513,2023-11-24,8
513,2023-11-25,4
513,2023-12-01,0
513,2023-12-06,9
513,2023-12-07,0
513,2023-12-13,8
513,2023-12-17,0
513,2023-12-25,10
513,2024-01-21,5
514,2023-04-08,9
514,2023-04-09,7
514,2023-04-11,2
514,2023-04-16,8
514,2023-04-20,3
514,2023-04-29,5
514,2023-04-30,1
514,2023-05-02,10
514,2023-05-17,2
514,2023-05-19,9
514,2023-05-25,5
514,2023-05-27,9
514,2023-06-14,2
514,2023-06-19,7
514,2023-06-28,2
515,2023-05-14,8
515,2023-05-15,2
515,2023-05-24,1
515,2023-05-26,7
515,2023-05-30,3
515,2023-06-03,9
515,2023-06-17,2
515,2023-06-19,9
515,2023-06-24,5
515,2023-07-06,7
515,2023-07-14,10
515,2023-07-18,8
515,2023-07-25,6
515,2023-07-29,7
515,2023-08-06,1
516,2023-01-28,10
516,2023-01-30,9
516,2023-01-31,1
516,2023-02-10,8
516,2023-02-16,1
516,2023-02-22,10
516,2023-02-23,10
516,2023-03-07,5
516,2023-03-09,8
516,2023-03-10,9
516,2023-03-15,9
516,2023-03-25,8
516,2023-03-26,8
516,2023-04-03,6
516,2023-04-18,8
517,2023-08-22,0
517,2023-08-29,7
517,2023-09-06,1
517,2023-09-17,5
517,2023-09-18,8
517,2023-09-22,7
517,2023-09-29,9
517,2023-10-02,6
517,2023-10-05,4
517,2023-10-06,7
517,2023-10-08,4
517,2023-10-13,10
517,2023-10-31,0
517,2023-11-02,8
517,2023-11-17,0
518,2023-01-04,6
518,2023-01-07,3
518,2023-01-12,5
518,2023-01-23,8
518,2023-01-25,0
518,2023-02-08,10
518,2023-02-09,6
518,2023-02-10,8
518,2023-03-10,8
518,2023-03-11,2
518,2023-03-15,8
518,2023-03-17,5
518,2023-03-24,10
518,2023-04-05,0
518,2023-04-06,3
519,2023-09-25,3
519,2023-09-29,1
519,2023-10-03,4
519,2023-10-06,0
519,2023-10-17,3
519,2023-10-20,10
519,2023-10-22,5
519,2023-11-03,2
519,2023-11-11,6
519,2023-11-21,3
519,2023-11-26,5
519,2023-12-06,6
519,2023-12-11,0
519,2023-12-14,2
519,2023-12-24,2
520,2023-10-29,6
520,2023-11-03,0
520,2023-11-05,6
520,2023-11-06,6
520,2023-11-11,6
520,2023-11-26,4
520,2023-12-15,3
520,2023-12-18,7
520,2023-12-21,4
520,2023-12-22,9
520,2023-12-25,0
520,2023-12-27,10
520,2023-12-29,6
520,2024-01-01,0
520,2024-01-05,7
521,2023-12-26,4
521,2023-12-27,10
521,2024-01-01,6
521,2024-01-03,4
521,2024-01-07,8
521,2024-01-08,4
521,2024-01-10,4
521,2024-01-15,9
521,2024-01-28,4
521,2024-02-18,1
521,2024-02-24,1
521,2024-03-08,6
521,2024-03-11,3
521,2024-03-15,1
521,2024-03-21,8
522,2023-12-14,1
522,2023-12-20,3
522,2023-12-23,6
522,2023-12-24,9
522,2023-12-26,5
522,2024-01-02,7
522,2024-01-04,2
522,2024-01-08,7
522,2024-01-28,9
522,2024-02-08,0
522,2024-02-09,10
522,2024-02-11,8
522,2024-02-14,3
522,2024-03-07,3
522,2024-03-16,5
523,2023-04-12,8
523,2023-04-16,1
523,2023-04-18,3
523,2023-04-30,2
523,2023-05-03,10
523,2023-05-06,3
523,2023-05-13,5
523,2023-05-18,10
523,2023-05-24,7
523,2023-05-25,0
523,2023-05-29,7
523,2023-05-31,1
523,2023-06-09,3
523,2023-06-22,9
523,2023-07-02,8
524,2023-07-08,2
524,2023-07-13,5
524,2023-07-14,5
524,2023-07-20,0
524,2023-07-24,2
524,2023-07-26,1
524,2023-08-11,10
524,2023-08-15,3
524,2023-08-27,0
524,2023-09-10,6
524,2023-09-12,0
524,2023-09-14,9
524,2023-09-15,0
524,2023-09-23,6
524,2023-10-01,9
525,2023-08-11,10
525,2023-08-13,9
525,2023-08-18,6
525,2023-08-24,7
525,2023-09-06,3
525,2023-09-14,10
525,2023-09-27,7
525,2023-10-08,9
525,2023-10-17,4
525,2023-10-20,5
525,2023-10-21,10
525,2023-10-28,7
525,2023-10-30,7
525,2023-10-31,2
525,2023-11-14,7
526,2023-02-07,4
526,2023-02-23,2
526,2023-02-25,0
526,2023-02-27,7
526,2023-03-05,6
526,2023-03-09,8
526,2023-03-13,3
526,2023-03-23,6
526,2023-03-24,2
526,2023-03-26,10
526,2023-04-01,5
526,2023-04-14,3
526,2023-04-27,6
526,2023-05-09,6
526,2023-05-10,6
527,2023-12-24,3
527,2024-01-02,3
527,2024-01-17,3
527,2024-01-19,9
527,2024-01-22,3
527,2024-01-25,10
527,2024-01-27,9
527,2024-02-01,5
527,2024-02-02,7
527,2024-02-03,8
527,2024-02-04,6
527,2024-02-12,5
527,2024-03-01,10
527,2024-03-08,4
527,2024-03-09,3
528,2023-06-25,8
528,2023-07-02,2
528,2023-07-07,10
528,2023-07-14,6
528,2023-07-16,8
528,2023-07-27,6
528,2023-08-01,2
528,2023-08-08,7
528,2023-08-10,0
528,2023-08-15,3
528,2023-08-18,6
528,2023-08-27,9
528,2023-09-06,10
528,2023-09-10,2
528,2023-09-26,4
529,2023-12-02,7
529,2023-12-05,5
529,2023-12-11,9
529,2023-12-17,9
529,2023-12-26,8
529,2024-01-06,10
529,2024-01-07,0
529,2024-01-14,10
529,2024-01-27,1
529,2024-01-28,1
529,2024-02-06,1
529,2024-02-11,0
529,2024-02-18,0
529,2024-02-19,0
529,2024-02-22,5
530,2023-06-18,2
530,2023-06-21,4
530,2023-06-29,4
530,2023-07-05,1
530,2023-07-07,8
530,2023-07-19,2
530,2023-07-20,2
530,2023-07-23,2
530,2023-07-25,6
530,2023-07-26,1
530,2023-08-06,8
530,2023-08-09,9
530,2023-08-23,6
530,2023-08-28,2
530,2023-09-13,8
531,2023-12-11,6
531,2023-12-18,7
531,2023-12-20,6
531,2023-12-23,7
531,2023-12-24,2
531,2024-01-06,0
531,2024-01-10,9
531,2024-01-31,5
531,2024-02-04,7
531,2024-02-14,9
531,2024-02-24,9
531,2024-02-28,2
531,2024-03-03,7
531,2024-03-04,0
531,2024-03-11,7
532,2023-03-13,10
532,2023-03-15,3
532,2023-03-19,10
532,2023-03-22,5
532,2023-03-24,4
532,2023-03-27,1
532,2023-04-12,5
532,2023-04-17,9
532,2023-04-18,7
532,2023-04-21,0
532,2023-04-24,9
532,2023-05-16,9
532,2023-05-23,6
532,2023-05-29,2
532,2023-05-30,5
533,2023-06-06,7
533,2023-06-09,6
533,2023-06-24,5
533,2023-06-27,0
533,2023-07-03,4
533,2023-07-05,10
533,2023-07-06,7
533,2023-07-08,10
533,2023-07-12,1
533,2023-07-13,5
533,2023-08-04,8
533,2023-08-07,0
533,2023-08-08,2
533,2023-08-25,9
533,2023-08-31,0
534,2023-09-19,8
534,2023-09-21,6
534,2023-10-12,6
534,2023-10-21,5
534,2023-10-25,2
534,2023-10-29,5
534,2023-11-02,4
534,2023-11-04,8
534,2023-11-05,3
534,2023-11-16,7
534,2023-11-29,4
534,2023-12-12,4
534,2023-12-14,1
534,2023-12-15,7
534,2023-12-20,10
535,2023-06-10,9
535,2023-06-16,3
535,2023-06-17,1
535,2023-06-18,1
535,2023-06-21,0
535,2023-06-22,0
535,2023-06-24,5
535,2023-06-27,9
535,2023-06-30,1
535,2023-07-09,2
535,2023-07-18,9
535,2023-07-25,10
535,2023-08-12,7
535,2023-09-01,10
535,2023-09-13,5
536,2023-12-08,10
536,2023-12-15,3
536,2023-12-18,3
536,2023-12-19,0
536,2023-12-21,1
536,2023-12-23,6
536,2023-12-25,5
536,2023-12-31,10
536,2024-01-02,8
536,2024-02-01,3
536,2024-02-24,7
536,2024-03-02,3
536,2024-03-07,7
536,2024-03-08,9
536,2024-03-12,2
537,2023-07-29,8
537,2023-08-05,9
537,2023-08-08,3
537,2023-08-16,1
537,2023-08-20,1
537,2023-08-21,3
537,2023-08-23,2
537,2023-08-31,5
537,2023-09-03,3
537,2023-09-23,2
537,2023-09-27,6
537,2023-10-01,10
537,2023-10-12,9
537,2023-10-23,4
537,2023-10-30,9
538,2023-06-17,2
538,2023-07-14,1
538,2023-07-17,0
538,2023-07-19,1
538,2023-07-23,7
538,2023-07-31,5
538,2023-08-08,0
538,2023-08-10,9
538,2023-08-20,6
538,2023-08-23,1
538,2023-09-06,10
538,2023-09-08,7
538,2023-09-12,0
538,2023-09-19,10
538,2023-09-21,1
539,2023-08-03,7
539,2023-08-28,5
539,2023-09-04,7
539,2023-09-09,4
539,2023-09-10,7
539,2023-09-21,5
539,2023-10-06,8
539,2023-10-09,3
539,2023-10-11,3
539,2023-10-20,9
539,2023-10-21,2
539,2023-10-23,0
539,2023-10-27,5
539,2023-10-29,6
539,2023-11-01,7
540,2023-12-26,2
540,2024-01-09,6
540,2024-01-10,5
540,2024-01-11,0
540,2024-02-01,6
540,2024-02-02,10
540,2024-02-09,2
540,2024-02-10,2
540,2024-02-12,9
540,2024-02-14,2
540,2024-02-18,3
540,2024-02-20,1
540,2024-03-12,0
540,2024-03-26,6
540,2024-03-28,7
541,2023-06-03,7
541,2023-06-20,6
541,2023-06-21,6
541,2023-06-25,2
541,2023-06-26,7
541,2023-06-30,10
541,2023-07-05,0
541,2023-07-06,5
541,2023-07-09,1
541,2023-07-14,1
541,2023-07-21,5
541,2023-08-02,7
541,2023-08-03,9
541,2023-08-10,4
541,2023-08-17,2
542,2023-10-12,1
542,2023-10-31,9
542,2023-11-07,2
542,2023-11-10,8
542,2023-11-19,4
542,2023-11-23,5
542,2023-12-03,5
542,2023-12-04,2
542,2023-12-12,5
542,2023-12-13,9
542,2023-12-16,7
542,2023-12-28,1
542,2023-12-29,0
542,2023-12-30,7
542,2024-01-06,5
543,2023-04-02,3
543,2023-04-05,2
543,2023-04-07,5
543,2023-04-11,10
543,2023-04-16,9
543,2023-04-17,3
543,2023-04-18,9
543,2023-04-19,9
543,2023-04-29,3
543,2023-05-06,3
543,2023-05-17,7
543,2023-05-19,9
543,2023-05-27,7
543,2023-06-03,0
543,2023-06-04,5
544,2023-04-17,7
544,2023-04-19,6
544,2023-04-21,3
544,2023-04-27,4
544,2023-05-13,2
544,2023-05-20,5
544,2023-05-28,0
544,2023-06-07,7
544,2023-06-10,3
544,2023-06-13,3
544,2023-06-15,10
544,2023-06-25,0
544,2023-06-27,5
544,2023-07-11,5
544,2023-07-14,9
545,2023-08-19,0
545,2023-08-22,3
545,2023-08-28,8
545,2023-08-29,8
545,2023-09-07,4
545,2023-09-10,3
545,2023-09-13,6
545,2023-10-04,6
545,2023-10-05,0
545,2023-10-11,4
545,2023-10-14,4
545,2023-10-19,3
545,2023-10-20,2
545,2023-10-25,4
545,2023-11-05,0
546,2023-12-10,9
546,2023-12-17,7
546,2023-12-25,5
546,2023-12-27,1
546,2024-01-23,4
546,2024-01-24,7
546,2024-01-29,4
546,2024-02-02,3
546,2024-02-04,9
546,2024-02-16,7
546,2024-02-25,4
546,2024-02-27,2
546,2024-02-28,9
546,2024-03-13,2
546,2024-03-15,5
547,2023-07-16,5
547,2023-07-17,6
547,2023-07-20,2
547,2023-07-29,5
547,2023-08-01,9
547,2023-08-23,0
547,2023-08-24,10
547,2023-08-30,4
547,2023-08-31,5
547,2023-09-07,9
547,2023-09-13,9
547,2023-09-22,0
547,2023-10-02,8
547,2023-10-04,0
547,2023-10-14,2
548,2023-12-21,6
548,2023-12-23,5
548,2023-12-24,1
548,2023-12-26,7
548,2023-12-30,6
548,2024-01-01,8
548,2024-01-02,0
548,2024-01-12,8
548,2024-01-25,6
548,2024-01-27,10
548,2024-01-28,6
548,2024-02-14,2
548,2024-02-17,8
548,2024-03-13,1
548,2024-03-18,3
549,2023-04-03,7
549,2023-04-06,0
549,2023-04-07,0
549,2023-04-14,3
549,2023-04-20,3
549,2023-04-28,2
549,2023-04-29,2
549,2023-04-30,8
549,2023-05-03,5
549,2023-05-27,5
549,2023-06-10,6
549,2023-06-21,10
549,2023-06-26,10
549,2023-06-28,6
549,2023-07-06,0
550,2023-11-15,3
550,2023-11-16,3
550,2023-11-17,9
550,2023-11-20,7
550,2023-12-07,0
550,2023-12-19,5
550,2024-01-04,1
550,2024-01-14,9
550,2024-01-16,5
550,2024-01-21,8
550,2024-01-26,2
550,2024-02-05,6
550,2024-02-09,3
550,2024-02-11,2
550,2024-02-17,8
551,2023-10-19,5
551,2023-11-08,3
551,2023-11-13,5
551,2023-11-20,4
551,2023-11-22,6
551,2023-11-24,1
551,2023-12-05,10
551,2023-12-07,4
551,2023-12-23,7
551,2023-12-29,0
551,2024-01-04,7
551,2024-01-06,9
551,2024-01-07,10
551,2024-01-22,10
551,2024-01-23,8
552,2023-06-09,10
552,2023-06-17,3
552,2023-06-18,9
552,2023-06-27,4
552,2023-06-29,5
552,2023-06-30,7
552,2023-07-12,0
552,2023-07-23,10
552,2023-07-25,10
552,2023-08-15,3
552,2023-08-31,9
552,2023-09-06,4
552,2023-09-07,3
552,2023-09-09,8
552,2023-09-10,0
553,2023-07-28,7
553,2023-08-17,7
553,2023-08-19,8
553,2023-08-22,9
553,2023-08-23,4
553,2023-09-04,10
553,2023-09-06,3
553,2023-09-07,1
553,2023-09-14,9
553,2023-09-15,1
553,2023-09-23,0
553,2023-09-28,0
553,2023-10-12,9
553,2023-10-27,0
553,2023-10-31,0
554,2023-10-08,5
554,2023-10-14,1
554,2023-10-20,4
554,2023-10-28,6
554,2023-11-01,10
554,2023-11-04,0
554,2023-11-12,4
554,2023-11-15,0
554,2023-11-24,1
554,2023-11-25,4
554,2023-12-01,2
554,2023-12-03,4
554,2023-12-19,7
554,2023-12-29,3
554,2024-01-09,1
555,2023-01-02,4
555,2023-01-04,4
555,2023-01-12,0
555,2023-01-15,9
555,2023-01-23,7
555,2023-01-31,1
555,2023-02-28,2
555,2023-03-02,3
555,2023-03-13,1
555,2023-03-16,6
555,2023-03-23,10
555,2023-03-29,6
555,2023-03-30,0
555,2023-04-03,0
555,2023-04-06,7
556,2023-06-06,3
556,2023-06-10,4
556,2023-06-13,0
556,2023-06-27,10
556,2023-07-10,4
556,2023-07-11,3
556,2023-07-27,3
556,2023-07-30,7
556,2023-08-03,0
556,2023-08-05,10
556,2023-08-17,0
556,2023-08-28,9
556,2023-09-03,6
556,2023-09-05,8
556,2023-09-11,7
557,2023-06-02,8
557,2023-06-07,8
557,2023-06-16,2
557,2023-06-25,5
557,2023-07-02,10
557,2023-07-12,5
557,2023-07-13,6
557,2023-07-24,2
557,2023-07-26,9
557,2023-08-04,6
557,2023-08-11,5
557,2023-08-19,7
557,2023-08-26,5
557,2023-08-27,4
557,2023-08-30,2
558,2023-04-29,7
558,2023-05-05,8
558,2023-05-20,10
558,2023-05-30,2
558,2023-06-02,0
558,2023-06-03,5
558,2023-06-09,8
558,2023-06-12,10
558,2023-06-16,2
558,2023-06-20,9
558,2023-06-26,5
558,2023-07-04,8
558,2023-07-09,10
558,2023-07-13,2
558,2023-07-23,9
559,2023-08-09,8
559,2023-08-14,10
559,2023-08-19,2
559,2023-08-22,3
559,2023-08-23,10
559,2023-08-26,5
559,2023-09-04,7
559,2023-09-10,1
559,2023-09-28,5
559,2023-10-01,5
559,2023-10-12,8
559,2023-10-14,6
559,2023-10-17,8
559,2023-10-21,10
559,2023-11-05,6
560,2023-10-24,8
560,2023-11-06,1
560,2023-11-12,7
560,2023-11-17,2
560,2023-11-21,1
560,2023-12-07,4
560,2023-12-15,3
560,2023-12-21,6
560,2024-01-05,4
560,2024-01-13,3
560,2024-01-14,8
560,2024-01-20,10
560,2024-01-23,1
560,2024-01-27,3
560,2024-01-28,0
561,2023-11-09,6
561,2023-11-10,0
561,2023-11-15,9
561,2023-11-16,4
561,2023-11-22,5
561,2023-11-30,6
561,2023-12-03,5
561,2023-12-09,3
561,2023-12-14,4
561,2023-12-22,6
561,2023-12-31,9
561,2024-01-03,9
561,2024-01-30,7
561,2024-02-02,10
561,2024-02-14,9
562,2023-12-05,1
562,2023-12-06,6
562,2023-12-07,9
562,2024-01-03,9
562,2024-01-11,5
562,2024-01-15,10
562,2024-01-20,7
562,2024-01-31,0
562,2024-02-02,6
562,2024-02-03,0
562,2024-02-08,7
562,2024-02-15,1
562,2024-02-26,7
562,2024-02-29,4
562,2024-03-07,8
563,2023-06-18,5
563,2023-06-24,4
563,2023-06-25,8
563,2023-06-26,7
563,2023-07-14,3
563,2023-07-15,9
563,2023-07-27,6
563,2023-08-01,1
563,2023-08-11,0
563,2023-08-13,10
563,2023-08-30,2
563,2023-09-02,9
563,2023-09-13,10
563,2023-09-14,0
563,2023-09-17,8
564,2023-09-02,1
564,2023-09-04,8
564,2023-09-19,7
564,2023-09-28,2
564,2023-10-01,7
564,2023-10-15,4
564,2023-10-22,2
564,2023-10-25,0
564,2023-10-30,4
564,2023-11-03,9
564,2023-11-07,5
564,2023-11-09,6
564,2023-11-18,1
564,2023-11-24,10
564,2023-11-27,2
565,2023-08-15,2
565,2023-08-20,3
565,2023-08-24,5
565,2023-09-06,10
565,2023-09-09,9
565,2023-09-15,7
565,2023-09-22,3
565,2023-10-02,7
565,2023-10-03,1
565,2023-10-15,1
565,2023-10-16,2
565,2023-11-06,2
565,2023-11-18,2
565,2023-11-21,9
565,2023-11-22,9
566,2023-08-17,7
566,2023-08-18,0
566,2023-08-28,4
566,2023-09-30,6
566,2023-10-01,8
566,2023-10-07,6
566,2023-10-09,1
566,2023-10-10,1
566,2023-10-17,1
566,2023-10-21,4
566,2023-10-23,10
566,2023-11-04,5
566,2023-11-11,7
566,2023-11-12,6
566,2023-11-13,8
567,2023-12-15,4
567,2023-12-23,7
567,2023-12-27,1
567,2023-12-29,10
567,2024-01-01,2
567,2024-01-04,9
567,2024-01-06,6
567,2024-01-12,1
567,2024-01-28,8
567,2024-02-07,0
567,2024-02-19,3
567,2024-02-21,3
567,2024-02-23,2
567,2024-03-05,4
567,2024-03-06,2
568,2023-04-21,3
568,2023-04-27,7
568,2023-05-04,3
568,2023-05-07,3
568,2023-05-24,10
568,2023-05-28,7
568,2023-05-30,7
568,2023-06-06,7
568,2023-06-09,3
568,2023-06-24,1
568,2023-06-26,2
568,2023-07-03,6
568,2023-07-14,8
568,2023-07-18,10
568,2023-07-24,10
569,2023-09-27,10
569,2023-09-28,5
569,2023-10-05,3
569,2023-10-07,4
569,2023-10-10,6
569,2023-10-20,0
569,2023-11-10,6
569,2023-11-19,0
569,2023-11-23,5
569,2023-11-27,6
569,2023-11-30,0
569,2023-12-08,3
569,2023-12-13,10
569,2023-12-24,5
569,2023-12-25,6
570,2023-09-16,8
570,2023-09-20,4
570,2023-09-28,7
570,2023-09-30,1
570,2023-10-22,6
570,2023-10-27,9
570,2023-10-31,0
570,2023-11-04,6
570,2023-11-15,1
570,2023-11-16,8
570,2023-11-17,1
570,2023-11-20,2
570,2023-11-21,10
570,2023-12-04,0
570,2023-12-05,5
571,2023-05-02,9
571,2023-05-05,8
571,2023-05-06,10
571,2023-05-08,9
571,2023-05-10,9
571,2023-05-16,10
571,2023-05-17,9
571,2023-05-26,2
571,2023-05-27,7
571,2023-05-29,5
571,2023-06-01,1
571,2023-06-04,7
571,2023-06-13,5
571,2023-06-19,8
571,2023-07-02,8
572,2023-12-12,4
572,2023-12-28,3
572,2024-01-02,5
572,2024-01-03,8
572,2024-01-05,10
572,2024-01-07,6
572,2024-01-09,4
572,2024-01-13,4
572,2024-01-14,9
572,2024-01-17,6
572,2024-02-07,10
572,2024-02-14,10
572,2024-02-18,3
572,2024-02-20,9
572,2024-02-22,2
573,2023-03-07,1
573,2023-03-09,4
573,2023-03-11,10
573,2023-03-22,3
573,2023-03-26,3
573,2023-03-31,9
573,2023-04-13,10
573,2023-04-20,5
573,2023-04-23,2
573,2023-04-24,10
573,2023-04-28,7
573,2023-05-11,5
573,2023-05-12,3
573,2023-05-15,6
573,2023-05-22,7
574,2023-05-26,1
574,2023-06-04,3
574,2023-06-10,4
574,2023-06-13,7
574,2023-06-27,7
574,2023-06-29,8
574,2023-07-08,9
574,2023-07-13,4
574,2023-07-15,8
574,2023-07-23,9
574,2023-08-02,6
574,2023-08-04,3
574,2023-08-06,4
574,2023-08-11,0
574,2023-08-25,6
575,2023-09-26,1
575,2023-09-27,4
575,2023-10-04,1
575,2023-10-06,8
575,2023-10-08,8
575,2023-10-14,4
575,2023-10-31,2
575,2023-11-06,1
575,2023-11-09,10
575,2023-11-15,6
575,2023-11-20,3
575,2023-11-22,0
575,2023-12-06,10
575,2023-12-10,9
575,2023-12-27,0
576,2023-12-07,8
576,2023-12-20,5
576,2024-01-03,3
576,2024-01-04,2
576,2024-01-05,0
576,2024-01-09,8
576,2024-01-10,9
576,2024-01-11,5
576,2024-01-18,3
576,2024-01-30,2
576,2024-02-17,6
576,2024-02-21,3
576,2024-02-23,8
576,2024-03-07,9
576,2024-03-11,0
577,2023-12-02,2
577,2023-12-03,3
577,2023-12-06,4
577,2023-12-11,1
577,2023-12-12,0
577,2023-12-19,3
577,2023-12-21,10
577,2023-12-22,4
577,2023-12-25,6
577,2024-01-12,9
577,2024-01-18,9
577,2024-01-22,6
577,2024-02-02,7
577,2024-02-07,3
577,2024-02-23,3
578,2023-11-16,3
578,2023-11-24,10
578,2023-11-26,7
578,2023-12-03,6
578,2023-12-18,8
578,2024-01-01,5
578,2024-01-02,5
578,2024-01-05,0
578,2024-01-09,7
578,2024-01-22,8
578,2024-01-31,9
578,2024-02-13,6
578,2024-02-16,7
578,2024-02-18,9
578,2024-02-19,3
579,2023-06-30,3
579,2023-07-09,4
579,2023-07-12,3
579,2023-07-17,6
579,2023-07-18,9
579,2023-07-26,7
579,2023-07-31,0
579,2023-08-05,10
579,2023-08-07,9
579,2023-08-08,3
579,2023-08-11,10
579,2023-09-05,1
579,2023-09-16,7
579,2023-09-18,0
579,2023-09-19,6
580,2023-02-19,7
580,2023-02-28,2
580,2023-03-18,2
580,2023-03-21,3
580,2023-03-22,9
580,2023-03-23,10
580,2023-04-02,8
580,2023-04-04,9
580,2023-04-06,8
580,2023-04-12,3
580,2023-04-13,0
580,2023-04-15,6
580,2023-04-20,5
580,2023-05-01,0
580,2023-05-20,3
581,2023-05-07,4
581,2023-05-11,2
581,2023-05-12,3
581,2023-05-19,6
581,2023-05-20,4
581,2023-05-21,2
581,2023-06-02,8
581,2023-06-07,1
581,2023-06-25,3
581,2023-06-27,1
581,2023-07-07,9
581,2023-07-10,0
581,2023-07-18,9
581,2023-07-29,10
581,2023-07-30,2
582,2023-12-13,2
582,2023-12-19,8
582,2023-12-20,1
582,2023-12-23,7
582,2024-01-01,8
582,2024-01-05,5
582,2024-01-10,2
582,2024-01-14,2
582,2024-01-16,8
582,2024-02-03,2
582,2024-02-09,3
582,2024-02-19,0
582,2024-02-26,5
582,2024-03-11,2
582,2024-03-18,4
583,2023-06-10,4
583,2023-06-14,7
583,2023-06-15,3
583,2023-06-24,7
583,2023-06-25,2
583,2023-06-27,1
583,2023-06-29,3
583,2023-07-08,2
583,2023-07-25,10
583,2023-07-28,9
583,2023-08-07,0
583,2023-08-11,1
583,2023-08-12,6
583,2023-08-20,2
583,2023-08-24,0
584,2023-06-01,9
584,2023-06-10,9
584,2023-06-15,6
584,2023-06-16,4
584,2023-06-23,8
584,2023-06-24,6
584,2023-06-27,2
584,2023-07-01,8
584,2023-07-02,7
584,2023-07-04,2
584,2023-07-05,0
584,2023-07-17,3
584,2023-07-21,1
584,2023-07-27,9
584,2023-07-31,5
585,2023-04-14,10
585,2023-04-15,2
585,2023-04-26,7
585,2023-05-07,9
585,2023-05-09,2
585,2023-05-20,10
585,2023-05-22,4
585,2023-05-29,6
585,2023-05-30,3
585,2023-06-03,2
585,2023-06-06,0
585,2023-06-13,3
585,2023-06-28,7
585,2023-07-17,4
585,2023-07-20,7
586,2023-03-23,10
586,2023-03-29,6
586,2023-04-02,1
586,2023-04-04,9
586,2023-04-12,4
586,2023-04-17,5
586,2023-04-23,8
586,2023-04-30,8
586,2023-05-03,7
586,2023-05-05,0
586,2023-05-07,7
586,2023-05-09,1
586,2023-05-15,5
586,2023-06-06,5
586,2023-06-16,3
587,2023-01-14,8
587,2023-01-16,5
587,2023-01-20,0
587,2023-01-25,7
587,2023-01-31,6
587,2023-02-03,5
587,2023-02-09,9
587,2023-02-16,7
587,2023-02-21,5
587,2023-03-18,9
587,2023-03-19,5
587,2023-03-25,4
587,2023-04-03,5
587,2023-04-14,0
587,2023-04-18,8
588,2023-01-28,1
588,2023-02-08,2
588,2023-03-20,6
588,2023-03-21,5
588,2023-03-27,10
588,2023-03-29,7
588,2023-03-30,10
588,2023-04-04,4
588,2023-04-06,2
588,2023-04-08,2
588,2023-04-19,3
588,2023-04-27,1
588,2023-04-29,9
588,2023-05-01,6
588,2023-05-03,4
589,2023-05-06,1
589,2023-05-07,2
589,2023-05-11,0
589,2023-05-23,4
589,2023-05-25,7
589,2023-05-30,1
589,2023-06-01,3
589,2023-06-03,7
589,2023-06-07,2
589,2023-06-13,10
589,2023-06-25,7
589,2023-06-28,1
589,2023-06-29,1
589,2023-07-15,10
589,2023-07-17,7
590,2023-10-04,2
590,2023-10-12,10
590,2023-10-13,10
590,2023-10-14,9
590,2023-10-18,8
590,2023-10-31,10
590,2023-11-07,4
590,2023-11-10,9
590,2023-11-11,3
590,2023-11-13,3
590,2023-11-18,0
590,2023-11-20,6
590,2023-11-25,7
590,2023-12-03,4
590,2023-12-04,5
591,2023-11-15,1
591,2023-11-22,8
591,2023-11-27,8
591,2023-11-28,5
591,2023-12-07,6
591,2023-12-10,6
591,2023-12-11,6
591,2023-12-17,9
591,2023-12-30,5
591,2024-01-07,4
591,2024-01-11,1
591,2024-01-13,3
591,2024-01-19,2
591,2024-01-23,9
591,2024-02-09,7
592,2023-02-10,3
592,2023-02-14,7
592,2023-02-15,7
592,2023-02-22,6
592,2023-02-26,9
592,2023-03-18,3
592,2023-03-19,6
592,2023-03-21,6
592,2023-03-26,3
592,2023-03-30,4
592,2023-04-01,3
592,2023-04-03,9
592,2023-04-08,2
592,2023-05-02,5
592,2023-05-17,2
593,2023-08-23,2
593,2023-09-01,0
593,2023-09-02,0
593,2023-09-03,7
593,2023-09-10,2
593,2023-10-02,0
593,2023-10-09,2
593,2023-10-15,4
593,2023-10-24,5
593,2023-10-30,10
593,2023-11-05,10
593,2023-11-06,5
593,2023-11-12,10
593,2023-11-19,9
593,2023-11-24,1
594,2023-08-01,9
594,2023-08-05,4
594,2023-08-06,9
594,2023-08-11,8
594,2023-08-13,1
594,2023-08-14,9
594,2023-08-22,4
594,2023-08-25,2
594,2023-09-04,1
594,2023-09-09,7
594,2023-09-12,9
594,2023-09-20,4
594,2023-10-02,2
594,2023-10-14,10
594,2023-10-18,8
595,2023-11-23,4
595,2023-12-01,4
595,2023-12-09,10
595,2023-12-17,6
595,2023-12-25,6
595,2024-01-01,3
595,2024-01-03,4
595,2024-01-08,10
595,2024-01-15,5
595,2024-01-18,3
595,2024-01-21,3
595,2024-01-23,7
595,2024-02-04,2
595,2024-02-12,2
595,2024-02-15,0
596,2023-10-29,5
596,2023-10-31,9
596,2023-11-01,3
596,2023-11-04,7
596,2023-11-06,6
596,2023-11-07,6
596,2023-11-09,1
596,2023-11-10,10
596,2023-11-27,10
596,2023-12-03,10
596,2023-12-18,8
596,2024-01-05,9
596,2024-01-18,4
596,2024-01-22,3
596,2024-01-28,7
597,2023-04-14,6
597,2023-04-16,5
597,2023-04-18,7
597,2023-04-30,2
597,2023-05-03,5
597,2023-05-04,6
597,2023-05-12,10
597,2023-05-24,5
597,2023-05-26,9
597,2023-05-29,2
597,2023-05-30,0
597,2023-06-08,2
597,2023-06-12,4
597,2023-07-02,6
597,2023-07-03,1
598,2023-12-27,0
598,2023-12-28,10
598,2024-01-09,5
598,2024-01-10,5
598,2024-01-15,9
598,2024-01-17,5
598,2024-01-22,5
598,2024-01-27,0
598,2024-02-03,1
598,2024-02-14,7
598,2024-02-23,8
598,2024-02-24,3
598,2024-02-26,3
598,2024-03-09,2
598,2024-03-24,5
599,2023-07-21,7
599,2023-08-10,9
599,2023-08-20,8
599,2023-09-04,4
599,2023-09-09,8
599,2023-09-18,7
599,2023-09-21,0
599,2023-09-29,4
599,2023-10-02,5
599,2023-10-08,0
599,2023-10-11,6
599,2023-10-17,9
599,2023-10-18,10
599,2023-10-19,1
599,2023-10-22,7
600,2023-09-15,4
600,2023-10-09,6
600,2023-10-10,4
600,2023-10-14,0
600,2023-10-19,8
600,2023-10-21,3
600,2023-11-03,0
600,2023-11-07,3
600,2023-11-09,7
600,2023-11-23,3
600,2023-11-24,6
600,2023-11-25,0
600,2023-11-27,6
600,2023-12-03,0
600,2023-12-05,1
601,2023-07-26,3
601,2023-07-30,8
601,2023-08-28,10
601,2023-09-01,8
601,2023-09-15,4
601,2023-09-25,1
601,2023-09-26,3
601,2023-09-30,6
601,2023-10-01,8
601,2023-10-06,5
601,2023-10-08,2
601,2023-10-13,8
601,2023-10-16,10
601,2023-10-25,3
601,2023-10-30,0
602,2023-05-07,4
602,2023-05-15,10
602,2023-05-17,4
602,2023-05-21,6
602,2023-05-26,2
602,2023-06-05,6
602,2023-06-07,3
602,2023-06-16,2
602,2023-06-28,5
602,2023-07-05,1
602,2023-07-26,4
602,2023-07-28,4
602,2023-07-31,8
602,2023-08-06,8
602,2023-08-08,10
603,2023-03-17,8
603,2023-03-25,7
603,2023-03-26,8
603,2023-03-31,1
603,2023-04-01,7
603,2023-04-05,10
603,2023-04-08,9
603,2023-04-16,4
603,2023-04-20,1
603,2023-04-29,5
603,2023-05-13,1
603,2023-05-20,5
603,2023-06-22,2
603,2023-06-23,6
603,2023-06-24,3
604,2023-12-04,7
604,2023-12-10,10
604,2023-12-13,5
604,2023-12-20,0
604,2023-12-22,5
604,2023-12-26,6
604,2024-01-03,6
604,2024-01-14,1
604,2024-02-06,8
604,2024-02-08,6
604,2024-02-09,3
604,2024-02-19,2
604,2024-02-28,3
604,2024-03-03,9
604,2024-03-09,10
605,2023-12-27,5
605,2024-01-17,3
605,2024-01-29,0
605,2024-02-06,0
605,2024-02-15,7
605,2024-02-18,3
605,2024-02-20,0
605,2024-02-28,9
605,2024-03-03,5
605,2024-03-10,0
605,2024-03-12,10
605,2024-03-17,5
605,2024-03-23,10
605,2024-03-26,5
605,2024-03-27,6
606,2023-01-03,8
606,2023-01-13,8
606,2023-01-15,5
606,2023-01-17,1
606,2023-01-20,9
606,2023-02-12,0
606,2023-03-03,10
606,2023-03-04,5
606,2023-03-07,3
606,2023-03-10,4
606,2023-03-15,8
606,2023-03-19,6
606,2023-03-20,4
606,2023-04-08,0
606,2023-04-11,1
607,2023-03-03,4
607,2023-03-05,4
607,2023-03-13,6
607,2023-03-15,0
607,2023-03-29,0
607,2023-03-31,4
607,2023-04-03,5
607,2023-04-08,2
607,2023-04-11,1
607,2023-04-13,2
607,2023-04-17,8
607,2023-04-28,9
607,2023-05-02,9
607,2023-05-20,1
607,2023-05-24,5
608,2023-08-12,4
608,2023-08-16,8
608,2023-08-18,8
608,2023-08-20,1
608,2023-08-21,8
608,2023-08-29,9
608,2023-09-02,8
608,2023-09-04,4
608,2023-09-08,8
608,2023-09-10,10
608,2023-09-15,4
608,2023-09-17,1
608,2023-10-18,6
608,2023-10-19,0
608,2023-11-12,4
609,2023-04-23,7
609,2023-04-28,5
609,2023-04-29,6
609,2023-05-01,8
609,2023-05-04,1
609,2023-05-05,4
609,2023-05-06,2
609,2023-05-10,9
609,2023-05-27,8
609,2023-06-04,3
609,2023-06-15,1
609,2023-06-23,5
609,2023-07-07,2
609,2023-07-16,2
609,2023-07-26,10
610,2023-04-03,6
610,2023-04-14,0
610,2023-04-17,10
610,2023-04-22,8
610,2023-04-28,4
610,2023-05-01,9
610,2023-05-31,3
610,2023-06-05,7
610,2023-06-12,8
610,2023-06-20,3
610,2023-06-27,0
610,2023-06-29,6
610,2023-06-30,3
610,2023-07-03,9
610,2023-07-04,10
611,2024-01-07,6
611,2024-01-09,4
611,2024-01-16,10
611,2024-01-23,9
611,2024-01-26,7
611,2024-01-28,0
611,2024-01-29,1
611,2024-02-05,6
611,2024-02-10,9
611,2024-02-12,3
611,2024-02-13,4
611,2024-02-28,2
611,2024-03-06,9
611,2024-03-07,2
611,2024-03-10,10
612,2023-09-28,4
612,2023-10-02,1
612,2023-10-08,9
612,2023-10-09,0
612,2023-10-10,10
612,2023-10-20,3
612,2023-10-22,1
612,2023-10-24,0
612,2023-11-12,6
612,2023-12-06,1
612,2023-12-17,5
612,2023-12-19,3
612,2023-12-23,7
612,2023-12-25,2
612,2023-12-27,2
613,2023-09-10,3
613,2023-09-13,6
613,2023-09-20,5
613,2023-09-30,3
613,2023-10-06,10
613,2023-10-12,10
613,2023-10-13,3
613,2023-10-17,7
613,2023-10-21,7
613,2023-10-31,4
613,2023-11-15,6
613,2023-11-16,0
613,2023-11-18,4
613,2023-11-21,0
613,2023-11-26,6
614,2023-02-02,0
614,2023-02-09,7
614,2023-02-13,8
614,2023-02-15,1
614,2023-02-17,9
614,2023-02-21,7
614,2023-03-02,5
614,2023-03-03,4
614,2023-03-04,10
614,2023-03-19,3
614,2023-03-21,7
614,2023-03-25,3
614,2023-03-26,4
614,2023-04-03,7
614,2023-05-01,6
615,2023-10-15,1
615,2023-10-30,4
615,2023-10-31,5
615,2023-11-02,8
615,2023-11-10,4
615,2023-11-12,1
615,2023-11-16,4
615,2023-12-01,10
615,2023-12-08,8
615,2023-12-13,4
615,2023-12-14,6
615,2023-12-17,0
615,2023-12-22,1
615,2024-01-03,9
615,2024-01-20,1
616,2023-05-08,0
616,2023-05-27,5
616,2023-05-31,8
616,2023-06-07,6
616,2023-06-08,9
616,2023-06-09,5
616,2023-06-13,0
616,2023-07-10,7
616,2023-07-14,3
616,2023-07-18,2
616,2023-07-20,1
616,2023-07-25,4
616,2023-07-27,6
616,2023-08-01,4
616,2023-08-12,4
617,2023-03-09,5
617,2023-03-16,5
617,2023-03-29,7
617,2023-04-04,3
617,2023-04-14,8
617,2023-04-18,5
617,2023-04-21,7
617,2023-04-24,3
617,2023-05-03,6
617,2023-05-15,8
617,2023-05-18,0
617,2023-05-20,1
617,2023-05-22,1
617,2023-05-23,9
617,2023-05-28,2
618,2023-08-27,3
618,2023-08-31,3
618,2023-09-04,5
618,2023-09-08,1
618,2023-09-17,0
618,2023-09-19,4
618,2023-09-20,0
618,2023-10-13,9
618,2023-10-17,6
618,2023-10-20,1
618,2023-10-29,4
618,2023-10-31,10
618,2023-11-17,9
618,2023-11-21,7
618,2023-11-24,3
619,2023-03-15,8
619,2023-03-21,2
619,2023-03-25,10
619,2023-04-09,0
619,2023-04-11,7
619,2023-04-14,3
619,2023-04-22,6
619,2023-05-09,5
619,2023-05-17,1
619,2023-05-25,1
619,2023-05-27,8
619,2023-05-29,9
619,2023-06-06,3
619,2023-06-13,9
619,2023-06-15,4
620,2023-08-26,10
620,2023-08-28,4
620,2023-08-29,3
620,2023-09-07,2
620,2023-09-16,2
620,2023-10-09,3
620,2023-10-10,0
620,2023-10-19,2
620,2023-10-22,3
620,2023-11-05,3
620,2023-11-07,3
620,2023-11-14,2
620,2023-11-23,4
620,2023-11-28,7
620,2023-11-30,0
621,2023-12-12,6
621,2023-12-23,2
621,2023-12-25,1
621,2024-01-03,2
621,2024-01-05,7
621,2024-01-15,6
621,2024-01-23,0
621,2024-02-03,2
621,2024-02-25,5
621,2024-02-26,0
621,2024-03-01,8
621,2024-03-04,2
621,2024-03-09,10
621,2024-03-13,6
621,2024-03-14,1
622,2023-10-08,8
622,2023-10-09,10
622,2023-10-12,8
622,2023-10-18,9
622,2023-10-19,9
622,2023-10-20,5
622,2023-10-26,7
622,2023-10-28,2
622,2023-11-02,9
622,2023-11-21,8
622,2023-11-23,10
622,2023-12-04,9
622,2023-12-27,3
622,2023-12-29,7
622,2024-01-04,6
623,2023-10-16,8
623,2023-11-05,7
623,2023-11-08,1
623,2023-11-10,9
623,2023-11-16,1
623,2023-11-18,2
623,2023-11-20,0
623,2023-11-23,3
623,2023-12-01,8
623,2023-12-04,1
623,2023-12-09,8
623,2023-12-30,7
623,2023-12-31,6
623,2024-01-15,10
623,2024-01-20,9
624,2023-11-07,1
624,2023-11-10,5
624,2023-11-17,8
624,2023-11-18,8
624,2023-11-24,1
624,2023-11-30,4
624,2023-12-01,4
624,2024-01-05,5
624,2024-01-06,8
624,2024-01-08,2
624,2024-01-09,2
624,2024-01-10,0
624,2024-01-17,6
624,2024-01-31,7
624,2024-02-03,3
625,2023-06-21,5
625,2023-06-22,7
625,2023-06-23,2
625,2023-06-29,10
625,2023-06-30,4
625,2023-07-10,5
625,2023-08-05,0
625,2023-08-07,0
625,2023-08-17,0
625,2023-08-20,0
625,2023-08-30,10
625,2023-09-01,0
625,2023-09-09,0
625,2023-09-12,1
625,2023-09-14,5
626,2023-08-22,10
626,2023-08-25,9
626,2023-08-27,0
626,2023-09-05,2
626,2023-09-08,5
626,2023-10-01,5
626,2023-10-10,6
626,2023-10-15,10
626,2023-10-22,1
626,2023-10-28,8
626,2023-11-04,10
626,2023-11-05,4
626,2023-11-11,4
626,2023-11-18,4
626,2023-11-19,2
627,2023-11-19,4
627,2023-11-20,8
627,2023-11-28,9
627,2023-11-29,0
627,2023-12-02,5
627,2023-12-16,6
627,2024-01-10,7
627,2024-01-11,0
627,2024-01-15,8
627,2024-01-18,6
627,2024-01-22,7
627,2024-01-25,0
627,2024-02-03,0
627,2024-02-15,9
627,2024-02-16,0
628,2023-09-16,6
628,2023-09-27,6
628,2023-10-05,9
628,2023-10-17,1
628,2023-10-19,3
628,2023-10-21,6
628,2023-10-29,2
628,2023-10-30,4
628,2023-11-01,8
628,2023-11-03,3
628,2023-11-21,5
628,2023-11-22,5
628,2023-12-06,10
628,2023-12-09,0
628,2023-12-17,5
629,2023-08-12,9
629,2023-08-13,8
629,2023-08-28,7
629,2023-09-02,9
629,2023-09-06,5
629,2023-09-15,0
629,2023-09-24,9
629,2023-09-28,10
629,2023-10-06,8
629,2023-10-16,2
629,2023-10-19,2
629,2023-10-23,1
629,2023-10-26,0
629,2023-11-06,4
629,2023-11-08,0
630,2023-10-08,3
630,2023-10-23,8
630,2023-10-30,3
630,2023-11-09,6
630,2023-11-10,3
630,2023-11-27,8
630,2023-12-07,10
630,2023-12-10,1
630,2023-12-14,6
630,2023-12-17,4
630,2023-12-18,3
630,2023-12-27,2
630,2023-12-29,10
630,2024-01-09,1
630,2024-01-10,2
631,2023-09-07,2
631,2023-09-23,0
631,2023-09-24,3
631,2023-09-25,6
631,2023-10-07,2
631,2023-10-08,5
631,2023-10-22,8
631,2023-10-29,6
631,2023-11-04,3
631,2023-11-07,1
631,2023-11-10,4
631,2023-11-11,4
631,2023-11-14,1
631,2023-11-17,7
631,2023-11-18,0
632,2023-03-28,10
632,2023-04-12,2
632,2023-04-15,4
632,2023-04-21,3
632,2023-04-29,0
632,2023-05-05,10
632,2023-05-07,1
632,2023-05-09,7
632,2023-05-11,6
632,2023-05-13,4
632,2023-05-31,6
632,2023-06-11,4
632,2023-06-17,4
632,2023-06-23,8
632,2023-06-27,9
633,2023-09-03,2
633,2023-09-14,7
633,2023-09-23,9
633,2023-09-29,0
633,2023-10-01,10
633,2023-10-06,5
633,2023-10-13,0
633,2023-10-18,4
633,2023-11-04,10
633,2023-11-06,10
633,2023-11-07,0
633,2023-11-11,4
633,2023-11-29,3
633,2023-12-03,3
633,2023-12-08,3
634,2023-09-01,1
634,2023-09-03,1
634,2023-09-06,9
634,2023-09-12,7
634,2023-09-14,8
634,2023-09-16,7
634,2023-09-20,1
634,2023-09-28,8
634,2023-10-03,0
634,2023-10-08,9
634,2023-10-25,3
634,2023-11-02,3
634,2023-11-17,9
634,2023-11-20,1
634,2023-11-24,10
635,2023-05-17,9
635,2023-05-18,8
635,2023-05-22,7
635,2023-05-23,5
635,2023-05-30,6
635,2023-06-07,1
635,2023-06-09,7
635,2023-06-10,8
635,2023-06-23,6
635,2023-07-03,8
635,2023-07-04,8
635,2023-07-15,0
635,2023-08-03,0
635,2023-08-07,2
635,2023-08-13,3
636,2023-05-08,5
636,2023-05-10,7
636,2023-05-20,10
636,2023-05-21,7
636,2023-05-23,4
636,2023-06-07,4
636,2023-06-18,9
636,2023-06-24,1
636,2023-06-29,6
636,2023-07-13,0
636,2023-07-16,9
636,2023-07-21,10
636,2023-07-22,3
636,2023-08-03,6
636,2023-08-14,5
637,2023-11-30,4
637,2023-12-02,3
637,2023-12-06,3
637,2023-12-08,6
637,2023-12-10,8
637,2023-12-29,7
637,2024-01-01,5
637,2024-01-06,0
637,2024-01-29,9
637,2024-01-31,2
637,2024-02-04,6
637,2024-02-08,3
637,2024-02-09,2
637,2024-02-12,2
637,2024-02-29,3
638,2023-05-26,4
638,2023-05-31,2
638,2023-06-02,8
638,2023-06-09,8
638,2023-06-21,6
638,2023-06-23,0
638,2023-06-26,5
638,2023-07-03,10
638,2023-07-04,0
638,2023-07-14,5
638,2023-07-18,3
638,2023-07-25,7
638,2023-08-07,6
638,2023-08-19,6
638,2023-08-25,6
639,2023-09-26,6
639,2023-09-29,9
639,2023-10-01,1
639,2023-10-06,0
639,2023-10-08,6
639,2023-10-10,2
639,2023-10-18,10
639,2023-10-20,7
639,2023-11-09,1
639,2023-11-12,5
639,2023-11-17,3
639,2023-11-29,1
639,2023-12-21,2
639,2023-12-28,3
639,2024-01-01,4
640,2023-09-12,2
640,2023-09-19,9
640,2023-09-29,3
640,2023-10-19,8
640,2023-10-21,4
640,2023-10-30,4
640,2023-10-31,0
640,2023-11-07,1
640,2023-11-10,3
640,2023-11-15,4
640,2023-11-16,8
640,2023-11-18,0
640,2023-11-25,8
640,2023-11-27,7
640,2023-12-12,3
641,2023-11-22,9
641,2023-12-04,1
641,2023-12-14,0
641,2023-12-16,1
641,2023-12-17,10
641,2023-12-25,5
641,2023-12-30,7
641,2024-01-03,0
641,2024-01-08,9
641,2024-01-17,0
641,2024-01-23,8
641,2024-01-26,5
641,2024-02-07,9
641,2024-02-10,9
641,2024-02-19,1
642,2023-05-05,10
642,2023-05-24,6
642,2023-05-26,9
642,2023-06-04,9
642,2023-06-08,6
642,2023-06-09,10
642,2023-06-23,4
642,2023-06-29,8
642,2023-07-15,10
642,2023-07-16,9
642,2023-07-18,9
642,2023-07-21,10
642,2023-08-01,10
642,2023-08-02,7
642,2023-08-07,1
643,2023-05-23,4
643,2023-06-03,9
643,2023-06-08,9
643,2023-06-21,3
643,2023-06-27,2
643,2023-07-02,3
643,2023-07-06,1
643,2023-07-09,2
643,2023-07-24,3
643,2023-07-26,4
643,2023-07-28,2
643,2023-08-01,6
643,2023-08-03,6
643,2023-08-10,9
643,2023-08-27,8
644,2023-08-16,10
644,2023-08-17,7
644,2023-08-21,2
644,2023-08-29,3
644,2023-09-02,4
644,2023-10-03,8
644,2023-10-05,3
644,2023-10-06,8
644,2023-10-11,9
644,2023-10-13,3
644,2023-10-24,5
644,2023-11-01,10
644,2023-11-03,10
644,2023-11-11,9
644,2023-11-19,5
645,2023-02-09,9
645,2023-02-11,9
645,2023-02-24,6
645,2023-02-26,5
645,2023-02-27,0
645,2023-03-12,8
645,2023-03-17,2
645,2023-03-25,6
645,2023-04-02,9
645,2023-04-16,5
645,2023-04-21,8
645,2023-05-03,10
645,2023-05-04,2
645,2023-05-08,6
645,2023-05-16,10
646,2023-05-28,10
646,2023-06-05,10
646,2023-06-07,2
646,2023-06-08,3
646,2023-06-23,8
646,2023-06-30,5
646,2023-07-10,9
646,2023-07-14,5
646,2023-07-18,1
646,2023-07-20,4
646,2023-07-27,3
646,2023-08-05,4
646,2023-08-06,6
646,2023-08-08,8
646,2023-08-15,2
647,2023-05-01,8
647,2023-05-04,6
647,2023-05-06,9
647,2023-05-22,6
647,2023-05-29,6
647,2023-05-31,1
647,2023-06-04,0
647,2023-06-09,1
647,2023-07-01,6
647,2023-07-05,8
647,2023-07-15,3
647,2023-07-20,1
647,2023-07-25,1
647,2023-08-05,10
647,2023-08-07,3
648,2023-05-23,5
648,2023-05-26,0
648,2023-05-27,7
648,2023-05-28,6
648,2023-05-29,2
648,2023-05-30,10
648,2023-06-24,8
648,2023-06-26,3
648,2023-07-01,9
648,2023-07-07,7
648,2023-07-26,10
648,2023-08-05,6
648,2023-08-06,10
648,2023-08-08,2
648,2023-08-10,0
649,2023-06-23,7
649,2023-06-28,2
649,2023-07-11,6
649,2023-07-19,6
649,2023-07-25,10
649,2023-07-26,2
649,2023-07-27,9
649,2023-08-07,2
649,2023-08-10,5
649,2023-08-16,0
649,2023-08-23,8
649,2023-09-05,1
649,2023-09-10,7
649,2023-09-20,10
649,2023-09-22,7
650,2023-06-15,4
650,2023-06-19,1
650,2023-06-21,3
650,2023-07-03,3
650,2023-07-16,3
650,2023-08-01,7
650,2023-08-02,3
650,2023-08-19,1
650,2023-08-20,2
650,2023-08-24,5
650,2023-08-29,5
650,2023-09-07,2
650,2023-09-10,3
650,2023-09-19,5
650,2023-09-20,6
651,2023-10-04,6
651,2023-10-05,3
651,2023-10-14,8
651,2023-10-17,10
651,2023-10-18,5
651,2023-10-24,2
651,2023-10-25,7
651,2023-10-30,7
651,2023-11-01,8
651,2023-11-21,9
651,2023-12-02,5
651,2023-12-12,6
651,2023-12-20,1
651,2023-12-29,3
651,2024-01-08,3
652,2023-02-17,4
652,2023-02-20,8
652,2023-03-01,0
652,2023-03-04,1
652,2023-03-16,6
652,2023-03-20,4
652,2023-03-22,4
652,2023-03-24,0
652,2023-04-02,3
652,2023-04-09,7
652,2023-04-21,3
652,2023-04-26,10
652,2023-04-27,4
652,2023-05-07,1
652,2023-05-14,6
653,2023-03-13,1
653,2023-03-21,7
653,2023-03-25,9
653,2023-03-30,8
653,2023-04-01,2
653,2023-04-02,1
653,2023-04-04,10
653,2023-05-10,3
653,2023-05-11,4
653,2023-05-14,8
653,2023-05-16,6
653,2023-05-19,2
653,2023-06-01,9
653,2023-06-05,8
653,2023-06-14,5
654,2023-04-02,6
654,2023-04-10,0
654,2023-04-17,5
654,2023-04-19,3
654,2023-04-28,9
654,2023-05-12,7
654,2023-05-14,0
654,2023-05-20,7
654,2023-05-23,9
654,2023-05-27,8
654,2023-06-04,10
654,2023-06-14,6
654,2023-06-20,6
654,2023-06-21,10
654,2023-06-24,1
655,2023-04-29,8
655,2023-04-30,2
655,2023-05-06,1
655,2023-05-17,10
655,2023-05-29,2
655,2023-06-14,2
655,2023-06-16,3
655,2023-06-19,10
655,2023-06-26,5
655,2023-06-29,5
655,2023-07-01,10
655,2023-07-04,2
655,2023-07-27,1
655,2023-08-04,6
655,2023-08-06,10
656,2023-07-17,8
656,2023-07-25,10
656,2023-07-29,2
656,2023-08-04,1
656,2023-08-18,9
656,2023-08-27,2
656,2023-08-31,5
656,2023-09-05,9
656,2023-09-11,6
656,2023-09-23,7
656,2023-09-26,9
656,2023-10-08,0
656,2023-10-11,8
656,2023-10-17,9
656,2023-10-23,8
657,2023-12-24,3
657,2023-12-26,10
657,2024-01-07,8
657,2024-01-11,6
657,2024-01-21,9
657,2024-01-25,4
657,2024-01-27,8
657,2024-02-02,4
657,2024-02-15,10
657,2024-02-29,2
657,2024-03-08,4
657,2024-03-10,9
657,2024-03-18,5
657,2024-03-19,9
657,2024-03-29,8
658,2023-03-24,7
658,2023-03-28,1
658,2023-03-30,5
658,2023-04-25,2
658,2023-05-03,3
658,2023-05-16,8
658,2023-05-17,6
658,2023-05-23,7
658,2023-05-28,6
658,2023-05-29,7
658,2023-06-08,3
658,2023-06-10,8
658,2023-06-11,10
658,2023-06-16,2
658,2023-06-24,0
659,2023-04-28,2
659,2023-04-29,9
659,2023-05-25,9
659,2023-06-07,6
659,2023-06-08,8
659,2023-06-16,7
659,2023-06-18,2
659,2023-06-22,2
659,2023-06-27,5
659,2023-06-28,8
659,2023-07-07,9
659,2023-07-09,3
659,2023-07-13,7
659,2023-07-21,0
659,2023-07-28,10
660,2023-02-02,10
660,2023-02-05,5
660,2023-02-08,6
660,2023-02-25,6
660,2023-03-04,9
660,2023-03-08,5
660,2023-03-14,10
660,2023-03-21,7
660,2023-03-25,9
660,2023-04-10,0
660,2023-04-11,0
660,2023-04-23,10
660,2023-04-25,1
660,2023-04-30,2
660,2023-05-02,4
661,2023-08-18,5
661,2023-08-23,9
661,2023-08-24,4
661,2023-08-26,2
661,2023-09-02,10
661,2023-09-04,3
661,2023-09-13,10
661,2023-09-17,2
661,2023-09-20,10
661,2023-09-28,8
661,2023-10-07,9
661,2023-10-09,4
661,2023-10-15,6
661,2023-11-04,3
661,2023-11-08,3
662,2023-08-07,2
662,2023-08-10,5
662,2023-08-18,6
662,2023-08-20,2
662,2023-08-30,9
662,2023-09-07,2
662,2023-09-09,6
662,2023-09-17,9
662,2023-09-27,3
662,2023-10-04,3
662,2023-10-05,5
662,2023-10-09,8
662,2023-10-23,9
662,2023-10-28,10
662,2023-11-02,5
663,2023-06-22,0
663,2023-07-02,9
663,2023-07-17,5
663,2023-07-22,7
663,2023-07-30,10
663,2023-08-04,4
663,2023-08-05,4
663,2023-08-07,3
663,2023-08-08,0
663,2023-08-20,3
663,2023-08-22,4
663,2023-08-24,10
663,2023-08-29,9
663,2023-09-09,1
663,2023-09-17,10
664,2023-10-11,0
664,2023-10-14,1
664,2023-10-19,5
664,2023-10-26,3
664,2023-10-30,6
664,2023-11-04,4
664,2023-11-08,1
664,2023-11-16,5
664,2023-12-05,4
664,2023-12-09,7
664,2023-12-10,1
664,2023-12-17,5
664,2023-12-18,5
664,2023-12-20,3
664,2024-01-03,1
665,2023-08-29,9
665,2023-09-01,4
665,2023-09-08,2
665,2023-09-18,10
665,2023-09-23,1
665,2023-09-26,4
665,2023-10-06,1
665,2023-10-12,0
665,2023-10-19,5
665,2023-10-20,2
665,2023-10-23,7
665,2023-10-26,6
665,2023-11-02,9
665,2023-11-14,8
665,2023-11-28,1
666,2023-08-01,8
666,2023-08-08,8
666,2023-08-17,8
666,2023-08-31,5
666,2023-09-04,6
666,2023-09-16,2
666,2023-09-30,2
666,2023-10-01,5
666,2023-10-07,8
666,2023-10-11,6
666,2023-10-15,6
666,2023-10-17,0
666,2023-10-29,5
666,2023-11-02,9
666,2023-11-05,8
667,2023-02-18,4
667,2023-02-22,8
667,2023-03-08,10
667,2023-03-11,5
667,2023-03-16,9
667,2023-03-26,6
667,2023-03-29,5
667,2023-03-30,5
667,2023-04-05,9
667,2023-04-07,4
667,2023-04-10,2
667,2023-04-27,8
667,2023-05-02,2
667,2023-05-06,4
667,2023-05-08,9
668,2023-04-16,10
668,2023-04-19,3
668,2023-04-21,1
668,2023-04-26,3
668,2023-05-01,2
668,2023-05-03,10
668,2023-05-05,1
668,2023-05-15,5
668,2023-05-25,5
668,2023-05-28,1
668,2023-06-02,3
668,2023-06-09,0
668,2023-06-30,5
668,2023-07-06,5
668,2023-07-13,7
669,2023-08-08,6
669,2023-08-16,9
669,2023-08-27,9
669,2023-08-30,7
669,2023-09-09,2
669,2023-09-11,7
669,2023-09-22,3
669,2023-09-27,6
669,2023-10-09,7
669,2023-10-10,10
669,2023-10-14,7
669,2023-10-21,4
669,2023-10-24,10
669,2023-10-30,6
669,2023-11-06,2
670,2023-07-19,8
670,2023-07-27,1
670,2023-08-04,2
670,2023-08-09,3
670,2023-08-10,1
670,2023-08-14,2
670,2023-08-15,3
670,2023-08-24,9
670,2023-09-03,2
670,2023-09-04,10
670,2023-09-22,0
670,2023-09-24,10
670,2023-10-17,4
670,2023-10-21,9
670,2023-10-22,1
671,2023-10-28,5
671,2023-11-03,0
671,2023-11-07,8
671,2023-11-16,2
671,2023-11-22,7
671,2023-11-27,6
671,2023-11-29,8
671,2023-12-14,1
671,2023-12-19,10
671,2023-12-25,7
671,2023-12-28,2
671,2024-01-01,2
671,2024-01-05,5
671,2024-01-26,7
671,2024-01-29,7
672,2023-12-27,1
672,2024-01-09,8
672,2024-01-10,10
672,2024-01-11,7
672,2024-01-25,6
672,2024-01-26,10
672,2024-02-02,8
672,2024-02-07,3
672,2024-02-09,1
672,2024-02-22,6
672,2024-03-03,0
672,2024-03-05,8
672,2024-03-11,2
672,2024-03-12,7
672,2024-03-27,1
673,2023-01-19,0
673,2023-02-02,5
673,2023-02-03,2
673,2023-02-05,2
673,2023-02-07,2
673,2023-03-08,9
673,2023-03-10,9
673,2023-03-12,9
673,2023-03-24,3
673,2023-03-26,6
673,2023-04-03,2
673,2023-04-04,1
673,2023-04-08,6
673,2023-04-12,5
673,2023-04-14,10
674,2023-10-31,3
674,2023-11-09,5
674,2023-11-12,8
674,2023-11-21,4
674,2023-11-22,4
674,2023-11-29,6
674,2023-12-02,1
674,2023-12-07,7
674,2023-12-30,10
674,2023-12-31,7
674,2024-01-03,7
674,2024-01-04,3
674,2024-01-11,2
674,2024-01-13,6
674,2024-01-19,4
675,2023-07-16,9
675,2023-07-28,7
675,2023-08-06,0
675,2023-08-14,2
675,2023-08-15,9
675,2023-08-16,2
675,2023-08-25,7
675,2023-09-09,1
675,2023-09-15,2
675,2023-09-25,0
675,2023-09-29,5
675,2023-09-30,3
675,2023-10-13,10
675,2023-10-14,9
675,2023-10-21,7
676,2023-09-16,2
676,2023-09-18,0
676,2023-09-19,10
676,2023-09-29,1
676,2023-10-03,2
676,2023-10-13,5
676,2023-11-03,6
676,2023-11-04,0
676,2023-11-07,8
676,2023-11-08,3
676,2023-11-12,2
676,2023-11-15,0
676,2023-12-01,0
676,2023-12-03,4
676,2023-12-08,8
677,2023-01-30,10
677,2023-02-17,8
677,2023-02-20,5
677,2023-03-01,2
677,2023-03-04,3
677,2023-03-07,10
677,2023-03-09,8
677,2023-03-11,6
677,2023-03-17,0
677,2023-03-22,0
677,2023-04-01,3
677,2023-04-02,0
677,2023-04-04,4
677,2023-04-06,4
677,2023-04-08,3
678,2023-07-02,2
678,2023-07-08,10
678,2023-07-10,9
678,2023-07-11,2
678,2023-07-14,9
678,2023-07-20,5
678,2023-07-26,10
678,2023-08-10,0
678,2023-08-13,1
678,2023-08-18,4
678,2023-08-27,3
678,2023-09-11,7
678,2023-09-20,4
678,2023-10-01,10
678,2023-10-07,8
679,2023-06-02,1
679,2023-06-09,2
679,2023-06-12,6
679,2023-06-13,0
679,2023-06-26,10
679,2023-06-27,2
679,2023-06-28,2
679,2023-07-25,1
679,2023-08-01,3
679,2023-08-04,2
679,2023-08-14,1
679,2023-08-16,10
679,2023-08-18,7
679,2023-08-19,6
679,2023-08-28,7
680,2023-07-25,0
680,2023-07-30,1
680,2023-08-01,9
680,2023-08-02,0
680,2023-08-04,7
680,2023-08-05,2
680,2023-08-11,5
680,2023-09-05,10
680,2023-09-08,8
680,2023-10-04,7
680,2023-10-11,3
680,2023-10-13,3
680,2023-10-22,9
680,2023-10-23,3
680,2023-10-25,0
681,2023-08-04,8
681,2023-08-25,1
681,2023-08-27,2
681,2023-08-29,4
681,2023-09-09,2
681,2023-09-10,1
681,2023-09-15,1
681,2023-09-20,4
681,2023-09-27,0
681,2023-09-30,8
681,2023-10-10,10
681,2023-10-15,6
681,2023-10-25,10
681,2023-10-26,8
681,2023-10-27,2
682,2023-10-04,5
682,2023-10-05,5
682,2023-10-19,6
682,2023-10-20,1
682,2023-10-22,10
682,2023-10-27,0
682,2023-11-08,3
682,2023-11-13,10
682,2023-11-15,9
682,2023-11-20,9
682,2023-12-15,5
682,2023-12-17,2
682,2023-12-18,9
682,2023-12-27,7
682,2023-12-31,0
683,2023-10-19,4
683,2023-10-22,2
683,2023-10-25,3
683,2023-10-31,0
683,2023-11-05,4
683,2023-11-11,1
683,2023-11-17,2
683,2023-11-21,0
683,2023-11-22,2
683,2023-11-25,7
683,2023-11-30,0
683,2023-12-04,6
683,2023-12-15,1
683,2023-12-16,5
683,2024-01-14,9
684,2023-11-12,9
684,2023-11-15,0
684,2023-11-25,6
684,2023-11-26,3
684,2023-12-04,2
684,2023-12-10,2
684,2023-12-29,4
684,2023-12-30,8
684,2023-12-31,10
684,2024-01-05,1
684,2024-01-07,5
684,2024-01-15,5
684,2024-01-20,4
684,2024-01-23,2
684,2024-02-05,10
685,2023-04-23,7
685,2023-04-25,9
685,2023-04-27,10
685,2023-04-30,7
685,2023-05-08,5
685,2023-05-21,6
685,2023-05-24,4
685,2023-05-29,9
685,2023-06-08,1
685,2023-06-13,5
685,2023-07-10,7
685,2023-07-12,9
685,2023-07-14,10
685,2023-07-21,5
685,2023-07-22,5
686,2023-09-07,1
686,2023-09-12,8
686,2023-09-14,1
686,2023-09-20,0
686,2023-09-21,3
686,2023-09-24,0
686,2023-09-29,6
686,2023-10-08,8
686,2023-10-09,3
686,2023-10-13,1
686,2023-10-31,7
686,2023-11-01,6
686,2023-11-05,4
686,2023-11-07,1
686,2023-11-17,7
687,2023-04-24,1
687,2023-04-26,5
687,2023-04-28,0
687,2023-05-05,7
687,2023-05-06,1
687,2023-05-11,3
687,2023-05-13,8
687,2023-06-08,0
687,2023-06-16,6
687,2023-06-19,7
687,2023-06-28,1
687,2023-07-01,3
687,2023-07-07,0
687,2023-07-17,7
687,2023-07-25,3
688,2023-05-23,0
688,2023-05-26,9
688,2023-05-30,6
688,2023-06-03,2
688,2023-06-11,5
688,2023-06-14,8
688,2023-06-24,8
688,2023-06-25,10
688,2023-06-27,5
688,2023-07-01,7
688,2023-07-05,6
688,2023-07-10,6
688,2023-07-21,9
688,2023-07-26,4
688,2023-08-18,7
689,2023-08-12,6
689,2023-08-15,6
689,2023-08-27,2
689,2023-09-01,1
689,2023-09-06,5
689,2023-09-07,9
689,2023-09-13,1
689,2023-09-23,8
689,2023-10-02,3
689,2023-10-06,2
689,2023-10-07,7
689,2023-10-22,0
689,2023-10-28,0
689,2023-11-05,0
689,2023-11-19,4
690,2023-09-09,10
690,2023-09-12,7
690,2023-09-14,1
690,2023-09-18,4
690,2023-09-20,0
690,2023-10-15,0
690,2023-10-18,10
690,2023-10-27,4
690,2023-10-29,9
690,2023-10-30,3
690,2023-11-02,8
690,2023-11-07,8
690,2023-11-20,1
690,2023-11-25,9
690,2023-12-11,10
691,2023-01-15,0
691,2023-01-20,9
691,2023-01-23,4
691,2023-02-06,10
691,2023-02-15,9
691,2023-02-16,7
691,2023-02-18,6
691,2023-02-24,9
691,2023-03-20,8
691,2023-03-29,7
691,2023-04-02,10
691,2023-04-03,3
691,2023-04-10,10
691,2023-04-14,1
691,2023-04-15,3
692,2023-07-31,3
692,2023-08-01,7
692,2023-08-03,4
692,2023-08-07,0
692,2023-08-25,7
692,2023-09-05,7
692,2023-09-09,9
692,2023-09-10,4
692,2023-09-13,3
692,2023-09-16,3
692,2023-09-28,2
692,2023-10-02,5
692,2023-10-04,6
692,2023-10-14,2
692,2023-10-22,3
693,2023-06-23,4
693,2023-06-30,2
693,2023-07-06,6
693,2023-07-29,10
693,2023-08-18,2
693,2023-08-26,0
693,2023-09-02,3
693,2023-09-04,7
693,2023-09-05,0
693,2023-09-06,8
693,2023-09-08,7
693,2023-09-15,8
693,2023-09-18,2
693,2023-09-21,1
693,2023-09-24,1
694,2023-12-12,9
694,2023-12-16,9
694,2023-12-19,8
694,2023-12-21,9
694,2023-12-29,8
694,2024-01-08,9
694,2024-01-11,7
694,2024-01-25,2
694,2024-01-30,1
694,2024-02-16,1
694,2024-02-27,7
694,2024-03-02,0
694,2024-03-03,8
694,2024-03-05,8
694,2024-03-07,10
695,2023-12-17,7
695,2023-12-23,5
695,2023-12-29,8
695,2023-12-31,8
695,2024-01-03,3
695,2024-01-16,9
695,2024-01-20,7
695,2024-01-21,8
695,2024-02-03,5
695,2024-02-17,7
695,2024-02-20,0
695,2024-02-21,8
695,2024-02-27,2
695,2024-03-07,0
695,2024-03-20,0
696,2023-08-01,6
696,2023-08-06,1
696,2023-08-07,10
696,2023-08-19,10
696,2023-08-20,1
696,2023-08-29,2
696,2023-09-03,8
696,2023-09-05,7
696,2023-09-13,10
696,2023-09-18,9
696,2023-09-25,4
696,2023-10-04,2
696,2023-10-07,9
696,2023-10-11,10
696,2023-10-20,6
697,2023-03-31,5
697,2023-04-01,3
697,2023-04-14,1
697,2023-04-29,4
697,2023-05-15,1
697,2023-05-24,9
697,2023-05-26,6
697,2023-05-29,1
697,2023-06-05,5
697,2023-06-08,6
697,2023-06-09,0
697,2023-06-15,7
697,2023-06-19,8
697,2023-06-26,10
697,2023-06-30,3
698,2023-09-10,9
698,2023-09-19,10
698,2023-09-25,10
698,2023-10-03,10
698,2023-10-09,6
698,2023-10-12,2
698,2023-10-15,4
698,2023-10-25,10
698,2023-10-29,0
698,2023-11-06,9
698,2023-11-07,6
698,2023-11-22,10
698,2023-11-24,4
698,2023-11-28,9
698,2023-12-05,6
699,2023-03-10,0
699,2023-03-15,2
699,2023-03-26,8
699,2023-04-07,5
699,2023-04-09,1
699,2023-04-10,6
699,2023-04-15,2
699,2023-04-25,2
699,2023-04-30,5
699,2023-05-02,9
699,2023-05-03,3
699,2023-05-11,10
699,2023-05-15,6
699,2023-05-24,4
699,2023-06-07,8
700,2023-11-15,2
700,2023-11-20,4
700,2023-12-01,6
700,2023-12-13,7
700,2023-12-14,2
700,2023-12-19,8
700,2024-01-05,7
700,2024-01-09,9
700,2024-01-18,9
700,2024-01-22,1
700,2024-01-23,6
700,2024-01-27,0
700,2024-02-01,9
700,2024-02-12,1
700,2024-02-22,1
701,2023-10-10,6
701,2023-10-15,1
701,2023-10-21,3
701,2023-10-27,3
701,2023-10-28,7
701,2023-11-01,6
701,2023-11-08,0
701,2023-11-15,5
701,2023-12-15,2
701,2023-12-16,3
701,2023-12-21,0
701,2023-12-24,4
701,2023-12-31,5
701,2024-01-01,8
701,2024-01-05,8
702,2023-01-16,9
702,2023-01-26,1
702,2023-01-29,6
702,2023-02-01,5
702,2023-02-04,10
702,2023-02-16,0
702,2023-02-18,3
702,2023-02-21,4
702,2023-02-25,4
702,2023-03-01,0
702,2023-03-06,9
702,2023-03-18,6
702,2023-04-13,6
702,2023-04-20,1
702,2023-04-23,7
703,2023-07-29,0
703,2023-08-06,8
703,2023-08-23,8
703,2023-09-20,0
703,2023-09-25,6
703,2023-09-27,7
703,2023-09-28,8
703,2023-10-02,2
703,2023-10-05,1
703,2023-10-09,4
703,2023-10-18,1
703,2023-10-23,7
703,2023-10-24,4
703,2023-10-25,6
703,2023-10-27,8
704,2023-11-13,9
704,2023-11-23,6
704,2023-11-28,9
704,2023-12-01,8
704,2023-12-03,7
704,2023-12-11,4
704,2023-12-18,8
704,2023-12-20,6
704,2023-12-24,9
704,2024-01-07,4
704,2024-01-08,1
704,2024-01-17,5
704,2024-01-18,5
704,2024-01-19,9
704,2024-01-23,4
705,2023-10-22,5
705,2023-10-23,3
705,2023-10-30,6
705,2023-10-31,0
705,2023-11-02,5
705,2023-11-08,1
705,2023-11-25,1
705,2023-12-16,7
705,2023-12-31,1
705,2024-01-02,6
705,2024-01-08,10
705,2024-01-10,0
705,2024-01-11,3
705,2024-01-16,9
705,2024-01-23,8
706,2023-12-18,4
706,2023-12-22,5
706,2024-01-01,5
706,2024-01-06,9
706,2024-01-15,0
706,2024-01-25,6
706,2024-01-27,7
706,2024-01-28,0
706,2024-02-09,0
706,2024-02-15,0
706,2024-02-18,9
706,2024-02-26,10
706,2024-03-05,10
706,2024-03-11,9
706,2024-03-13,4
707,2023-01-20,6
707,2023-01-31,7
707,2023-02-05,6
707,2023-02-15,0
707,2023-02-18,5
707,2023-02-20,6
707,2023-02-21,4
707,2023-03-03,2
707,2023-03-10,0
707,2023-03-22,4
707,2023-03-26,5
707,2023-03-29,6
707,2023-04-02,5
707,2023-04-11,7
707,2023-04-18,7
708,2023-02-15,5
708,2023-02-28,4
708,2023-03-08,6
708,2023-03-12,6
708,2023-03-15,2
708,2023-03-23,10
708,2023-03-24,2
708,2023-03-27,6
708,2023-04-07,5
708,2023-04-10,4
708,2023-04-17,0
708,2023-04-21,1
708,2023-04-26,6
708,2023-04-30,10
708,2023-05-21,5
709,2023-11-27,7
709,2023-12-02,6
709,2023-12-11,7
709,2023-12-15,10
709,2023-12-16,7
709,2023-12-18,4
709,2023-12-19,6
709,2023-12-25,2
709,2024-01-02,5
709,2024-01-09,9
709,2024-01-19,1
709,2024-02-11,6
709,2024-02-20,0
709,2024-02-22,1
709,2024-03-02,1
710,2023-08-08,8
710,2023-08-15,0
710,2023-08-19,1
710,2023-08-20,7
710,2023-08-30,9
710,2023-09-09,8
710,2023-09-12,6
710,2023-09-24,7
710,2023-09-26,7
710,2023-10-11,8
710,2023-10-13,2
710,2023-10-15,3
710,2023-10-28,1
710,2023-11-06,2
710,2023-11-13,9
711,2023-03-12,1
711,2023-03-20,2
711,2023-03-28,0
711,2023-03-29,3
711,2023-04-01,8
711,2023-04-13,4
711,2023-04-14,3
711,2023-04-25,7
711,2023-05-02,5
711,2023-05-04,3
711,2023-05-06,6
711,2023-05-07,5
711,2023-05-26,9
711,2023-05-31,6
711,2023-06-10,8
712,2023-08-31,3
712,2023-09-09,8
712,2023-09-10,5
712,2023-09-15,4
712,2023-09-16,5
712,2023-09-27,4
712,2023-10-03,0
712,2023-10-08,0
712,2023-10-11,10
712,2023-10-23,6
712,2023-10-29,4
712,2023-11-03,4
712,2023-11-04,10
712,2023-11-14,5
712,2023-11-18,4
713,2023-04-13,8
713,2023-04-18,9
713,2023-04-21,7
713,2023-04-22,10
713,2023-04-23,9
713,2023-04-28,1
713,2023-04-29,7
713,2023-05-10,7
713,2023-05-17,6
713,2023-05-31,3
713,2023-06-02,3
713,2023-06-26,10
713,2023-07-04,4
713,2023-07-07,10
713,2023-07-11,10
714,2023-01-27,10
714,2023-01-29,8
714,2023-02-04,0
714,2023-02-16,1
714,2023-02-19,9
714,2023-03-12,6
714,2023-03-15,3
714,2023-03-27,0
714,2023-03-29,4
714,2023-04-04,5
714,2023-04-07,10
714,2023-04-22,3
714,2023-04-23,0
714,2023-04-27,6
714,2023-05-01,9
715,2023-05-15,1
715,2023-05-18,8
715,2023-06-01,1
715,2023-06-12,6
715,2023-06-17,7
715,2023-06-22,7
715,2023-06-24,8
715,2023-06-25,4
715,2023-07-17,8
715,2023-07-22,1
715,2023-08-01,6
715,2023-08-03,5
715,2023-08-11,2
715,2023-08-14,4
715,2023-08-16,4
716,2023-07-20,8
716,2023-07-22,1
716,2023-08-09,0
716,2023-08-10,10
716,2023-08-15,10
716,2023-08-16,10
716,2023-08-29,10
716,2023-09-06,5
716,2023-09-09,3
716,2023-09-12,10
716,2023-09-20,9
716,2023-09-29,1
716,2023-10-01,2
716,2023-10-07,8
716,2023-10-10,7
717,2023-07-06,9
717,2023-07-19,0
717,2023-08-05,4
717,2023-08-10,5
717,2023-08-20,7
717,2023-08-21,9
717,2023-08-23,2
717,2023-08-24,7
717,2023-08-28,1
717,2023-08-30,4
717,2023-08-31,7
717,2023-09-04,10
717,2023-09-09,2
717,2023-09-19,4
717,2023-09-24,6
718,2023-04-23,10
718,2023-04-30,3
718,2023-05-05,9
718,2023-05-11,7
718,2023-05-15,2
718,2023-05-18,8
718,2023-05-21,3
718,2023-05-23,3
718,2023-06-06,9
718,2023-06-27,1
718,2023-06-29,2
718,2023-07-04,1
718,2023-07-18,10
718,2023-07-21,10
718,2023-07-23,8
719,2023-08-24,2
719,2023-08-27,1
719,2023-09-10,0
719,2023-09-11,1
719,2023-09-12,0
719,2023-09-16,2
719,2023-09-17,3
719,2023-10-10,2
719,2023-10-23,0
719,2023-10-25,0
719,2023-10-26,1
719,2023-10-31,8
719,2023-11-01,6
719,2023-11-02,7
719,2023-11-20,6
720,2023-06-18,8
720,2023-06-20,1
720,2023-06-22,4
720,2023-07-01,3
720,2023-07-02,5
720,2023-08-04,6
720,2023-08-05,1
720,2023-08-17,4
720,2023-08-21,0
720,2023-08-27,3
720,2023-09-01,8
720,2023-09-05,4
720,2023-09-10,5
720,2023-09-11,10
720,2023-09-16,3
721,2023-06-28,6
721,2023-07-02,9
721,2023-07-09,5
721,2023-07-16,10
721,2023-07-27,1
721,2023-07-31,0
721,2023-08-01,0
721,2023-08-14,3
721,2023-08-22,0
721,2023-08-26,7
721,2023-08-31,6
721,2023-09-05,2
721,2023-09-12,0
721,2023-09-26,5
721,2023-09-28,4
722,2023-07-16,1
722,2023-07-19,0
722,2023-07-23,10
722,2023-07-25,6
722,2023-08-17,5
722,2023-08-25,4
722,2023-08-31,1
722,2023-09-01,1
722,2023-09-06,3
722,2023-09-07,4
722,2023-09-08,0
722,2023-09-27,7
722,2023-10-07,8
722,2023-10-10,5
722,2023-10-17,1
723,2023-05-24,6
723,2023-05-28,8
723,2023-06-16,3
723,2023-06-26,4
723,2023-07-09,8
723,2023-07-13,2
723,2023-07-17,6
723,2023-07-22,8
723,2023-07-28,9
723,2023-08-02,9
723,2023-08-06,9
723,2023-08-09,6
723,2023-08-10,2
723,2023-08-28,6
723,2023-08-29,9
724,2023-08-05,7
724,2023-08-19,9
724,2023-09-02,1
724,2023-09-28,5
724,2023-10-01,0
724,2023-10-03,5
724,2023-10-09,9
724,2023-10-10,6
724,2023-10-12,2
724,2023-10-14,5
724,2023-10-15,7
724,2023-10-24,1
724,2023-10-25,9
724,2023-10-27,7
724,2023-10-30,6
725,2023-05-12,2
725,2023-05-21,6
725,2023-05-26,0
725,2023-06-09,4
725,2023-06-24,1
725,2023-07-04,8
725,2023-07-07,0
725,2023-07-15,9
725,2023-07-20,5
725,2023-07-22,2
725,2023-07-25,1
725,2023-07-29,7
725,2023-08-06,5
725,2023-08-07,5
725,2023-08-15,8
726,2023-02-20,8
726,2023-02-22,10
726,2023-02-23,10
726,2023-02-26,8
726,2023-02-28,2
726,2023-03-06,4
726,2023-03-20,1
726,2023-03-23,9
726,2023-04-01,9
726,2023-04-10,6
726,2023-04-14,2
726,2023-04-29,6
726,2023-05-07,4
726,2023-05-12,2
726,2023-05-17,2
727,2023-09-04,2
727,2023-09-07,1
727,2023-09-16,8
727,2023-10-01,5
727,2023-10-02,10
727,2023-10-10,4
727,2023-10-14,5
727,2023-10-25,7
727,2023-10-29,0
727,2023-11-02,5
727,2023-11-12,6
727,2023-11-14,8
727,2023-11-27,2
727,2023-11-29,0
727,2023-11-30,9
728,2023-01-10,6
728,2023-01-12,4
728,2023-01-16,0
728,2023-01-18,7
728,2023-01-26,2
728,2023-01-28,3
728,2023-02-07,2
728,2023-02-22,4
728,2023-02-25,7
728,2023-03-02,2
728,2023-03-14,8
728,2023-03-24,2
728,2023-03-31,8
728,2023-04-10,9
728,2023-04-13,5
729,2023-10-04,1
729,2023-10-11,2
729,2023-10-15,6
729,2023-10-24,1
729,2023-10-27,6
729,2023-11-03,8
729,2023-11-06,5
729,2023-11-08,0
729,2023-11-30,7
729,2023-12-05,1
729,2023-12-09,0
729,2023-12-26,5
729,2023-12-31,8
729,2024-01-03,10
729,2024-01-04,0
730,2023-01-27,0
730,2023-02-06,5
730,2023-02-07,3
730,2023-02-09,7
730,2023-02-10,0
730,2023-02-18,9
730,2023-02-19,2
730,2023-03-08,3
730,2023-03-15,0
730,2023-03-22,0
730,2023-03-27,7
730,2023-04-10,1
730,2023-04-15,6
730,2023-04-21,9
730,2023-05-02,5
731,2023-06-29,3
731,2023-06-30,10
731,2023-07-10,2
731,2023-07-31,9
731,2023-08-05,8
731,2023-08-07,7
731,2023-08-09,6
731,2023-08-29,9
731,2023-09-01,8
731,2023-09-08,9
731,2023-09-10,3
731,2023-09-20,6
731,2023-09-24,5
731,2023-09-26,2
731,2023-09-28,9
732,2023-05-06,1
732,2023-05-09,3
732,2023-05-13,1
732,2023-05-20,0
732,2023-05-27,4
732,2023-05-30,5
732,2023-06-03,0
732,2023-06-16,2
732,2023-06-24,5
732,2023-06-29,8
732,2023-07-02,10
732,2023-07-13,9
732,2023-07-26,6
732,2023-07-27,3
732,2023-08-01,10
733,2023-12-07,8
733,2023-12-18,0
733,2023-12-22,6
733,2023-12-26,4
733,2023-12-29,8
733,2023-12-31,6
733,2024-01-05,0
733,2024-01-11,6
733,2024-01-14,7
733,2024-01-21,3
733,2024-01-24,9
733,2024-01-27,8
733,2024-02-04,3
733,2024-03-01,4
733,2024-03-05,4
734,2023-02-11,7
734,2023-02-22,4
734,2023-02-27,0
734,2023-03-01,6
734,2023-03-06,5
734,2023-03-15,7
734,2023-03-17,9
734,2023-03-19,5
734,2023-03-25,5
734,2023-03-28,1
734,2023-04-03,5
734,2023-04-10,6
734,2023-04-15,2
734,2023-04-16,3
734,2023-04-26,9
735,2023-12-01,0
735,2023-12-04,10
735,2023-12-05,9
735,2023-12-13,1
735,2023-12-23,3
735,2024-01-08,1
735,2024-01-10,1
735,2024-01-11,1
735,2024-02-01,7
735,2024-02-07,8
735,2024-02-14,6
735,2024-02-18,1
735,2024-02-27,9
735,2024-03-02,10
735,2024-03-07,0
736,2023-01-24,9
736,2023-01-27,5
736,2023-02-08,3
736,2023-02-11,5
736,2023-02-12,4
736,2023-02-27,1
736,2023-03-04,10
736,2023-03-11,2
736,2023-03-13,0
736,2023-03-18,1
736,2023-04-12,10
736,2023-04-18,2
736,2023-04-20,2
736,2023-04-21,7
736,2023-04-22,5
737,2023-01-17,2
737,2023-01-22,5
737,2023-01-23,10
737,2023-01-26,10
737,2023-01-30,10
737,2023-02-05,9
737,2023-02-12,4
737,2023-02-25,7
737,2023-02-28,10
737,2023-03-02,9
737,2023-03-10,5
737,2023-03-29,0
737,2023-04-15,7
737,2023-04-18,4
737,2023-04-23,0
738,2023-05-13,5
738,2023-05-19,10
738,2023-05-23,0
738,2023-05-31,3
738,2023-06-21,10
738,2023-07-02,1
738,2023-07-05,0
738,2023-07-09,0
738,2023-07-16,6
738,2023-07-21,4
738,2023-07-22,10
738,2023-08-01,9
738,2023-08-05,3
738,2023-08-10,4
738,2023-08-12,0
739,2023-04-13,4
739,2023-04-17,1
739,2023-04-18,1
739,2023-04-28,8
739,2023-04-29,4
739,2023-05-09,10
739,2023-05-10,9
739,2023-05-18,1
739,2023-05-27,3
739,2023-06-06,10
739,2023-06-16,5
739,2023-06-26,9
739,2023-06-30,9
739,2023-07-10,2
739,2023-07-11,8
740,2023-01-15,0
740,2023-01-16,6
740,2023-01-20,7
740,2023-01-29,9
740,2023-02-11,9
740,2023-02-23,0
740,2023-02-24,10
740,2023-02-25,0
740,2023-02-26,6
740,2023-02-27,9
740,2023-03-01,6
740,2023-03-24,8
740,2023-04-08,0
740,2023-04-17,1
740,2023-04-18,8
741,2023-11-20,10
741,2023-12-01,3
741,2023-12-12,9
741,2023-12-15,4
741,2023-12-18,4
741,2023-12-19,9
741,2024-01-03,5
741,2024-01-10,3
741,2024-01-15,0
741,2024-01-18,0
741,2024-02-10,6
741,2024-02-11,7
741,2024-02-12,7
741,2024-02-14,6
741,2024-02-22,2
742,2023-03-21,4
742,2023-03-29,1
742,2023-04-05,7
742,2023-04-09,8
742,2023-04-12,4
742,2023-04-16,2
742,2023-04-21,9
742,2023-04-29,0
742,2023-04-30,10
742,2023-05-01,2
742,2023-05-03,10
742,2023-05-07,9
742,2023-05-09,2
742,2023-05-22,3
742,2023-06-09,3
743,2023-05-03,10
743,2023-05-04,8
743,2023-05-07,8
743,2023-05-08,6
743,2023-05-11,8
743,2023-05-15,4
743,2023-06-03,3
743,2023-06-11,0
743,2023-06-14,2
743,2023-06-17,1
743,2023-06-25,1
743,2023-07-15,6
743,2023-07-24,6
743,2023-07-28,7
743,2023-08-05,3
744,2023-03-06,2
744,2023-03-17,9
744,2023-03-23,9
744,2023-03-29,6
744,2023-04-11,4
744,2023-04-16,2
744,2023-04-17,6
744,2023-05-02,0
744,2023-05-03,3
744,2023-05-14,3
744,2023-05-16,6
744,2023-05-17,10
744,2023-05-23,2
744,2023-05-31,0
744,2023-06-10,2
745,2023-08-31,1
745,2023-09-03,5
745,2023-09-09,2
745,2023-09-14,3
745,2023-09-16,8
745,2023-09-23,0
745,2023-10-02,2
745,2023-10-15,3
745,2023-10-17,6
745,2023-10-26,2
745,2023-10-28,1
745,2023-10-29,10
745,2023-11-05,9
745,2023-11-15,10
745,2023-11-27,2
746,2023-12-09,1
746,2023-12-17,8
746,2023-12-21,6
746,2023-12-22,3
746,2023-12-24,8
746,2024-01-23,5
746,2024-01-24,5
746,2024-02-02,8
746,2024-02-09,8
746,2024-02-13,1
746,2024-02-14,9
746,2024-02-19,5
746,2024-02-20,9
746,2024-03-05,7
746,2024-03-10,7
747,2023-03-05,9
747,2023-03-06,3
747,2023-03-12,1
747,2023-03-21,8
747,2023-03-30,6
747,2023-04-12,9
747,2023-04-17,2
747,2023-04-30,8
747,2023-05-05,9
747,2023-05-07,7
747,2023-05-10,2
747,2023-05-27,8
747,2023-05-29,4
747,2023-06-04,5
747,2023-06-06,4
748,2023-10-16,4
748,2023-10-22,8
748,2023-10-28,2
748,2023-11-02,10
748,2023-11-05,3
748,2023-11-06,2
748,2023-11-07,10
748,2023-11-12,2
748,2023-12-16,0
748,2023-12-20,4
748,2023-12-25,1
748,2024-01-02,4
748,2024-01-08,4
748,2024-01-16,7
748,2024-01-20,4
749,2023-04-30,0
749,2023-05-06,10
749,2023-05-08,2
749,2023-05-17,10
749,2023-05-19,0
749,2023-06-07,2
749,2023-06-14,0
749,2023-06-28,10
749,2023-07-04,3
749,2023-07-08,0
749,2023-07-14,4
749,2023-07-20,2
749,2023-07-21,3
749,2023-07-24,2
749,2023-07-26,2
750,2023-09-01,6
750,2023-09-07,5
750,2023-09-09,0
750,2023-09-12,6
750,2023-09-20,4
750,2023-09-27,6
750,2023-10-11,3
750,2023-10-13,0
750,2023-10-22,10
750,2023-10-29,0
750,2023-10-30,5
750,2023-11-24,9
750,2023-11-26,3
750,2023-12-02,7
750,2023-12-04,7
751,2023-12-27,9
751,2024-01-03,1
751,2024-01-06,6
751,2024-01-10,10
751,2024-01-14,10
751,2024-01-22,1
751,2024-02-08,7
751,2024-02-13,4
751,2024-02-21,6
751,2024-03-02,9
751,2024-03-08,0
751,2024-03-12,2
751,2024-03-17,9
751,2024-03-21,8
751,2024-04-01,3
752,2023-05-15,3
752,2023-05-20,1
752,2023-05-22,6
752,2023-05-27,7
752,2023-05-31,0
752,2023-06-01,8
752,2023-06-12,0
752,2023-06-14,5
752,2023-06-16,6
752,2023-06-30,8
752,2023-07-01,5
752,2023-07-20,6
752,2023-07-23,6
752,2023-07-30,7
752,2023-08-14,0
753,2023-07-15,4
753,2023-07-18,4
753,2023-07-27,10
753,2023-08-06,0
753,2023-08-13,7
753,2023-08-15,6
753,2023-08-23,6
753,2023-08-26,3
753,2023-08-27,10
753,2023-09-11,4
753,2023-09-19,9
753,2023-09-20,3
753,2023-10-05,3
753,2023-10-13,9
753,2023-10-15,6
754,2023-03-28,4
754,2023-04-07,2
754,2023-04-11,4
754,2023-04-12,3
754,2023-04-13,6
754,2023-04-17,10
754,2023-04-20,2
754,2023-05-04,5
754,2023-05-10,10
754,2023-05-14,8
754,2023-05-15,5
754,2023-05-21,4
754,2023-05-24,10
754,2023-06-12,2
754,2023-06-17,1
755,2023-11-12,4
755,2023-11-19,1
755,2023-11-25,10
755,2023-12-07,9
755,2023-12-29,9
755,2024-01-09,10
755,2024-01-11,6
755,2024-01-14,4
755,2024-01-22,3
755,2024-01-25,3
755,2024-01-27,8
755,2024-02-01,5
755,2024-02-02,3
755,2024-02-07,2
755,2024-02-09,4
756,2023-11-11,5
756,2023-11-14,10
756,2023-11-16,8
756,2023-11-17,7
756,2023-11-30,6
756,2023-12-02,0
756,2023-12-05,5
756,2023-12-07,4
756,2023-12-08,5
756,2023-12-10,7
756,2023-12-23,6
756,2024-01-04,9
756,2024-01-14,10
756,2024-01-31,4
756,2024-02-03,7
757,2023-03-25,7
757,2023-03-30,4
757,2023-04-03,6
757,2023-04-11,6
757,2023-04-15,9
757,2023-04-16,8
757,2023-04-20,6
757,2023-04-24,1
757,2023-04-27,6
757,2023-05-11,3
757,2023-05-14,4
757,2023-05-20,2
757,2023-05-30,1
757,2023-05-31,2
757,2023-06-06,5
758,2023-03-26,6
758,2023-03-27,9
758,2023-04-05,2
758,2023-04-17,5
758,2023-04-30,5
758,2023-05-03,9
758,2023-05-06,6
758,2023-05-07,6
758,2023-05-11,4
758,2023-05-29,7
758,2023-06-01,2
758,2023-06-06,1
758,2023-06-12,3
758,2023-06-22,0
758,2023-06-30,7
759,2023-06-15,10
759,2023-06-24,8
759,2023-06-26,9
759,2023-07-02,3
759,2023-07-09,3
759,2023-07-12,2
759,2023-07-13,6
759,2023-07-14,1
759,2023-07-15,4
759,2023-07-26,5
759,2023-07-28,4
759,2023-08-23,3
759,2023-09-02,0
759,2023-09-08,7
759,2023-09-16,9
760,2023-02-27,5
760,2023-02-28,2
760,2023-03-10,2
760,2023-03-12,1
760,2023-03-25,1
760,2023-04-18,5
760,2023-04-24,8
760,2023-04-29,7
760,2023-05-03,1
760,2023-05-04,8
760,2023-05-18,4
760,2023-05-20,5
760,2023-05-23,2
760,2023-05-29,3
760,2023-06-03,5
761,2023-10-30,7
761,2023-11-07,3
761,2023-11-15,10
761,2023-11-26,2
761,2023-11-27,10
761,2023-11-28,10
761,2023-12-18,0
761,2023-12-21,8
761,2023-12-26,6
761,2023-12-27,5
761,2024-01-15,2
761,2024-01-16,3
761,2024-01-18,7
761,2024-01-19,7
761,2024-01-26,7
762,2023-01-14,10
762,2023-01-19,5
762,2023-01-21,2
762,2023-01-28,7
762,2023-01-30,8
762,2023-02-07,1
762,2023-02-18,0
762,2023-02-24,5
762,2023-03-06,5
762,2023-03-07,10
762,2023-03-10,8
762,2023-03-14,10
762,2023-03-28,0
762,2023-04-06,0
762,2023-04-11,0
763,2023-06-17,0
763,2023-06-24,9
763,2023-06-25,4
763,2023-06-28,3
763,2023-07-01,9
763,2023-07-02,1
763,2023-07-03,3
763,2023-07-18,6
763,2023-07-19,8
763,2023-08-02,10
763,2023-08-07,1
763,2023-08-09,7
763,2023-09-01,2
763,2023-09-04,0
763,2023-09-10,3
764,2023-10-25,2
764,2023-11-06,9
764,2023-11-10,10
764,2023-11-13,7
764,2023-11-16,3
764,2023-12-05,5
764,2023-12-09,2
764,2023-12-11,5
764,2023-12-27,9
764,2024-01-06,5
764,2024-01-09,10
764,2024-01-12,10
764,2024-01-20,3
764,2024-01-22,3
764,2024-01-29,2
765,2023-12-13,5
765,2024-01-01,7
765,2024-01-03,3
765,2024-01-04,5
765,2024-01-06,3
765,2024-01-11,2
765,2024-01-18,3
765,2024-02-07,6
765,2024-02-17,6
765,2024-02-28,1
765,2024-02-29,8
765,2024-03-03,5
765,2024-03-10,0
765,2024-03-11,7
765,2024-03-20,6
766,2023-07-17,6
766,2023-07-18,0
766,2023-07-23,1
766,2023-07-27,0
766,2023-08-01,7
766,2023-08-04,1
766,2023-08-06,2
766,2023-08-30,6
766,2023-09-08,1
766,2023-09-13,5
766,2023-09-14,10
766,2023-09-15,8
766,2023-09-20,3
766,2023-09-27,8
766,2023-10-17,10
767,2023-08-03,5
767,2023-08-15,7
767,2023-08-17,4
767,2023-08-25,2
767,2023-09-12,2
767,2023-09-16,3
767,2023-09-22,3
767,2023-09-24,2
767,2023-09-29,2
767,2023-10-02,2
767,2023-10-11,8
767,2023-10-16,0
767,2023-10-21,10
767,2023-10-28,1
767,2023-10-30,9
768,2023-05-01,6
768,2023-05-04,0
768,2023-05-05,6
768,2023-05-14,2
768,2023-05-19,9
768,2023-05-26,5
768,2023-05-27,3
768,2023-06-22,5
768,2023-06-23,10
768,2023-07-01,0
768,2023-07-06,6
768,2023-07-08,3
768,2023-07-12,10
768,2023-07-14,7
768,2023-07-15,3
769,2023-02-08,3
769,2023-02-15,8
769,2023-02-16,4
769,2023-02-21,1
769,2023-02-22,10
769,2023-03-10,8
769,2023-03-14,5
769,2023-03-15,2
769,2023-03-20,0
769,2023-03-30,10
769,2023-04-11,1
769,2023-04-17,3
769,2023-05-01,6
769,2023-05-04,2
769,2023-05-06,6
770,2023-11-07,7
770,2023-11-08,0
770,2023-11-29,5
770,2023-12-05,5
770,2023-12-06,4
770,2023-12-10,9
770,2023-12-16,1
770,2023-12-19,2
770,2023-12-21,10
770,2023-12-30,10
770,2024-01-04,1
770,2024-01-12,5
770,2024-01-23,1
770,2024-01-31,6
770,2024-02-01,4
771,2023-12-22,3
771,2023-12-29,9
771,2023-12-31,5
771,2024-01-23,7
771,2024-01-31,8
771,2024-02-01,7
771,2024-02-06,5
771,2024-02-12,2
771,2024-03-01,0
771,2024-03-02,7
771,2024-03-04,0
771,2024-03-14,2
771,2024-03-15,0
771,2024-03-21,4
771,2024-03-27,2
772,2023-11-19,1
772,2023-11-27,3
772,2023-11-29,9
772,2023-11-30,3
772,2023-12-05,6
772,2023-12-07,9
772,2023-12-08,6
772,2023-12-27,7
772,2024-01-12,8
772,2024-01-20,9
772,2024-02-05,10
772,2024-02-09,7
772,2024-02-10,6
772,2024-02-11,0
772,2024-02-19,9
773,2023-05-14,10
773,2023-05-15,6
773,2023-05-21,10
773,2023-05-26,0
773,2023-05-28,7
773,2023-06-01,5
773,2023-06-03,9
773,2023-06-28,8
773,2023-06-30,8
773,2023-07-04,9
773,2023-07-05,7
773,2023-07-06,10
773,2023-07-10,8
773,2023-07-21,6
773,2023-08-11,5
774,2023-03-05,5
774,2023-03-08,4
774,2023-03-19,3
774,2023-03-20,0
774,2023-03-24,8
774,2023-04-02,10
774,2023-04-11,9
774,2023-05-06,10
774,2023-05-10,5
774,2023-05-13,2
774,2023-05-14,3
774,2023-05-20,1
774,2023-05-21,2
774,2023-05-22,0
774,2023-05-31,2
775,2023-12-26,0
775,2023-12-31,0
775,2024-01-07,0
775,2024-01-26,2
775,2024-01-28,6
775,2024-02-05,8
775,2024-02-06,7
775,2024-02-09,6
775,2024-02-19,4
775,2024-02-22,4
775,2024-02-23,8
775,2024-03-04,10
775,2024-03-07,6
775,2024-03-13,7
775,2024-03-31,6
776,2023-06-08,0
776,2023-06-15,0
776,2023-06-29,6
776,2023-07-06,3
776,2023-07-12,5
776,2023-07-13,5
776,2023-07-16,3
776,2023-07-18,7
776,2023-07-23,3
776,2023-07-27,0
776,2023-07-28,9
776,2023-07-31,6
776,2023-08-16,4
776,2023-08-18,9
776,2023-08-31,6
777,2023-12-27,3
777,2023-12-31,0
777,2024-01-03,5
777,2024-01-09,9
777,2024-01-14,7
777,2024-01-27,0
777,2024-01-31,2
777,2024-02-03,5
777,2024-02-11,5
777,2024-02-14,1
777,2024-02-27,2
777,2024-03-04,8
777,2024-03-07,2
777,2024-03-09,7
777,2024-03-15,6
778,2023-11-14,9
778,2023-11-30,6
778,2023-12-04,5
778,2023-12-11,4
778,2023-12-12,6
778,2023-12-14,10
778,2023-12-16,6
778,2023-12-28,3
778,2024-01-10,4
778,2024-01-14,5
778,2024-01-15,4
778,2024-01-21,4
778,2024-01-22,3
778,2024-01-29,4
778,2024-02-09,4
779,2023-03-12,4
779,2023-03-18,3
779,2023-04-03,9
779,2023-04-05,4
779,2023-04-07,6
779,2023-04-11,4
779,2023-04-22,0
779,2023-04-29,8
779,2023-05-14,10
779,2023-05-16,10
779,2023-05-17,8
779,2023-05-19,2
779,2023-05-20,2
779,2023-06-01,3
779,2023-06-07,0
780,2023-11-02,9
780,2023-11-13,4
780,2023-11-28,1
780,2023-12-09,3
780,2023-12-17,2
780,2023-12-20,1
780,2023-12-22,0
780,2023-12-24,9
780,2023-12-29,7
780,2023-12-31,2
780,2024-01-02,0
780,2024-01-07,2
780,2024-01-10,1
780,2024-01-17,7
780,2024-01-23,0
781,2023-02-07,2
781,2023-02-15,0
781,2023-02-27,3
781,2023-03-01,0
781,2023-03-04,0
781,2023-03-06,4
781,2023-03-07,4
781,2023-03-10,9
781,2023-03-15,6
781,2023-03-23,4
781,2023-03-24,6
781,2023-03-29,1
781,2023-04-06,2
781,2023-04-12,9
781,2023-04-22,3
782,2023-06-30,5
782,2023-07-03,8
782,2023-07-10,9
782,2023-07-11,6
782,2023-07-14,3
782,2023-07-15,5
782,2023-07-23,9
782,2023-08-08,5
782,2023-08-11,10
782,2023-08-16,10
782,2023-08-25,7
782,2023-09-07,0
782,2023-09-28,8
782,2023-09-29,6
782,2023-10-04,1
783,2023-10-08,1
783,2023-10-24,1
783,2023-10-27,3
783,2023-10-28,8
783,2023-11-02,8
783,2023-11-07,5
783,2023-11-10,0
783,2023-11-15,3
783,2023-11-18,4
783,2023-11-19,2
783,2023-12-09,3
783,2023-12-12,6
783,2023-12-17,2
783,2023-12-28,10
783,2023-12-29,2
784,2023-08-10,10
784,2023-08-12,7
784,2023-08-21,9
784,2023-08-31,6
784,2023-09-01,8
784,2023-09-03,10
784,2023-09-06,10
784,2023-09-08,6
784,2023-09-10,8
784,2023-09-14,0
784,2023-09-15,0
784,2023-09-16,8
784,2023-09-29,10
784,2023-10-05,5
784,2023-10-30,2
785,2023-12-11,7
785,2023-12-13,4
785,2023-12-16,3
785,2023-12-24,0
785,2024-01-09,4
785,2024-01-10,3
785,2024-01-22,5
785,2024-01-30,0
785,2024-02-05,2
785,2024-02-15,3
785,2024-02-17,8
785,2024-02-25,5
785,2024-02-26,0
785,2024-02-27,2
785,2024-03-10,2
786,2023-07-26,2
786,2023-07-29,9
786,2023-08-01,3
786,2023-08-03,0
786,2023-08-13,2
786,2023-08-21,0
786,2023-08-28,2
786,2023-09-01,5
786,2023-09-04,6
786,2023-09-13,9
786,2023-09-18,1
786,2023-09-25,3
786,2023-10-10,3
786,2023-10-13,0
786,2023-10-14,3
787,2023-02-07,0
787,2023-02-13,7
787,2023-02-20,6
787,2023-03-02,2
787,2023-03-05,7
787,2023-03-09,9
787,2023-03-23,9
787,2023-03-29,5
787,2023-03-31,5
787,2023-04-02,3
787,2023-04-04,0
787,2023-04-05,2
787,2023-05-01,4
787,2023-05-04,10
787,2023-05-09,5
788,2023-09-20,4
788,2023-09-24,2
788,2023-09-27,0
788,2023-10-08,2
788,2023-10-09,8
788,2023-10-13,4
788,2023-10-14,7
788,2023-10-16,1
788,2023-10-17,9
788,2023-10-20,0
788,2023-11-18,1
788,2023-11-27,7
788,2023-11-30,2
788,2023-12-20,2
788,2023-12-24,10
789,2023-12-04,7
789,2023-12-05,10
789,2023-12-11,10
789,2023-12-14,7
789,2023-12-31,5
789,2024-01-04,4
789,2024-01-14,6
789,2024-01-19,1
789,2024-01-23,9
789,2024-01-26,9
789,2024-02-05,2
789,2024-02-20,4
789,2024-02-28,0
789,2024-02-29,6
789,2024-03-06,5
790,2023-07-02,9
790,2023-07-12,0
790,2023-07-13,9
790,2023-07-17,5
790,2023-07-23,6
790,2023-08-03,6
790,2023-08-06,8
790,2023-08-19,4
790,2023-08-23,4
790,2023-08-27,8
790,2023-08-31,2
790,2023-09-01,3
790,2023-09-12,7
790,2023-09-13,3
790,2023-09-18,10
791,2023-01-13,0
791,2023-01-16,3
791,2023-01-17,5
791,2023-01-18,8
791,2023-01-19,6
791,2023-01-22,9
791,2023-01-23,0
791,2023-01-30,10
791,2023-01-31,1
791,2023-03-05,7
791,2023-03-06,0
791,2023-03-13,7
791,2023-03-15,4
791,2023-03-21,0
791,2023-04-15,10
792,2023-08-17,1
792,2023-08-18,2
792,2023-08-23,2
792,2023-08-26,2
792,2023-09-01,7
792,2023-09-05,6
792,2023-09-13,4
792,2023-09-18,3
792,2023-10-06,3
792,2023-10-18,8
792,2023-10-19,7
792,2023-10-22,2
792,2023-10-31,2
792,2023-11-06,0
792,2023-11-09,5
793,2023-09-08,8
793,2023-09-22,3
793,2023-09-26,3
793,2023-09-27,4
793,2023-09-30,4
793,2023-10-02,4
793,2023-10-11,7
793,2023-10-15,0
793,2023-10-19,4
793,2023-10-26,8
793,2023-11-22,8
793,2023-11-29,7
793,2023-12-03,8
793,2023-12-04,9
793,2023-12-11,9
794,2023-02-25,3
794,2023-02-26,10
794,2023-03-05,7
794,2023-03-17,7
794,2023-03-30,4
794,2023-04-05,9
794,2023-04-07,2
794,2023-04-09,6
794,2023-04-12,6
794,2023-04-13,10
794,2023-04-24,10
794,2023-04-29,3
794,2023-05-13,2
794,2023-05-22,9
794,2023-06-02,5
795,2023-08-12,6
795,2023-08-20,5
795,2023-08-29,8
795,2023-08-30,1
795,2023-08-31,2
795,2023-09-02,9
795,2023-09-08,2
795,2023-09-13,0
795,2023-09-19,10
795,2023-09-24,5
795,2023-10-02,9
795,2023-10-06,2
795,2023-10-09,2
795,2023-10-12,9
795,2023-10-21,4
796,2023-07-10,3
796,2023-07-14,6
796,2023-07-19,3
796,2023-07-24,7
796,2023-08-01,10
796,2023-08-14,2
796,2023-08-15,10
796,2023-08-25,6
796,2023-08-26,2
796,2023-09-17,9
796,2023-09-18,4
796,2023-09-28,10
796,2023-10-02,2
796,2023-10-09,0
796,2023-10-11,6
797,2023-11-25,1
797,2023-12-01,3
797,2023-12-04,10
797,2023-12-16,8
797,2023-12-18,0
797,2023-12-25,0
797,2024-01-03,4
797,2024-01-04,9
797,2024-01-09,8
797,2024-01-26,3
797,2024-01-31,2
797,2024-02-09,1
797,2024-02-12,10
797,2024-02-14,1
797,2024-02-15,2
798,2023-09-02,8
798,2023-09-05,7
798,2023-09-07,6
798,2023-09-12,4
798,2023-09-15,0
798,2023-09-30,1
798,2023-10-10,9
798,2023-10-16,1
798,2023-10-18,8
798,2023-10-28,5
798,2023-10-31,4
798,2023-11-01,8
798,2023-11-16,8
798,2023-11-23,0
798,2023-11-27,6
799,2023-03-20,3
799,2023-03-25,5
799,2023-04-06,8
799,2023-04-11,5
799,2023-04-28,6
799,2023-05-08,10
799,2023-05-15,6
799,2023-05-20,4
799,2023-05-22,6
799,2023-05-23,4
799,2023-05-26,1
799,2023-05-31,9
799,2023-06-09,6
799,2023-06-14,2
799,2023-06-24,3
800,2023-08-13,0
800,2023-08-19,4
800,2023-08-20,2
800,2023-08-25,9
800,2023-08-29,4
800,2023-09-02,8
800,2023-09-03,3
800,2023-09-04,1
800,2023-09-17,4
800,2023-09-19,7
800,2023-10-05,8
800,2023-10-28,9
800,2023-11-03,1
800,2023-11-07,1
800,2023-11-10,7
801,2023-04-13,3
801,2023-04-20,1
801,2023-04-21,8
801,2023-05-06,0
801,2023-05-23,0
801,2023-05-28,3
801,2023-06-05,6
801,2023-06-07,6
801,2023-06-13,6
801,2023-06-15,0
801,2023-06-16,2
801,2023-06-18,0
801,2023-06-23,0
801,2023-06-28,0
801,2023-07-07,5
802,2023-09-25,8
802,2023-09-30,3
802,2023-10-07,8
802,2023-10-15,0
802,2023-10-17,5
802,2023-10-19,8
802,2023-10-20,2
802,2023-10-26,6
802,2023-10-29,9
802,2023-11-05,2
802,2023-11-07,10
802,2023-11-14,9
802,2023-12-03,9
802,2023-12-14,0
802,2023-12-29,0
803,2023-12-20,6
803,2023-12-22,10
803,2023-12-26,3
803,2023-12-29,3
803,2023-12-31,7
803,2024-01-19,6
803,2024-01-24,1
803,2024-01-26,8
803,2024-01-27,5
803,2024-02-02,10
803,2024-02-06,1
803,2024-02-09,10
803,2024-02-16,8
803,2024-02-27,6
803,2024-03-05,2
804,2023-05-19,3
804,2023-05-28,3
804,2023-06-01,9
804,2023-06-07,2
804,2023-06-08,1
804,2023-06-12,10
804,2023-06-19,8
804,2023-06-27,8
804,2023-07-08,3
804,2023-07-13,5
804,2023-07-16,2
804,2023-07-22,7
804,2023-07-28,9
804,2023-08-11,1
804,2023-08-26,8
805,2023-11-14,10
805,2023-11-17,5
805,2023-11-24,9
805,2023-12-23,2
805,2023-12-31,0
805,2024-01-02,10
805,2024-01-05,8
805,2024-01-12,8
805,2024-01-14,1
805,2024-02-03,10
805,2024-02-09,4
805,2024-02-10,3
805,2024-02-14,1
805,2024-02-16,9
805,2024-02-17,2
806,2023-10-17,8
806,2023-11-03,4
806,2023-11-17,5
806,2023-11-24,10
806,2023-11-25,7
806,2023-11-28,2
806,2023-11-30,10
806,2023-12-01,0
806,2023-12-06,2
806,2023-12-10,6
806,2023-12-16,6
806,2023-12-17,5
806,2023-12-19,6
806,2023-12-24,8
806,2023-12-30,6
807,2023-09-17,5
807,2023-09-22,5
807,2023-09-25,3
807,2023-09-26,9
807,2023-10-01,4
807,2023-10-14,10
807,2023-10-16,6
807,2023-10-20,10
807,2023-11-01,10
807,2023-11-08,0
807,2023-11-16,7
807,2023-11-17,4
807,2023-11-19,2
807,2023-11-22,9
807,2023-12-11,9
808,2023-08-29,7
808,2023-09-04,0
808,2023-09-14,8
808,2023-09-30,0
808,2023-10-04,8
808,2023-10-16,9
808,2023-10-18,7
808,2023-10-20,4
808,2023-10-22,10
808,2023-10-26,10
808,2023-11-08,7
808,2023-11-10,4
808,2023-11-14,8
808,2023-11-15,5
808,2023-12-02,10
809,2023-08-21,4
809,2023-08-26,7
809,2023-09-05,8
809,2023-09-12,10
809,2023-09-16,5
809,2023-09-17,3
809,2023-09-19,6
809,2023-10-02,9
809,2023-10-03,8
809,2023-10-10,8
809,2023-10-15,1
809,2023-10-16,6
809,2023-10-24,4
809,2023-10-28,9
809,2023-10-30,8
810,2023-11-01,6
810,2023-11-03,2
810,2023-11-04,7
810,2023-11-15,0
810,2023-11-20,6
810,2023-11-21,6
810,2023-12-03,4
810,2023-12-07,8
810,2023-12-10,9
810,2023-12-11,0
810,2023-12-20,0
810,2024-01-04,8
810,2024-01-16,2
810,2024-01-20,4
810,2024-01-23,8
811,2023-05-18,4
811,2023-05-23,10
811,2023-05-31,8
811,2023-06-11,8
811,2023-06-15,3
811,2023-06-19,9
811,2023-06-29,9
811,2023-07-02,7
811,2023-07-18,4
811,2023-07-23,1
811,2023-07-26,8
811,2023-07-28,5
811,2023-07-30,6
811,2023-08-11,3
811,2023-08-24,0
812,2023-06-15,9
812,2023-06-16,9
812,2023-06-20,5
812,2023-06-21,10
812,2023-06-28,3
812,2023-07-04,0
812,2023-07-12,5
812,2023-07-29,6
812,2023-08-01,4
812,2023-08-03,1
812,2023-08-05,8
812,2023-08-11,4
812,2023-09-09,9
812,2023-09-15,3
812,2023-09-20,7
813,2023-05-08,7
813,2023-05-12,2
813,2023-05-21,6
813,2023-06-12,10
813,2023-06-30,0
813,2023-07-02,0
813,2023-07-06,1
813,2023-07-09,10
813,2023-07-12,3
813,2023-07-14,6
813,2023-07-17,5
813,2023-07-28,1
813,2023-07-30,0
813,2023-08-06,3
813,2023-08-11,4
814,2023-02-19,2
814,2023-03-02,4
814,2023-03-18,0
814,2023-03-21,6
814,2023-03-23,2
814,2023-03-24,2
814,2023-03-29,1
814,2023-04-02,5
814,2023-04-05,5
814,2023-04-06,9
814,2023-04-09,9
814,2023-04-16,6
814,2023-04-26,7
814,2023-05-01,2
814,2023-05-10,5
815,2023-05-24,0
815,2023-06-07,4
815,2023-06-14,7
815,2023-06-15,4
815,2023-06-19,7
815,2023-06-22,6
815,2023-06-29,4
815,2023-07-04,8
815,2023-07-16,4
815,2023-07-18,10
815,2023-08-08,5
815,2023-08-12,5
815,2023-08-13,9
815,2023-08-15,3
815,2023-08-29,9
816,2023-08-19,5
816,2023-08-29,3
816,2023-08-31,1
816,2023-09-05,2
816,2023-09-09,9
816,2023-09-16,0
816,2023-09-17,0
816,2023-09-24,3
816,2023-09-28,6
816,2023-09-29,2
816,2023-09-30,10
816,2023-10-13,2
816,2023-10-20,1
816,2023-10-26,1
816,2023-11-20,7
817,2023-05-23,9
817,2023-05-25,5
817,2023-06-04,8
817,2023-06-05,5
817,2023-06-08,10
817,2023-06-28,5
817,2023-07-03,8
817,2023-07-07,5
817,2023-07-12,2
817,2023-07-13,2
817,2023-07-25,9
817,2023-07-26,10
817,2023-08-06,4
817,2023-08-11,2
817,2023-08-12,10
818,2023-09-03,0
818,2023-09-05,5
818,2023-09-07,0
818,2023-09-09,8
818,2023-09-12,10
818,2023-10-05,0
818,2023-10-06,5
818,2023-10-09,4
818,2023-10-12,9
818,2023-10-16,1
818,2023-10-22,4
818,2023-10-27,7
818,2023-10-29,7
818,2023-11-12,4
818,2023-11-25,4
819,2023-11-06,1
819,2023-11-15,7
819,2023-11-17,1
819,2023-11-25,5
819,2023-11-26,9
819,2023-12-03,4
819,2023-12-04,9
819,2023-12-14,7
819,2023-12-18,3
819,2023-12-25,4
819,2024-01-08,4
819,2024-01-20,9
819,2024-01-22,3
819,2024-01-24,0
819,2024-01-25,5
820,2023-11-12,3
820,2023-11-17,10
820,2023-11-19,8
820,2023-11-24,9
820,2023-12-03,2
820,2023-12-04,6
820,2023-12-06,0
820,2023-12-07,8
820,2023-12-08,7
820,2024-01-01,8
820,2024-01-10,8
820,2024-01-13,2
820,2024-01-15,8
820,2024-01-16,1
820,2024-02-05,5
821,2023-12-10,4
821,2023-12-17,6
821,2023-12-24,5
821,2023-12-31,10
821,2024-01-01,3
821,2024-01-03,5
821,2024-01-14,3
821,2024-01-18,7
821,2024-02-02,8
821,2024-02-03,0
821,2024-02-07,1
821,2024-02-08,8
821,2024-02-16,9
821,2024-02-18,1
821,2024-03-05,5
822,2023-07-25,9
822,2023-08-03,1
822,2023-08-07,4
822,2023-08-18,3
822,2023-08-20,3
822,2023-08-31,6
822,2023-09-02,2
822,2023-09-06,9
822,2023-09-08,9
822,2023-09-13,9
822,2023-09-15,4
822,2023-09-27,6
822,2023-10-09,10
822,2023-10-16,6
822,2023-10-17,4
823,2023-06-25,9
823,2023-06-26,0
823,2023-06-28,8
823,2023-07-06,3
823,2023-07-21,10
823,2023-08-04,5
823,2023-08-22,2
823,2023-08-29,1
823,2023-08-31,1
823,2023-09-03,8
823,2023-09-04,9
823,2023-09-05,6
823,2023-09-06,10
823,2023-09-08,8
823,2023-09-18,4
824,2023-02-05,7
824,2023-02-19,9
824,2023-02-20,5
824,2023-02-21,7
824,2023-02-22,2
824,2023-03-05,8
824,2023-03-21,5
824,2023-03-22,7
824,2023-04-03,5
824,2023-04-04,10
824,2023-04-08,9
824,2023-04-10,5
824,2023-04-19,8
824,2023-04-21,2
824,2023-04-24,8
825,2023-09-17,10
825,2023-09-20,10
825,2023-09-25,1
825,2023-09-29,2
825,2023-10-03,4
825,2023-11-06,8
825,2023-11-09,8
825,2023-11-18,3
825,2023-11-24,10
825,2023-11-25,9
825,2023-11-27,7
825,2023-12-04,1
825,2023-12-13,7
825,2023-12-14,0
825,2023-12-15,5
826,2023-06-28,8
826,2023-07-06,1
826,2023-07-12,1
826,2023-07-19,2
826,2023-07-20,3
826,2023-07-24,10
826,2023-07-28,0
826,2023-08-05,3
826,2023-08-09,8
826,2023-08-18,8
826,2023-08-21,5
826,2023-08-22,6
826,2023-08-29,8
826,2023-09-20,1
826,2023-09-21,1
827,2023-04-05,2
827,2023-04-06,1
827,2023-04-14,7
827,2023-05-05,7
827,2023-05-09,9
827,2023-05-17,0
827,2023-06-05,5
827,2023-06-11,5
827,2023-06-16,2
827,2023-06-21,8
827,2023-06-22,6
827,2023-06-23,6
827,2023-06-27,9
827,2023-07-05,3
827,2023-07-07,3
828,2023-09-08,5
828,2023-09-09,3
828,2023-09-18,2
828,2023-10-17,10
828,2023-10-24,6
828,2023-11-05,0
828,2023-11-10,1
828,2023-11-14,1
828,2023-11-26,9
828,2023-11-30,3
828,2023-12-01,9
828,2023-12-08,1
828,2023-12-11,0
828,2023-12-12,3
828,2023-12-14,8
829,2023-04-24,8
829,2023-04-26,5
829,2023-05-04,8
829,2023-05-05,1
829,2023-05-06,8
829,2023-05-20,1
829,2023-05-28,0
829,2023-05-29,4
829,2023-06-02,5
829,2023-06-12,0
829,2023-06-18,2
829,2023-07-01,4
829,2023-07-10,3
829,2023-07-16,7
829,2023-07-20,3
830,2023-07-09,8
830,2023-07-11,9
830,2023-07-18,6
830,2023-07-27,9
830,2023-07-28,3
830,2023-08-13,3
830,2023-08-14,5
830,2023-08-18,3
830,2023-08-21,9
830,2023-08-26,0
830,2023-09-02,0
830,2023-09-06,10
830,2023-09-27,5
830,2023-09-28,8
830,2023-10-05,5
831,2023-05-24,7
831,2023-06-12,9
831,2023-06-13,2
831,2023-06-19,5
831,2023-06-24,5
831,2023-06-28,1
831,2023-06-30,1
831,2023-07-01,6
831,2023-07-07,4
831,2023-07-09,3
831,2023-07-26,6
831,2023-08-02,10
831,2023-08-04,9
831,2023-08-06,0
831,2023-08-17,10
832,2023-06-27,6
832,2023-07-11,0
832,2023-07-14,5
832,2023-07-17,3
832,2023-07-24,4
832,2023-08-11,2
832,2023-08-16,8
832,2023-08-21,1
832,2023-08-23,6
832,2023-08-25,4
832,2023-08-28,4
832,2023-09-01,1
832,2023-09-08,10
832,2023-09-15,6
832,2023-09-30,1
833,2023-05-28,1
833,2023-05-29,0
833,2023-06-06,3
833,2023-06-19,10
833,2023-06-26,8
833,2023-07-01,8
833,2023-07-04,0
833,2023-07-05,2
833,2023-07-10,7
833,2023-07-15,3
833,2023-07-22,0
833,2023-07-31,4
833,2023-08-11,2
833,2023-08-13,7
833,2023-08-21,6
834,2023-11-15,9
834,2023-11-16,5
834,2023-11-19,3
834,2023-11-28,0
834,2023-12-01,9
834,2023-12-05,6
834,2023-12-06,9
834,2023-12-26,0
834,2023-12-30,6
834,2024-01-06,7
834,2024-01-08,6
834,2024-01-15,4
834,2024-01-22,10
834,2024-01-27,9
834,2024-02-06,10
835,2023-12-26,1
835,2024-01-17,3
835,2024-01-29,5
835,2024-01-30,8
835,2024-02-04,7
835,2024-02-08,2
835,2024-02-22,7
835,2024-02-28,1
835,2024-02-29,7
835,2024-03-03,4
835,2024-03-07,3
835,2024-03-13,0
835,2024-03-23,10
835,2024-03-31,6
835,2024-04-01,8
836,2023-05-26,8
836,2023-06-04,1
836,2023-06-06,8
836,2023-06-16,7
836,2023-06-17,3
836,2023-06-25,8
836,2023-06-30,7
836,2023-07-10,7
836,2023-07-25,10
836,2023-08-01,5
836,2023-08-05,8
836,2023-08-22,3
836,2023-08-26,3
836,2023-08-28,3
836,2023-08-29,6
837,2023-10-13,10
837,2023-10-24,6
837,2023-10-26,0
837,2023-11-05,2
837,2023-11-10,8
837,2023-11-13,2
837,2023-11-17,6
837,2023-11-25,2
837,2023-12-08,5
837,2023-12-11,4
837,2023-12-16,2
837,2023-12-28,0
837,2023-12-30,4
837,2024-01-11,1
837,2024-01-17,10
838,2023-01-06,1
838,2023-01-10,0
838,2023-01-16,0
838,2023-01-23,7
838,2023-01-27,9
838,2023-02-04,4
838,2023-02-09,1
838,2023-02-10,9
838,2023-02-20,3
838,2023-03-04,2
838,2023-03-06,4
838,2023-03-25,5
838,2023-03-30,3
838,2023-04-08,8
838,2023-04-13,10
839,2023-09-25,9
839,2023-09-29,8
839,2023-10-01,7
839,2023-10-04,2
839,2023-10-10,6
839,2023-10-27,4
839,2023-10-31,9
839,2023-11-20,6
839,2023-11-22,3
839,2023-11-30,2
839,2023-12-09,2
839,2023-12-10,5
839,2023-12-12,1
839,2023-12-22,7
839,2023-12-27,4
840,2023-04-09,0
840,2023-04-20,0
840,2023-04-21,3
840,2023-04-26,4
840,2023-04-30,6
840,2023-05-01,8
840,2023-05-05,6
840,2023-05-11,1
840,2023-05-15,6
840,2023-05-31,3
840,2023-06-15,0
840,2023-06-26,7
840,2023-06-29,0
840,2023-07-03,2
840,2023-07-05,8
841,2023-02-17,2
841,2023-02-20,1
841,2023-03-04,9
841,2023-03-06,5
841,2023-03-15,3
841,2023-03-27,6
841,2023-04-04,8
841,2023-04-05,9
841,2023-04-07,0
841,2023-04-11,0
841,2023-04-30,5
841,2023-05-07,7
841,2023-05-12,7
841,2023-05-16,9
841,2023-05-23,5
842,2023-05-05,0
842,2023-05-07,10
842,2023-05-11,7
842,2023-05-15,2
842,2023-05-16,2
842,2023-05-21,1
842,2023-05-28,1
842,2023-05-31,3
842,2023-06-04,8
842,2023-06-15,6
842,2023-07-02,9
842,2023-07-06,0
842,2023-07-15,8
842,2023-07-21,7
842,2023-08-08,1
843,2023-07-31,7
843,2023-08-11,1
843,2023-08-12,9
843,2023-08-15,2
843,2023-08-20,8
843,2023-08-29,1
843,2023-09-01,7
843,2023-09-06,0
843,2023-09-15,7
843,2023-09-18,4
843,2023-09-29,4
843,2023-10-19,3
843,2023-10-26,6
843,2023-10-31,0
843,2023-11-04,2
844,2023-09-09,4
844,2023-09-19,1
844,2023-09-24,2
844,2023-09-26,10
844,2023-10-01,0
844,2023-10-05,9
844,2023-10-06,4
844,2023-10-15,4
844,2023-10-16,7
844,2023-10-21,7
844,2023-10-24,2
844,2023-10-28,6
844,2023-11-22,9
844,2023-11-29,0
844,2023-12-14,3
845,2023-10-22,9
845,2023-10-24,4
845,2023-10-28,8
845,2023-11-04,0
845,2023-11-09,10
845,2023-11-21,2
845,2023-11-26,4
845,2023-12-03,5
845,2023-12-04,5
845,2023-12-10,9
845,2023-12-11,8
845,2023-12-31,5
845,2024-01-02,1
845,2024-01-03,6
845,2024-01-06,0
846,2023-05-15,4
846,2023-05-17,9
846,2023-05-18,8
846,2023-05-20,6
846,2023-05-25,4
846,2023-06-13,7
846,2023-06-24,8
846,2023-06-28,6
846,2023-07-11,8
846,2023-07-12,10
846,2023-07-16,6
846,2023-07-17,2
846,2023-07-28,3
846,2023-08-01,7
846,2023-08-08,6
847,2023-12-21,1
847,2023-12-23,9
847,2023-12-27,1
847,2024-01-18,9
847,2024-01-22,0
847,2024-01-23,7
847,2024-01-28,4
847,2024-02-14,9
847,2024-02-16,9
847,2024-02-22,2
847,2024-02-23,1
847,2024-02-25,6
847,2024-02-29,4
847,2024-03-13,0
847,2024-03-24,0
848,2023-09-17,4
848,2023-09-26,8
848,2023-09-30,4
848,2023-10-12,8
848,2023-10-21,6
848,2023-10-22,4
848,2023-11-07,7
848,2023-11-13,0
848,2023-11-17,8
848,2023-11-20,2
848,2023-12-02,1
848,2023-12-03,3
848,2023-12-04,9
848,2023-12-07,8
848,2023-12-08,6
849,2023-11-28,5
849,2023-12-05,0
849,2023-12-15,3
849,2023-12-18,3
849,2023-12-20,0
849,2023-12-22,0
849,2024-01-01,0
849,2024-01-06,0
849,2024-01-11,8
849,2024-01-21,8
849,2024-01-28,6
849,2024-02-22,3
849,2024-02-26,4
849,2024-02-28,6
849,2024-03-01,7
850,2023-09-09,9
850,2023-09-11,1
850,2023-09-20,6
850,2023-09-23,9
850,2023-09-24,10
850,2023-10-09,2
850,2023-10-11,3
850,2023-10-30,2
850,2023-11-14,10
850,2023-11-20,7
850,2023-11-21,3
850,2023-11-23,7
850,2023-11-26,9
850,2023-12-16,10
850,2023-12-17,8
851,2023-08-19,6
851,2023-08-23,7
851,2023-08-28,4
851,2023-09-25,6
851,2023-09-30,3
851,2023-10-06,0
851,2023-10-15,0
851,2023-10-26,0
851,2023-10-27,9
851,2023-10-30,9
851,2023-11-05,8
851,2023-11-17,4
851,2023-11-19,10
851,2023-11-20,3
851,2023-11-24,3
852,2023-01-19,4
852,2023-01-20,5
852,2023-01-21,8
852,2023-01-24,2
852,2023-02-09,9
852,2023-02-18,4
852,2023-02-25,2
852,2023-03-05,0
852,2023-03-07,3
852,2023-03-16,10
852,2023-03-21,4
852,2023-03-27,10
852,2023-04-01,0
852,2023-04-03,1
852,2023-04-11,5
853,2023-02-20,4
853,2023-03-15,6
853,2023-03-19,6
853,2023-03-21,7
853,2023-03-24,2
853,2023-03-25,0
853,2023-03-30,1
853,2023-04-06,0
853,2023-04-10,8
853,2023-04-15,2
853,2023-05-01,4
853,2023-05-02,10
853,2023-05-04,0
853,2023-05-05,2
853,2023-05-25,8
854,2023-05-31,0
854,2023-06-11,8
854,2023-06-17,5
854,2023-06-18,8
854,2023-06-19,1
854,2023-06-28,7
854,2023-07-06,4
854,2023-07-20,5
854,2023-07-27,2
854,2023-08-03,7
854,2023-08-04,3
854,2023-08-15,5
854,2023-08-22,10
854,2023-08-27,3
854,2023-09-06,6
855,2023-04-25,5
855,2023-04-26,1
855,2023-05-05,8
855,2023-05-06,1
855,2023-05-11,10
855,2023-05-14,6
855,2023-05-22,1
855,2023-05-31,10
855,2023-06-02,2
855,2023-06-07,10
855,2023-06-21,5
855,2023-07-03,5
855,2023-07-04,9
855,2023-07-12,0
855,2023-07-31,4
856,2023-07-30,2
856,2023-07-31,8
856,2023-08-02,3
856,2023-08-03,8
856,2023-08-06,2
856,2023-08-10,7
856,2023-08-18,1
856,2023-08-24,0
856,2023-08-29,1
856,2023-09-15,2
856,2023-09-17,3
856,2023-09-19,2
856,2023-09-24,9
856,2023-10-12,10
856,2023-10-20,6
857,2023-12-22,5
857,2023-12-24,3
857,2023-12-29,4
857,2024-01-01,4
857,2024-01-06,6
857,2024-01-23,0
857,2024-02-03,4
857,2024-02-06,10
857,2024-02-13,2
857,2024-02-14,2
857,2024-02-22,7
857,2024-02-27,6
857,2024-03-13,3
857,2024-03-21,10
857,2024-03-24,4
858,2023-05-05,4
858,2023-05-08,7
858,2023-05-16,2
858,2023-05-18,4
858,2023-05-31,3
858,2023-06-04,5
858,2023-06-16,8
858,2023-06-20,6
858,2023-06-23,1
858,2023-07-07,7
858,2023-07-23,6
858,2023-07-24,8
858,2023-08-05,2
858,2023-08-06,2
858,2023-08-08,5
859,2023-06-06,5
859,2023-06-18,6
859,2023-06-22,2
859,2023-06-29,2
859,2023-07-25,4
859,2023-07-26,1
859,2023-07-29,9
859,2023-08-02,7
859,2023-08-03,6
859,2023-08-10,8
859,2023-08-30,7
859,2023-08-31,8
859,2023-09-04,4
859,2023-09-09,9
859,2023-09-10,4
860,2023-12-07,4
860,2023-12-10,8
860,2023-12-13,9
860,2023-12-16,7
860,2023-12-19,4
860,2023-12-26,2
860,2024-01-01,2
860,2024-01-21,3
860,2024-01-27,5
860,2024-02-03,4
860,2024-02-04,3
860,2024-02-09,4
860,2024-02-18,0
860,2024-02-25,4
860,2024-02-28,6
861,2023-11-05,2
861,2023-11-08,0
861,2023-11-13,6
861,2023-11-14,10
861,2023-11-26,4
861,2023-12-07,4
861,2023-12-09,10
861,2023-12-12,1
861,2023-12-19,1
861,2024-01-03,1
861,2024-01-06,10
861,2024-01-10,9
861,2024-01-14,7
861,2024-01-27,3
861,2024-01-29,8
862,2023-07-08,4
862,2023-07-18,8
862,2023-07-26,8
862,2023-08-05,2
862,2023-08-06,1
862,2023-08-08,8
862,2023-08-16,8
862,2023-08-20,4
862,2023-08-31,9
862,2023-09-05,6
862,2023-09-13,8
862,2023-09-16,0
862,2023-09-21,6
862,2023-10-01,6
862,2023-10-02,4
863,2023-09-02,2
863,2023-09-05,3
863,2023-09-10,0
863,2023-09-11,1
863,2023-09-12,6
863,2023-09-20,0
863,2023-09-23,4
863,2023-09-25,9
863,2023-10-05,8
863,2023-10-09,6
863,2023-10-14,0
863,2023-10-17,3
863,2023-11-23,7
863,2023-12-04,2
863,2023-12-08,1
864,2023-10-17,9
864,2023-10-18,9
864,2023-10-24,0
864,2023-10-31,1
864,2023-11-05,1
864,2023-11-29,4
864,2023-12-07,0
864,2023-12-14,0
864,2023-12-20,3
864,2023-12-25,4
864,2023-12-26,7
864,2024-01-01,1
864,2024-01-08,3
864,2024-01-10,1
864,2024-01-12,7
865,2023-10-04,5
865,2023-10-11,10
865,2023-10-12,9
865,2023-10-18,0
865,2023-11-17,8
865,2023-11-21,4
865,2023-11-27,1
865,2023-12-09,9
865,2023-12-13,10
865,2023-12-18,4
865,2023-12-21,10
865,2024-01-02,7
865,2024-01-03,8
865,2024-01-04,5
865,2024-01-06,5
866,2023-06-27,7
866,2023-06-28,8
866,2023-07-05,0
866,2023-07-11,7
866,2023-07-17,2
866,2023-07-22,7
866,2023-07-24,9
866,2023-08-08,0
866,2023-08-21,3
866,2023-08-25,7
866,2023-09-01,1
866,2023-09-05,6
866,2023-09-14,1
866,2023-09-20,6
866,2023-09-24,0
867,2023-08-20,6
867,2023-08-22,4
867,2023-08-25,7
867,2023-08-31,7
867,2023-10-05,1
867,2023-10-10,8
867,2023-10-15,3
867,2023-10-20,7
867,2023-10-21,5
867,2023-10-23,3
867,2023-10-26,0
867,2023-10-31,7
867,2023-11-02,6
867,2023-11-11,8
867,2023-11-13,1
868,2023-10-09,4
868,2023-10-10,10
868,2023-10-13,4
868,2023-10-30,3
868,2023-11-01,2
868,2023-11-14,3
868,2023-11-23,6
868,2023-11-24,2
868,2023-12-07,2
868,2023-12-12,1
868,2023-12-18,6
868,2023-12-31,9
868,2024-01-03,0
868,2024-01-08,6
868,2024-01-09,9
869,2023-06-21,9
869,2023-06-27,1
869,2023-07-22,3
869,2023-08-03,9
869,2023-08-06,5
869,2023-08-07,2
869,2023-08-08,1
869,2023-08-13,5
869,2023-08-14,0
869,2023-08-16,1
869,2023-08-18,6
869,2023-08-28,4
869,2023-09-12,2
869,2023-09-14,6
869,2023-09-24,1
870,2023-06-30,1
870,2023-07-01,9
870,2023-07-05,8
870,2023-07-20,3
870,2023-07-25,9
870,2023-07-27,2
870,2023-08-02,4
870,2023-08-05,8
870,2023-08-15,4
870,2023-08-30,8
870,2023-09-04,1
870,2023-09-21,3
870,2023-09-27,0
870,2023-10-03,0
870,2023-10-06,4
871,2023-12-27,5
871,2023-12-31,8
871,2024-01-04,6
871,2024-01-07,4
871,2024-01-08,6
871,2024-01-13,3
871,2024-01-24,3
871,2024-02-04,10
871,2024-02-11,9
871,2024-02-12,5
871,2024-02-18,3
871,2024-02-24,4
871,2024-03-11,8
871,2024-03-27,1
871,2024-03-29,1
872,2023-08-21,1
872,2023-08-23,5
872,2023-09-05,7
872,2023-09-09,3
872,2023-09-23,8
872,2023-09-25,5
872,2023-10-01,5
872,2023-10-13,1
872,2023-10-14,2
872,2023-10-22,8
872,2023-10-23,1
872,2023-10-24,7
872,2023-11-03,7
872,2023-11-26,5
872,2023-11-27,1
873,2023-05-31,0
873,2023-06-05,10
873,2023-06-07,9
873,2023-06-17,7
873,2023-06-21,2
873,2023-07-01,3
873,2023-07-04,6
873,2023-07-05,0
873,2023-07-06,2
873,2023-07-21,4
873,2023-07-22,4
873,2023-07-30,6
873,2023-08-02,5
873,2023-08-08,4
873,2023-08-24,6
874,2023-06-09,6
874,2023-06-10,4
874,2023-06-13,10
874,2023-06-14,7
874,2023-06-19,8
874,2023-06-21,10
874,2023-06-24,3
874,2023-07-02,7
874,2023-07-21,10
874,2023-07-22,0
874,2023-08-01,3
874,2023-08-03,1
874,2023-08-04,7
874,2023-08-09,5
874,2023-09-12,4
875,2023-05-11,0
875,2023-05-18,2
875,2023-06-01,9
875,2023-06-07,2
875,2023-06-15,5
875,2023-06-16,4
875,2023-06-19,6
875,2023-06-27,10
875,2023-07-04,8
875,2023-07-06,6
875,2023-07-12,2
875,2023-07-15,7
875,2023-08-02,2
875,2023-08-07,8
875,2023-08-16,8
876,2023-04-30,3
876,2023-05-04,5
876,2023-05-07,3
876,2023-05-16,8
876,2023-05-17,6
876,2023-05-25,7
876,2023-05-31,6
876,2023-06-06,2
876,2023-06-16,5
876,2023-06-21,9
876,2023-06-22,2
876,2023-06-25,3
876,2023-06-29,8
876,2023-07-21,6
876,2023-07-25,8
877,2023-03-06,5
877,2023-03-09,5
877,2023-03-10,3
877,2023-03-25,4
877,2023-04-01,0
877,2023-04-05,5
877,2023-04-22,0
877,2023-04-24,10
877,2023-05-02,8
877,2023-05-08,9
877,2023-05-17,2
877,2023-05-19,7
877,2023-05-27,3
877,2023-05-28,9
877,2023-05-30,6
878,2023-04-10,7
878,2023-04-19,0
878,2023-05-03,7
878,2023-05-11,8
878,2023-05-19,9
878,2023-05-20,7
878,2023-05-31,7
878,2023-06-02,5
878,2023-06-05,5
878,2023-06-24,4
878,2023-07-01,2
878,2023-07-05,6
878,2023-07-12,1
878,2023-07-13,9
878,2023-07-17,0
879,2023-06-18,2
879,2023-06-27,10
879,2023-06-29,2
879,2023-07-03,7
879,2023-07-04,1
879,2023-07-07,1
879,2023-07-11,1
879,2023-07-14,7
879,2023-08-01,5
879,2023-08-08,10
879,2023-08-11,7
879,2023-08-17,6
879,2023-09-09,9
879,2023-09-12,1
879,2023-09-14,7
880,2023-03-10,9
880,2023-03-16,8
880,2023-03-17,3
880,2023-03-23,0
880,2023-03-24,5
880,2023-04-06,2
880,2023-04-08,1
880,2023-04-09,6
880,2023-04-19,9
880,2023-04-23,0
880,2023-04-26,3
880,2023-05-11,9
880,2023-05-12,2
880,2023-05-20,2
880,2023-06-10,0
881,2023-10-03,0
881,2023-10-09,1
881,2023-10-11,7
881,2023-10-14,7
881,2023-10-25,0
881,2023-11-05,3
881,2023-11-21,1
881,2023-11-23,6
881,2023-11-25,3
881,2023-12-04,7
881,2023-12-10,0
881,2023-12-11,5
881,2023-12-13,10
881,2023-12-27,0
881,2024-01-05,0
882,2024-01-03,9
882,2024-01-09,4
882,2024-01-12,7
882,2024-01-14,6
882,2024-01-15,3
882,2024-01-17,8
882,2024-01-21,0
882,2024-01-24,8
882,2024-01-26,3
882,2024-02-06,9
882,2024-02-10,0
882,2024-02-14,6
882,2024-02-16,5
882,2024-03-02,4
882,2024-03-03,0
883,2023-04-18,2
883,2023-04-21,8
883,2023-04-25,1
883,2023-05-03,2
883,2023-05-16,9
883,2023-05-19,1
883,2023-06-03,6
883,2023-06-07,3
883,2023-06-14,5
883,2023-06-21,10
883,2023-06-22,0
883,2023-07-03,4
883,2023-07-07,9
883,2023-07-08,6
883,2023-07-11,0
884,2023-04-25,7
884,2023-04-30,4
884,2023-05-05,9
884,2023-05-17,10
884,2023-05-21,9
884,2023-05-24,5
884,2023-05-29,0
884,2023-06-01,7
884,2023-06-03,0
884,2023-06-05,8
884,2023-06-06,8
884,2023-06-18,6
884,2023-06-23,4
884,2023-06-30,0
884,2023-07-09,6
885,2023-04-22,0
885,2023-04-23,2
885,2023-04-26,2
885,2023-05-04,1
885,2023-05-12,5
885,2023-06-06,4
885,2023-06-12,3
885,2023-06-23,9
885,2023-06-29,0
885,2023-07-02,4
885,2023-07-06,4
885,2023-07-15,8
885,2023-07-21,9
885,2023-07-25,0
885,2023-07-26,9
886,2023-09-05,5
886,2023-09-10,5
886,2023-09-13,0
886,2023-09-24,1
886,2023-09-25,9
886,2023-09-26,3
886,2023-09-27,5
886,2023-09-29,4
886,2023-10-01,5
886,2023-10-03,10
886,2023-10-06,0
886,2023-10-19,3
886,2023-10-20,6
886,2023-10-22,9
886,2023-11-27,8
887,2023-06-11,2
887,2023-06-15,0
887,2023-06-17,8
887,2023-06-22,0
887,2023-06-27,5
887,2023-06-28,9
887,2023-07-11,8
887,2023-07-15,10
887,2023-07-31,3
887,2023-08-01,1
887,2023-08-05,2
887,2023-08-09,4
887,2023-08-18,4
887,2023-08-26,1
887,2023-08-29,2
888,2023-11-05,6
888,2023-11-13,3
888,2023-11-15,1
888,2023-11-16,7
888,2023-11-29,7
888,2023-12-08,4
888,2023-12-10,9
888,2023-12-18,5
888,2023-12-24,4
888,2023-12-31,2
888,2024-01-11,1
888,2024-01-13,0
888,2024-01-15,6
888,2024-02-02,2
888,2024-02-05,9
889,2023-10-05,3
889,2023-10-07,1
889,2023-10-08,7
889,2023-10-12,5
889,2023-10-19,3
889,2023-10-22,6
889,2023-10-30,2
889,2023-11-08,6
889,2023-11-15,4
889,2023-11-22,7
889,2023-12-07,5
889,2023-12-10,2
889,2023-12-14,10
889,2023-12-17,8
889,2024-01-03,10
890,2023-11-02,9
890,2023-11-05,2
890,2023-11-15,10
890,2023-11-17,8
890,2023-11-20,4
890,2023-12-01,5
890,2023-12-04,2
890,2023-12-21,4
890,2023-12-23,0
890,2023-12-26,3
890,2023-12-29,2
890,2024-01-14,1
890,2024-01-20,1
890,2024-01-30,5
890,2024-02-08,3
891,2023-05-26,10
891,2023-06-06,0
891,2023-06-07,8
891,2023-06-11,7
891,2023-06-20,7
891,2023-06-24,9
891,2023-06-28,7
891,2023-07-02,10
891,2023-07-04,2
891,2023-07-06,4
891,2023-07-09,7
891,2023-08-07,9
891,2023-08-14,2
891,2023-08-25,5
891,2023-08-31,4
892,2023-03-04,0
892,2023-03-07,4
892,2023-03-09,8
892,2023-03-12,7
892,2023-03-16,7
892,2023-03-23,0
892,2023-03-25,6
892,2023-04-03,7
892,2023-04-26,10
892,2023-05-01,6
892,2023-05-07,9
892,2023-05-12,3
892,2023-05-18,3
892,2023-05-21,3
892,2023-05-22,2
893,2023-04-17,0
893,2023-04-22,8
893,2023-05-01,5
893,2023-05-15,10
893,2023-05-17,8
893,2023-05-23,5
893,2023-05-25,8
893,2023-06-04,8
893,2023-06-08,3
893,2023-06-18,8
893,2023-06-20,2
893,2023-06-24,5
893,2023-06-28,6
893,2023-07-04,7
893,2023-07-10,2
894,2023-06-03,3
894,2023-06-17,10
894,2023-06-22,5
894,2023-06-23,5
894,2023-07-05,1
894,2023-07-10,9
894,2023-07-17,6
894,2023-07-21,2
894,2023-07-22,8
894,2023-08-01,2
894,2023-08-05,2
894,2023-08-14,2
894,2023-08-24,5
894,2023-09-03,0
894,2023-09-08,1
895,2023-05-18,9
895,2023-05-19,4
895,2023-05-20,2
895,2023-05-21,10
895,2023-06-04,0
895,2023-06-11,1
895,2023-06-17,2
895,2023-06-18,2
895,2023-06-23,3
895,2023-07-04,4
895,2023-07-06,1
895,2023-07-17,4
895,2023-07-20,9
895,2023-07-29,9
895,2023-08-01,2
896,2023-07-04,4
896,2023-07-05,5
896,2023-07-09,0
896,2023-07-21,9
896,2023-07-25,5
896,2023-08-23,6
896,2023-08-24,3
896,2023-08-25,2
896,2023-08-26,1
896,2023-08-29,7
896,2023-09-18,4
896,2023-09-19,10
896,2023-09-25,0
896,2023-09-30,0
896,2023-10-01,3
897,2023-04-08,2
897,2023-04-11,4
897,2023-04-12,7
897,2023-04-19,1
897,2023-04-24,1
897,2023-04-27,9
897,2023-04-30,3
897,2023-05-03,6
897,2023-05-19,0
897,2023-06-09,0
897,2023-06-14,6
897,2023-06-19,0
897,2023-06-20,8
897,2023-07-05,2
897,2023-07-08,7
898,2023-06-08,4
898,2023-06-11,3
898,2023-06-18,8
898,2023-06-20,5
898,2023-07-09,0
898,2023-07-15,0
898,2023-07-24,9
898,2023-07-25,5
898,2023-07-27,3
898,2023-07-29,7
898,2023-08-03,2
898,2023-08-05,3
898,2023-08-27,4
898,2023-08-30,6
898,2023-09-07,1
899,2023-01-09,1
899,2023-01-22,6
899,2023-01-26,4
899,2023-02-02,2
899,2023-02-03,3
899,2023-02-05,1
899,2023-02-10,6
899,2023-02-13,5
899,2023-03-01,4
899,2023-03-03,4
899,2023-03-05,1
899,2023-03-28,3
899,2023-03-31,7
899,2023-04-02,2
899,2023-04-04,7
900,2023-10-05,2
900,2023-10-27,9
900,2023-11-02,0
900,2023-11-07,4
900,2023-11-16,6
900,2023-11-19,1
900,2023-11-23,7
900,2023-11-24,5
900,2023-11-30,5
900,2023-12-01,1
900,2023-12-06,8
900,2023-12-17,8
900,2023-12-24,7
900,2023-12-28,0
900,2024-01-05,1
901,2023-03-11,4
901,2023-03-27,4
901,2023-03-28,4
901,2023-03-29,1
901,2023-03-30,7
901,2023-04-03,2
901,2023-04-11,3
901,2023-04-13,4
901,2023-05-01,5
901,2023-05-08,6
901,2023-05-16,5
901,2023-05-17,3
901,2023-05-23,8
901,2023-05-24,6
901,2023-06-03,9
902,2023-05-22,6
902,2023-06-07,8
902,2023-06-11,9
902,2023-06-18,0
902,2023-06-22,4
902,2023-06-27,7
902,2023-07-05,2
902,2023-07-07,3
902,2023-07-08,8
902,2023-07-17,6
902,2023-07-28,4
902,2023-08-01,1
902,2023-08-24,10
902,2023-08-26,0
902,2023-08-27,0
903,2023-02-04,5
903,2023-02-15,9
903,2023-02-22,9
903,2023-02-23,0
903,2023-02-27,0
903,2023-02-28,9
903,2023-03-05,3
903,2023-03-08,7
903,2023-03-15,8
903,2023-03-26,1
903,2023-03-29,4
903,2023-04-10,10
903,2023-04-14,6
903,2023-04-26,0
903,2023-04-28,4
904,2023-02-03,6
904,2023-02-09,6
904,2023-02-24,1
904,2023-02-25,8
904,2023-03-02,7
904,2023-03-04,10
904,2023-03-06,5
904,2023-03-21,6
904,2023-03-27,4
904,2023-03-31,6
904,2023-04-02,7
904,2023-04-04,2
904,2023-04-19,10
904,2023-04-20,6
904,2023-05-02,3
905,2023-10-15,7
905,2023-10-18,7
905,2023-10-19,2
905,2023-10-22,9
905,2023-10-30,1
905,2023-11-18,0
905,2023-11-27,8
905,2023-12-01,4
905,2023-12-16,5
905,2023-12-20,0
905,2023-12-23,7
905,2023-12-27,10
905,2024-01-03,8
905,2024-01-07,6
905,2024-01-14,0
906,2023-06-03,3
906,2023-06-28,3
906,2023-06-29,0
906,2023-06-30,6
906,2023-07-03,7
906,2023-07-06,10
906,2023-07-12,7
906,2023-07-15,10
906,2023-07-21,3
906,2023-07-23,0
906,2023-07-25,6
906,2023-08-03,7
906,2023-08-13,1
906,2023-08-28,8
906,2023-09-03,2
907,2023-12-26,8
907,2024-01-03,10
907,2024-01-16,8
907,2024-01-28,6
907,2024-02-14,5
907,2024-02-15,3
907,2024-02-19,8
907,2024-02-22,5
907,2024-02-27,10
907,2024-03-06,9
907,2024-03-11,0
907,2024-03-15,6
907,2024-03-27,7
907,2024-03-31,3
907,2024-04-01,9
908,2023-03-09,5
908,2023-03-27,10
908,2023-04-01,5
908,2023-04-13,0
908,2023-04-26,10
908,2023-04-28,10
908,2023-05-06,4
908,2023-05-09,9
908,2023-05-10,2
908,2023-05-24,2
908,2023-06-01,1
908,2023-06-02,7
908,2023-06-03,0
908,2023-06-08,4
908,2023-06-10,10
909,2023-11-26,0
909,2023-12-02,1
909,2023-12-16,6
909,2023-12-19,2
909,2024-01-12,9
909,2024-01-13,10
909,2024-01-14,0
909,2024-01-16,7
909,2024-01-18,3
909,2024-01-31,9
909,2024-02-02,9
909,2024-02-18,2
909,2024-02-20,8
909,2024-02-23,9
909,2024-02-28,1
910,2023-09-24,1
910,2023-09-28,7
910,2023-09-29,0
910,2023-10-05,8
910,2023-10-08,6
910,2023-10-20,4
910,2023-11-01,9
910,2023-11-07,4
910,2023-11-10,2
910,2023-11-16,6
910,2023-11-19,9
910,2023-11-20,4
910,2023-12-04,2
910,2023-12-07,0
910,2023-12-16,3
911,2023-03-05,0
911,2023-03-24,1
911,2023-04-01,4
911,2023-04-04,5
911,2023-05-01,9
911,2023-05-08,9
911,2023-05-09,6
911,2023-05-14,7
911,2023-05-18,0
911,2023-05-19,6
911,2023-05-20,9
911,2023-05-21,2
911,2023-05-22,1
911,2023-05-24,9
911,2023-05-31,5
912,2023-01-07,4
912,2023-01-27,10
912,2023-01-31,3
912,2023-02-05,0
912,2023-02-09,2
912,2023-02-10,10
912,2023-02-23,1
912,2023-03-04,7
912,2023-03-13,8
912,2023-03-15,1
912,2023-03-16,6
912,2023-03-19,7
912,2023-03-25,8
912,2023-04-12,0
912,2023-04-16,6
913,2023-10-27,6
913,2023-11-03,10
913,2023-11-04,4
913,2023-11-18,9
913,2023-11-24,10
913,2023-12-03,2
913,2023-12-08,10
913,2023-12-27,8
913,2024-01-03,1
913,2024-01-10,5
913,2024-01-11,0
913,2024-01-13,3
913,2024-01-15,7
913,2024-01-25,0
913,2024-01-26,1
914,2023-05-29,10
914,2023-05-30,1
914,2023-05-31,7
914,2023-06-01,2
914,2023-06-14,6
914,2023-06-21,2
914,2023-07-03,8
914,2023-07-17,2
914,2023-07-22,9
914,2023-07-25,6
914,2023-07-30,8
914,2023-07-31,2
914,2023-08-03,10
914,2023-08-10,4
914,2023-08-14,4
915,2023-08-31,10
915,2023-09-01,7
915,2023-09-16,10
915,2023-09-21,4
915,2023-10-09,1
915,2023-10-11,1
915,2023-10-26,6
915,2023-11-01,8
915,2023-11-03,0
915,2023-11-04,6
915,2023-11-09,9
915,2023-11-11,10
915,2023-11-19,1
915,2023-11-21,9
915,2023-12-03,6
916,2023-09-04,7
916,2023-09-05,0
916,2023-09-07,10
916,2023-09-17,2
916,2023-09-18,6
916,2023-09-19,3
916,2023-09-20,10
916,2023-09-24,4
916,2023-10-03,4
916,2023-10-23,4
916,2023-10-24,3
916,2023-11-02,5
916,2023-11-09,9
916,2023-11-13,6
916,2023-11-21,10
917,2023-08-14,10
917,2023-08-15,10
917,2023-08-24,2
917,2023-09-05,4
917,2023-09-06,2
917,2023-09-15,10
917,2023-09-20,5
917,2023-09-25,3
917,2023-10-15,6
917,2023-10-19,9
917,2023-11-04,0
917,2023-11-05,9
917,2023-11-09,1
917,2023-11-16,2
917,2023-11-17,3
918,2023-06-25,7
918,2023-07-01,0
918,2023-07-17,2
918,2023-07-25,4
918,2023-07-28,3
918,2023-08-09,6
918,2023-08-11,5
918,2023-08-14,2
918,2023-08-20,4
918,2023-08-21,0
918,2023-09-02,5
918,2023-09-04,5
918,2023-09-10,3
918,2023-09-15,6
918,2023-09-22,4
919,2023-04-07,8
919,2023-04-15,2
919,2023-05-06,1
919,2023-05-09,5
919,2023-05-10,9
919,2023-05-22,7
919,2023-05-26,7
919,2023-05-31,3
919,2023-06-08,8
919,2023-06-09,5
919,2023-06-12,4
919,2023-06-30,6
919,2023-07-03,6
919,2023-07-10,2
919,2023-07-13,3
920,2023-01-31,2
920,2023-02-05,5
920,2023-02-12,9
920,2023-02-25,4
920,2023-03-04,9
920,2023-03-16,7
920,2023-03-19,10
920,2023-03-20,2
920,2023-03-22,2
920,2023-03-27,0
920,2023-04-04,4
920,2023-04-11,2
920,2023-04-14,9
920,2023-04-16,8
920,2023-05-06,6
921,2023-05-11,5
921,2023-05-19,6
921,2023-05-26,9
921,2023-05-31,9
921,2023-06-01,9
921,2023-06-02,10
921,2023-06-03,2
921,2023-06-28,9
921,2023-06-29,9
921,2023-07-01,8
921,2023-07-02,3
921,2023-07-07,3
921,2023-07-21,5
921,2023-07-23,8
921,2023-07-28,7
922,2023-09-03,3
922,2023-09-17,4
922,2023-09-25,8
922,2023-10-10,2
922,2023-10-19,0
922,2023-10-23,8
922,2023-10-27,4
922,2023-10-29,9
922,2023-10-31,3
922,2023-11-04,1
922,2023-11-06,5
922,2023-11-12,3
922,2023-11-19,9
922,2023-12-01,8
922,2023-12-10,3
923,2023-02-28,7
923,2023-03-01,6
923,2023-03-03,2
923,2023-03-06,9
923,2023-03-08,1
923,2023-03-10,4
923,2023-03-16,10
923,2023-03-19,10
923,2023-04-06,3
923,2023-04-07,0
923,2023-04-20,4
923,2023-05-15,9
923,2023-05-22,1
923,2023-05-23,3
923,2023-06-05,4
924,2023-02-05,8
924,2023-02-07,6
924,2023-02-18,10
924,2023-02-19,5
924,2023-02-22,10
924,2023-03-01,6
924,2023-03-16,4
924,2023-04-04,2
924,2023-04-07,10
924,2023-04-10,2
924,2023-04-13,4
924,2023-04-17,0
924,2023-04-19,5
924,2023-04-22,9
924,2023-04-25,10
925,2023-07-28,9
925,2023-08-01,6
925,2023-08-07,2
925,2023-08-13,9
925,2023-08-17,8
925,2023-08-23,0
925,2023-08-27,10
925,2023-09-06,5
925,2023-09-17,6
925,2023-09-25,8
925,2023-09-29,2
925,2023-10-04,0
925,2023-10-05,1
925,2023-10-10,7
925,2023-10-12,10
926,2023-09-09,10
926,2023-09-21,10
926,2023-09-28,4
926,2023-10-10,0
926,2023-10-21,4
926,2023-10-25,3
926,2023-10-31,4
926,2023-11-03,7
926,2023-11-05,4
926,2023-11-09,1
926,2023-11-15,2
926,2023-11-21,5
926,2023-11-26,3
926,2023-11-28,1
926,2023-12-14,10
927,2023-02-08,7
927,2023-02-13,5
927,2023-02-16,0
927,2023-02-19,3
927,2023-02-28,6
927,2023-03-03,1
927,2023-03-04,9
927,2023-03-19,10
927,2023-03-30,2
927,2023-04-09,0
927,2023-04-10,2
927,2023-04-11,5
927,2023-04-27,9
927,2023-04-30,9
927,2023-05-02,9
928,2023-10-28,4
928,2023-11-01,7
928,2023-11-15,4
928,2023-11-16,8
928,2023-11-17,9
928,2023-11-18,0
928,2023-11-29,4
928,2023-11-30,7
928,2023-12-01,6
928,2023-12-20,0
928,2023-12-23,7
928,2023-12-28,8
928,2024-01-06,6
928,2024-01-23,2
928,2024-01-24,3
929,2023-11-19,1
929,2023-11-23,7
929,2023-11-27,3
929,2023-11-28,10
929,2023-12-29,2
929,2023-12-30,8
929,2024-01-03,9
929,2024-01-10,5
929,2024-01-18,1
929,2024-01-29,4
929,2024-02-04,5
929,2024-02-07,6
929,2024-02-15,3
929,2024-02-23,4
929,2024-02-26,0
930,2023-12-18,4
930,2023-12-27,9
930,2023-12-28,6
930,2023-12-30,10
930,2024-01-20,5
930,2024-01-28,3
930,2024-01-31,9
930,2024-02-01,10
930,2024-02-13,1
930,2024-02-21,6
930,2024-02-25,0
930,2024-02-27,10
930,2024-03-04,7
930,2024-03-20,7
930,2024-03-21,0
931,2023-01-29,2
931,2023-01-30,1
931,2023-02-03,8
931,2023-02-12,0
931,2023-02-16,10
931,2023-02-28,3
931,2023-03-04,9
931,2023-03-05,6
931,2023-03-08,6
931,2023-03-09,2
931,2023-04-07,0
931,2023-04-13,3
931,2023-04-15,8
931,2023-04-29,5
931,2023-05-05,8
932,2023-03-20,5
932,2023-03-21,2
932,2023-04-07,9
932,2023-04-23,5
932,2023-05-08,1
932,2023-05-09,6
932,2023-05-14,4
932,2023-05-26,6
932,2023-05-27,9
932,2023-05-28,3
932,2023-06-07,3
932,2023-06-11,3
932,2023-06-14,5
932,2023-06-15,6
932,2023-06-22,2
933,2023-03-20,8
933,2023-03-23,9
933,2023-03-24,8
933,2023-03-25,7
933,2023-04-11,0
933,2023-04-12,9
933,2023-04-20,2
933,2023-04-25,0
933,2023-05-12,10
933,2023-05-16,1
933,2023-05-19,9
933,2023-05-21,9
933,2023-06-03,1
933,2023-06-23,8
933,2023-06-24,10
934,2023-10-26,8
934,2023-10-27,0
934,2023-10-28,5
934,2023-11-03,2
934,2023-11-10,6
934,2023-11-13,3
934,2023-11-20,2
934,2023-11-21,10
934,2023-11-27,1
934,2023-11-28,1
934,2023-12-03,9
934,2023-12-04,10
934,2023-12-23,6
934,2023-12-25,0
934,2024-01-11,4
935,2023-06-05,4
935,2023-06-07,4
935,2023-06-23,7
935,2023-06-25,0
935,2023-07-03,8
935,2023-07-09,10
935,2023-07-15,10
935,2023-07-21,2
935,2023-08-02,10
935,2023-08-04,3
935,2023-08-05,1
935,2023-08-20,7
935,2023-08-30,1
935,2023-08-31,4
935,2023-09-04,6
936,2023-02-22,9
936,2023-03-01,6
936,2023-03-08,0
936,2023-03-16,5
936,2023-03-19,3
936,2023-03-26,0
936,2023-03-28,2
936,2023-04-03,6
936,2023-04-06,1
936,2023-04-07,8
936,2023-04-16,4
936,2023-04-27,0
936,2023-05-03,2
936,2023-05-17,5
936,2023-05-19,7
937,2023-05-08,0
937,2023-05-09,2
937,2023-05-13,8
937,2023-05-14,10
937,2023-06-04,1
937,2023-06-07,10
937,2023-06-19,10
937,2023-06-24,6
937,2023-06-26,4
937,2023-06-27,0
937,2023-06-28,9
937,2023-07-02,8
937,2023-07-04,9
937,2023-07-13,1
937,2023-07-18,0
938,2023-03-04,4
938,2023-03-05,5
938,2023-03-07,2
938,2023-03-09,3
938,2023-03-17,7
938,2023-03-19,5
938,2023-03-20,9
938,2023-03-23,7
938,2023-03-29,9
938,2023-04-01,5
938,2023-04-17,3
938,2023-05-16,1
938,2023-05-18,9
938,2023-05-22,10
938,2023-06-04,2
939,2023-10-18,4
939,2023-10-19,10
939,2023-10-30,9
939,2023-11-14,2
939,2023-11-19,0
939,2023-11-23,5
939,2023-11-26,4
939,2023-12-02,8
939,2023-12-07,9
939,2023-12-11,4
939,2023-12-15,4
939,2023-12-20,5
939,2023-12-31,3
939,2024-01-05,8
939,2024-01-12,1
940,2023-08-04,6
940,2023-08-17,2
940,2023-08-29,2
940,2023-09-07,9
940,2023-09-13,10
940,2023-09-15,5
940,2023-09-20,2
940,2023-09-21,1
940,2023-10-08,7
940,2023-10-11,9
940,2023-10-12,7
940,2023-10-17,0
940,2023-10-21,5
940,2023-11-01,6
940,2023-11-07,6
941,2023-11-08,6
941,2023-11-10,6
941,2023-11-20,0
941,2023-11-24,2
941,2023-11-26,3
941,2023-12-07,5
941,2023-12-14,1
941,2023-12-16,5
941,2023-12-29,8
941,2023-12-30,5
941,2023-12-31,0
941,2024-01-03,1
941,2024-01-15,5
941,2024-01-27,3
941,2024-02-11,10
942,2023-11-02,7
942,2023-11-08,9
942,2023-11-10,0
942,2023-11-13,5
942,2023-11-14,2
942,2023-12-01,2
942,2023-12-12,4
942,2023-12-16,4
942,2023-12-26,1
942,2023-12-28,3
942,2024-01-04,3
942,2024-01-08,9
942,2024-01-22,5
942,2024-01-27,4
942,2024-02-02,7
943,2023-11-20,0
943,2023-11-25,5
943,2023-12-10,7
943,2023-12-16,1
943,2023-12-23,9
943,2023-12-29,1
943,2023-12-31,10
943,2024-01-11,8
943,2024-01-24,10
943,2024-01-26,9
943,2024-02-08,8
943,2024-02-09,6
943,2024-02-11,6
943,2024-02-14,4
943,2024-02-16,6
944,2023-05-11,10
944,2023-05-20,8
944,2023-05-23,7
944,2023-05-26,6
944,2023-05-29,8
944,2023-06-06,0
944,2023-06-07,5
944,2023-06-14,10
944,2023-06-19,7
944,2023-06-28,0
944,2023-07-05,2
944,2023-07-09,3
944,2023-07-12,7
944,2023-07-15,7
944,2023-07-26,1
945,2023-09-25,3
945,2023-09-28,3
945,2023-10-07,2
945,2023-10-15,9
945,2023-10-18,7
945,2023-10-25,3
945,2023-10-26,10
945,2023-10-28,2
945,2023-11-10,3
945,2023-11-19,9
945,2023-11-26,6
945,2023-12-03,4
945,2023-12-06,4
945,2023-12-11,0
945,2023-12-16,2
946,2023-07-31,7
946,2023-08-03,7
946,2023-08-04,3
946,2023-08-06,9
946,2023-08-13,2
946,2023-08-16,3
946,2023-08-24,8
946,2023-08-31,5
946,2023-09-02,10
946,2023-09-10,2
946,2023-09-23,0
946,2023-09-27,2
946,2023-10-01,3
946,2023-10-05,10
946,2023-10-19,2
947,2023-08-19,4
947,2023-08-21,2
947,2023-08-27,3
947,2023-08-31,4
947,2023-09-10,7
947,2023-09-12,10
947,2023-09-17,1
947,2023-09-20,9
947,2023-09-23,9
947,2023-10-12,8
947,2023-10-24,2
947,2023-10-31,9
947,2023-11-05,0
947,2023-11-15,10
947,2023-11-24,7
948,2023-08-22,3
948,2023-08-23,8
948,2023-08-25,3
948,2023-08-31,1
948,2023-09-18,0
948,2023-09-25,0
948,2023-09-26,6
948,2023-09-27,4
948,2023-10-03,3
948,2023-10-09,3
948,2023-10-10,10
948,2023-10-26,2
948,2023-10-31,2
948,2023-11-02,6
948,2023-11-11,10
949,2023-06-06,6
949,2023-06-11,4
949,2023-06-18,7
949,2023-06-21,0
949,2023-06-28,7
949,2023-06-29,0
949,2023-07-22,3
949,2023-07-25,8
949,2023-07-29,5
949,2023-07-31,0
949,2023-08-04,3
949,2023-08-05,6
949,2023-08-30,0
949,2023-09-02,5
949,2023-09-09,9
950,2023-11-02,2
950,2023-11-04,7
950,2023-11-08,4
950,2023-11-15,0
950,2023-11-19,10
950,2023-12-04,10
950,2023-12-06,6
950,2023-12-08,7
950,2023-12-28,5
950,2024-01-01,8
950,2024-01-16,2
950,2024-01-17,6
950,2024-01-18,7
950,2024-01-27,6
950,2024-01-30,2
951,2023-08-08,6
951,2023-08-09,4
951,2023-08-13,6
951,2023-08-28,1
951,2023-09-01,4
951,2023-09-08,9
951,2023-09-22,7
951,2023-09-24,4
951,2023-09-28,5
951,2023-10-02,9
951,2023-10-12,7
951,2023-10-19,10
951,2023-10-28,9
951,2023-10-31,3
951,2023-11-06,1
952,2023-06-15,9
952,2023-07-03,8
952,2023-07-08,6
952,2023-07-11,0
952,2023-08-07,9
952,2023-08-11,9
952,2023-08-14,5
952,2023-08-18,5
952,2023-08-20,0
952,2023-08-21,4
952,2023-08-31,9
952,2023-09-03,10
952,2023-09-04,3
952,2023-09-09,2
952,2023-09-12,6
953,2023-10-31,8
953,2023-11-04,10
953,2023-11-08,1
953,2023-11-15,10
953,2023-11-16,1
953,2023-11-20,5
953,2023-11-25,9
953,2023-12-06,4
953,2023-12-13,8
953,2023-12-28,5
953,2024-01-01,3
953,2024-01-02,4
953,2024-01-18,0
953,2024-01-22,0
953,2024-01-26,1
954,2023-12-01,10
954,2023-12-04,2
954,2023-12-06,5
954,2023-12-07,6
954,2023-12-08,7
954,2023-12-22,8
954,2024-01-08,7
954,2024-01-10,1
954,2024-01-16,8
954,2024-01-20,8
954,2024-01-28,8
954,2024-02-09,2
954,2024-02-11,2
954,2024-02-12,3
954,2024-02-16,7
955,2023-02-06,3
955,2023-02-07,4
955,2023-02-08,9
955,2023-02-09,10
955,2023-03-09,5
955,2023-03-14,6
955,2023-03-21,4
955,2023-04-02,7
955,2023-04-07,9
955,2023-04-08,9
955,2023-04-10,8
955,2023-04-23,4
955,2023-04-24,6
955,2023-04-25,0
955,2023-04-30,10
956,2023-11-09,9
956,2023-12-03,7
956,2023-12-09,2
956,2023-12-13,3
956,2023-12-20,6
956,2023-12-28,1
956,2024-01-02,0
956,2024-01-04,8
956,2024-01-13,0
956,2024-01-17,9
956,2024-01-20,2
956,2024-01-27,6
956,2024-02-03,1
956,2024-02-04,6
956,2024-02-16,6
957,2023-02-20,10
957,2023-03-04,8
957,2023-03-08,6
957,2023-03-27,5
957,2023-04-01,5
957,2023-04-02,5
957,2023-04-03,7
957,2023-04-06,5
957,2023-04-13,1
957,2023-04-14,2
957,2023-04-18,4
957,2023-04-24,7
957,2023-04-25,6
957,2023-05-18,4
957,2023-05-24,0
958,2023-04-17,5
958,2023-04-23,4
958,2023-04-24,5
958,2023-04-26,1
958,2023-05-03,2
958,2023-05-24,2
958,2023-05-30,4
958,2023-06-01,4
958,2023-06-04,4
958,2023-06-05,1
958,2023-06-09,8
958,2023-06-13,9
958,2023-06-22,9
958,2023-06-23,7
958,2023-07-13,4
959,2023-11-17,1
959,2023-11-19,7
959,2023-11-22,0
959,2023-12-05,3
959,2023-12-12,6
959,2023-12-16,3
959,2023-12-27,0
959,2024-01-08,9
959,2024-01-10,4
959,2024-01-16,4
959,2024-01-21,2
959,2024-01-23,3
959,2024-01-24,8
959,2024-02-18,10
959,2024-02-24,6
960,2023-04-22,4
960,2023-04-24,1
960,2023-04-25,3
960,2023-04-26,4
960,2023-05-11,10
960,2023-05-17,9
960,2023-05-31,0
960,2023-06-26,9
960,2023-06-27,6
960,2023-07-05,10
960,2023-07-06,1
960,2023-07-16,9
960,2023-07-21,7
960,2023-07-22,9
960,2023-07-27,7
961,2023-05-17,5
961,2023-05-30,0
961,2023-06-02,7
961,2023-06-04,3
961,2023-06-11,5
961,2023-06-19,6
961,2023-06-23,7
961,2023-06-28,4
961,2023-07-01,8
961,2023-07-04,0
961,2023-07-17,9
961,2023-07-22,5
961,2023-07-26,7
961,2023-07-28,10
961,2023-08-02,10
962,2023-12-05,2
962,2023-12-07,9
962,2023-12-10,4
962,2023-12-22,4
962,2024-01-02,2
962,2024-01-06,10
962,2024-01-17,0
962,2024-01-29,3
962,2024-02-13,1
962,2024-02-16,5
962,2024-02-17,8
962,2024-02-23,9
962,2024-02-27,2
962,2024-02-29,5
962,2024-03-11,8
963,2023-02-13,7
963,2023-02-16,4
963,2023-02-23,8
963,2023-03-02,6
963,2023-03-07,7
963,2023-03-12,5
963,2023-03-18,9
963,2023-03-22,5
963,2023-04-08,1
963,2023-04-10,10
963,2023-04-11,4
963,2023-04-24,1
963,2023-04-30,8
963,2023-05-07,6
963,2023-05-17,4
964,2023-03-22,4
964,2023-04-07,1
964,2023-04-11,9
964,2023-04-16,6
964,2023-05-01,2
964,2023-05-11,3
964,2023-05-25,10
964,2023-05-26,3
964,2023-05-27,2
964,2023-06-07,6
964,2023-06-12,0
964,2023-06-17,10
964,2023-06-19,5
964,2023-06-22,8
964,2023-06-26,6
965,2023-05-15,0
965,2023-05-24,6
965,2023-05-27,6
965,2023-05-29,2
965,2023-06-07,9
965,2023-06-09,3
965,2023-06-25,10
965,2023-06-28,10
965,2023-06-30,10
965,2023-07-03,1
965,2023-07-08,5
965,2023-07-21,1
965,2023-07-31,8
965,2023-08-02,1
965,2023-08-07,7
966,2023-04-17,0
966,2023-04-18,6
966,2023-05-06,2
966,2023-05-08,3
966,2023-05-12,2
966,2023-05-15,7
966,2023-05-17,2
966,2023-05-22,3
966,2023-06-02,10
966,2023-06-07,7
966,2023-06-08,1
966,2023-06-10,7
966,2023-06-13,9
966,2023-06-17,8
966,2023-07-07,9
967,2023-10-13,8
967,2023-10-14,10
967,2023-10-17,10
967,2023-10-29,7
967,2023-10-31,0
967,2023-11-08,10
967,2023-11-13,8
967,2023-11-19,4
967,2023-12-03,7
967,2023-12-09,7
967,2023-12-22,9
967,2024-01-04,5
967,2024-01-08,4
967,2024-01-09,1
967,2024-01-15,10
968,2023-02-13,7
968,2023-02-17,8
968,2023-03-05,1
968,2023-03-06,5
968,2023-03-20,9
968,2023-04-02,1
968,2023-04-05,5
968,2023-04-06,7
968,2023-04-12,9
968,2023-04-16,0
968,2023-04-18,8
968,2023-04-24,9
968,2023-04-28,4
968,2023-05-06,5
968,2023-05-14,8
969,2023-04-12,0
969,2023-04-17,2
969,2023-04-24,0
969,2023-05-10,10
969,2023-05-12,7
969,2023-05-13,6
969,2023-05-17,1
969,2023-05-25,2
969,2023-05-26,3
969,2023-05-28,9
969,2023-05-31,6
969,2023-06-07,10
969,2023-06-10,1
969,2023-06-21,2
969,2023-06-27,1
970,2023-01-05,10
970,2023-01-13,1
970,2023-01-14,8
970,2023-01-21,2
970,2023-02-13,0
970,2023-02-20,10
970,2023-03-09,7
970,2023-03-12,0
970,2023-03-13,6
970,2023-03-15,6
970,2023-03-20,9
970,2023-03-23,0
970,2023-03-25,1
970,2023-03-28,0
970,2023-04-06,7
971,2023-08-14,6
971,2023-08-16,10
971,2023-08-26,4
971,2023-08-27,9
971,2023-09-02,7
971,2023-09-16,0
971,2023-09-28,3
971,2023-10-02,5
971,2023-10-07,0
971,2023-10-08,6
971,2023-10-12,7
971,2023-10-14,5
971,2023-10-21,7
971,2023-10-27,8
971,2023-11-05,9
972,2023-08-20,2
972,2023-08-31,10
972,2023-09-12,3
972,2023-09-16,1
972,2023-09-18,5
972,2023-10-01,5
972,2023-10-03,5
972,2023-10-10,10
972,2023-10-14,0
972,2023-10-15,10
972,2023-10-20,5
972,2023-10-24,7
972,2023-11-15,10
972,2023-11-20,0
972,2023-11-21,5
973,2023-12-24,4
973,2023-12-30,5
973,2024-01-04,8
973,2024-01-16,8
973,2024-01-21,3
973,2024-01-23,1
973,2024-02-18,1
973,2024-02-23,4
973,2024-02-24,1
973,2024-03-05,4
973,2024-03-07,7
973,2024-03-10,0
973,2024-03-14,10
973,2024-03-18,1
973,2024-03-22,2
974,2023-11-07,0
974,2023-11-10,9
974,2023-11-15,10
974,2023-11-26,7
974,2023-11-30,7
974,2023-12-12,9
974,2023-12-21,7
974,2023-12-22,8
974,2023-12-27,0
974,2024-01-08,2
974,2024-01-17,3
974,2024-01-20,10
974,2024-01-22,4
974,2024-02-05,10
974,2024-02-08,4
975,2023-08-31,1
975,2023-09-01,6
975,2023-09-27,3
975,2023-10-01,2
975,2023-10-05,9
975,2023-10-06,5
975,2023-10-13,7
975,2023-10-20,3
975,2023-10-22,7
975,2023-10-28,8
975,2023-11-02,10
975,2023-11-10,3
975,2023-11-29,1
975,2023-12-04,5
975,2023-12-05,9
976,2023-06-12,3
976,2023-06-17,0
976,2023-06-19,2
976,2023-06-28,9
976,2023-07-15,1
976,2023-07-19,5
976,2023-07-25,8
976,2023-07-26,5
976,2023-08-01,10
976,2023-08-03,4
976,2023-08-09,10
976,2023-08-14,2
976,2023-08-22,3
976,2023-08-23,3
976,2023-08-28,2
977,2023-01-25,0
977,2023-01-28,7
977,2023-02-17,3
977,2023-02-18,4
977,2023-02-24,4
977,2023-03-02,6
977,2023-03-05,7
977,2023-03-06,4
977,2023-03-07,6
977,2023-03-13,2
977,2023-03-26,1
977,2023-03-28,5
977,2023-04-01,10
977,2023-04-07,9
977,2023-04-21,5
978,2023-04-29,0
978,2023-05-07,2
978,2023-05-09,2
978,2023-05-13,1
978,2023-06-02,8
978,2023-06-04,10
978,2023-06-11,1
978,2023-06-22,6
978,2023-06-24,9
978,2023-06-30,8
978,2023-07-07,1
978,2023-07-16,10
978,2023-07-18,4
978,2023-07-21,1
978,2023-08-01,3
979,2023-06-04,7
979,2023-06-23,4
979,2023-06-29,0
979,2023-07-02,2
979,2023-07-05,9
979,2023-07-16,2
979,2023-07-28,8
979,2023-07-29,6
979,2023-08-07,4
979,2023-08-11,10
979,2023-08-21,10
979,2023-08-24,3
979,2023-08-25,3
979,2023-08-26,0
979,2023-09-02,2
980,2023-05-28,6
980,2023-06-08,6
980,2023-06-17,7
980,2023-06-18,7
980,2023-07-08,1
980,2023-07-13,9
980,2023-07-18,6
980,2023-08-04,6
980,2023-08-06,6
980,2023-08-07,6
980,2023-08-14,1
980,2023-08-15,0
980,2023-08-23,2
980,2023-08-25,5
980,2023-08-28,6
981,2023-12-30,3
981,2023-12-31,7
981,2024-01-04,6
981,2024-01-11,8
981,2024-01-12,3
981,2024-01-17,6
981,2024-01-23,7
981,2024-01-25,5
981,2024-01-29,9
981,2024-01-30,0
981,2024-03-04,1
981,2024-03-10,7
981,2024-03-13,7
981,2024-03-22,9
981,2024-03-24,1
982,2023-08-24,1
982,2023-09-05,7
982,2023-09-09,4
982,2023-09-11,6
982,2023-09-17,5
982,2023-09-21,6
982,2023-09-25,4
982,2023-09-27,2
982,2023-09-28,6
982,2023-10-01,0
982,2023-10-04,1
982,2023-10-11,8
982,2023-11-07,6
982,2023-11-10,3
982,2023-11-28,7
983,2023-02-14,10
983,2023-02-22,2
983,2023-02-26,7
983,2023-03-05,10
983,2023-03-20,7
983,2023-03-23,6
983,2023-03-26,4
983,2023-04-19,1
983,2023-04-21,4
983,2023-04-25,9
983,2023-04-28,0
983,2023-04-29,0
983,2023-05-11,3
983,2023-05-13,8
983,2023-05-14,5
984,2023-12-18,6
984,2023-12-26,7
984,2024-01-09,2
984,2024-01-13,2
984,2024-01-19,8
984,2024-01-21,8
984,2024-01-23,3
984,2024-01-29,9
984,2024-01-30,0
984,2024-02-26,4
984,2024-03-14,7
984,2024-03-19,3
984,2024-03-20,3
984,2024-03-22,1
984,2024-03-26,4
985,2023-05-10,1
985,2023-05-19,1
985,2023-05-25,4
985,2023-06-04,9
985,2023-06-06,7
985,2023-06-14,8
985,2023-06-15,8
985,2023-06-16,7
985,2023-06-17,9
985,2023-06-30,5
985,2023-07-13,3
985,2023-07-26,1
985,2023-07-28,2
985,2023-08-01,0
985,2023-08-02,4
986,2023-05-17,8
986,2023-05-22,5
986,2023-05-28,8
986,2023-06-09,0
986,2023-06-16,0
986,2023-06-21,1
986,2023-06-26,8
986,2023-07-09,7
986,2023-07-10,3
986,2023-07-11,1
986,2023-07-18,4
986,2023-07-20,3
986,2023-07-29,9
986,2023-08-07,1
986,2023-08-13,5
987,2023-11-18,8
987,2023-11-25,7
987,2023-11-26,1
987,2023-11-28,0
987,2023-11-30,9
987,2023-12-08,10
987,2023-12-16,6
987,2023-12-19,10
987,2024-01-08,8
987,2024-01-11,5
987,2024-01-17,6
987,2024-01-18,4
987,2024-01-24,2
987,2024-01-26,5
987,2024-02-05,7
988,2023-10-29,4
988,2023-11-04,2
988,2023-11-07,3
988,2023-11-16,0
988,2023-11-23,6
988,2023-11-29,0
988,2023-12-15,0
988,2023-12-20,2
988,2023-12-22,3
988,2024-01-07,0
988,2024-01-11,2
988,2024-01-19,8
988,2024-01-20,6
988,2024-01-21,5
988,2024-01-29,10
989,2023-12-07,6
989,2023-12-08,7
989,2023-12-17,0
989,2023-12-22,1
989,2023-12-24,5
989,2023-12-26,1
989,2024-01-10,4
989,2024-01-11,5
989,2024-01-15,9
989,2024-01-16,9
989,2024-01-25,2
989,2024-02-29,0
989,2024-03-02,1
989,2024-03-03,6
989,2024-03-08,6
990,2023-04-16,0
990,2023-04-28,5
990,2023-04-29,6
990,2023-04-30,2
990,2023-05-04,10
990,2023-05-05,0
990,2023-05-08,1
990,2023-05-11,10
990,2023-05-13,9
990,2023-05-17,0
990,2023-05-22,1
990,2023-06-17,1
990,2023-06-26,3
990,2023-07-06,4
990,2023-07-15,8
991,2023-08-18,2
991,2023-08-20,3
991,2023-08-28,9
991,2023-08-29,4
991,2023-08-30,5
991,2023-09-01,6
991,2023-09-02,10
991,2023-09-03,4
991,2023-09-04,5
991,2023-09-14,2
991,2023-09-21,3
991,2023-09-23,4
991,2023-10-11,2
991,2023-10-18,8
991,2023-10-27,6
992,2023-02-28,9
992,2023-03-06,5
992,2023-03-22,3
992,2023-03-24,6
992,2023-04-02,7
992,2023-04-03,10
992,2023-04-07,10
992,2023-04-23,7
992,2023-04-24,10
992,2023-04-25,3
992,2023-05-04,4
992,2023-05-13,10
992,2023-05-17,9
992,2023-06-03,8
992,2023-06-06,10
993,2023-10-17,1
993,2023-10-28,4
993,2023-11-04,7
993,2023-11-17,6
993,2023-11-20,2
993,2023-11-21,5
993,2023-11-22,3
993,2023-11-24,10
993,2023-11-26,8
993,2023-12-05,0
993,2023-12-17,9
993,2023-12-24,6
993,2023-12-25,6
993,2024-01-02,4
993,2024-01-13,1
994,2023-05-16,5
994,2023-05-24,10
994,2023-05-27,3
994,2023-05-30,5
994,2023-06-01,3
994,2023-06-12,8
994,2023-06-15,9
994,2023-06-16,6
994,2023-06-20,2
994,2023-06-21,10
994,2023-06-25,9
994,2023-07-09,8
994,2023-07-24,5
994,2023-08-01,3
994,2023-08-03,2
995,2023-12-08,7
995,2023-12-11,10
995,2023-12-17,6
995,2023-12-18,3
995,2023-12-23,10
995,2024-01-04,8
995,2024-01-05,3
995,2024-01-10,5
995,2024-01-16,4
995,2024-01-27,3
995,2024-01-30,10
995,2024-02-11,4
995,2024-02-18,6
995,2024-02-26,8
995,2024-03-03,5
996,2023-03-21,7
996,2023-03-30,9
996,2023-04-05,10
996,2023-04-18,3
996,2023-04-24,9
996,2023-05-07,9
996,2023-05-09,8
996,2023-05-11,10
996,2023-05-21,1
996,2023-05-25,6
996,2023-05-29,1
996,2023-05-30,5
996,2023-06-11,3
996,2023-06-19,10
996,2023-06-21,8
997,2023-05-19,2
997,2023-05-20,6
997,2023-05-27,0
997,2023-05-28,7
997,2023-05-29,2
997,2023-06-11,0
997,2023-06-12,1
997,2023-06-17,4
997,2023-07-06,8
997,2023-07-15,9
997,2023-07-16,6
997,2023-07-19,7
997,2023-07-21,8
997,2023-08-08,0
997,2023-08-13,8
998,2023-03-29,6
998,2023-03-30,2
998,2023-03-31,5
998,2023-04-08,10
998,2023-04-09,4
998,2023-04-18,2
998,2023-04-19,9
998,2023-04-21,10
998,2023-05-02,2
998,2023-05-03,6
998,2023-05-09,4
998,2023-05-26,5
998,2023-05-28,6
998,2023-06-15,3
998,2023-06-20,3
999,2023-02-07,10
999,2023-02-19,1
999,2023-02-23,10
999,2023-03-05,1
999,2023-03-11,2
999,2023-03-16,10
999,2023-03-28,6
999,2023-04-05,6
999,2023-04-11,4
999,2023-04-20,9
999,2023-04-21,7
999,2023-04-22,1
999,2023-04-23,9
999,2023-04-27,6
999,2023-05-12,7
1000,2023-02-03,9
1000,2023-02-04,0
1000,2023-02-13,1
1000,2023-02-14,6
1000,2023-02-21,3
1000,2023-02-27,9
1000,2023-02-28,9
1000,2023-03-14,4
1000,2023-03-16,9
1000,2023-03-21,0
1000,2023-03-24,1
1000,2023-04-11,3
1000,2023-04-17,3
1000,2023-04-27,3
1000,2023-04-28,4
1001,2023-03-31,8
1001,2023-04-07,4
1001,2023-04-21,1
1001,2023-04-22,0
1001,2023-04-29,1
1001,2023-04-30,6
1001,2023-05-01,7
1001,2023-05-18,9
1001,2023-05-25,3
1001,2023-05-26,0
1001,2023-06-02,1
1001,2023-06-06,4
1001,2023-06-18,8
1001,2023-06-19,1
1001,2023-06-21,1
1002,2023-06-08,2
1002,2023-06-10,8
1002,2023-06-11,8
1002,2023-06-13,6
1002,2023-06-17,6
1002,2023-06-27,1
1002,2023-07-13,6
1002,2023-07-16,8
1002,2023-07-28,0
1002,2023-08-20,1
1002,2023-08-21,9
1002,2023-08-29,9
1002,2023-08-30,0
1002,2023-09-05,3
1002,2023-09-13,4
1003,2023-11-08,6
1003,2023-11-10,0
1003,2023-11-16,7
1003,2023-11-19,9
1003,2023-11-20,10
1003,2023-11-26,1
1003,2023-11-27,7
1003,2023-12-04,9
1003,2023-12-09,1
1003,2023-12-11,3
1003,2023-12-13,8
1003,2024-01-04,6
1003,2024-01-10,0
1003,2024-02-04,1
1003,2024-02-07,5
1004,2023-10-21,10
1004,2023-10-30,0
1004,2023-10-31,2
1004,2023-11-02,8
1004,2023-11-05,8
1004,2023-11-14,10
1004,2023-11-26,1
1004,2023-11-27,4
1004,2023-12-17,1
1004,2023-12-19,1
1004,2023-12-21,2
1004,2024-01-01,8
1004,2024-01-14,7
1004,2024-01-16,10
1004,2024-01-17,4
1005,2023-06-06,3
1005,2023-06-14,9
1005,2023-06-24,1
1005,2023-07-04,3
1005,2023-07-07,8
1005,2023-07-14,1
1005,2023-07-15,0
1005,2023-07-21,10
1005,2023-07-22,7
1005,2023-07-27,4
1005,2023-07-29,9
1005,2023-08-01,1
1005,2023-08-13,10
1005,2023-08-25,6
1005,2023-09-03,1
1006,2023-08-19,5
1006,2023-08-22,0
1006,2023-08-23,6
1006,2023-08-28,9
1006,2023-09-01,10
1006,2023-09-03,6
1006,2023-09-09,10
1006,2023-09-12,2
1006,2023-09-13,6
1006,2023-09-18,1
1006,2023-09-24,6
1006,2023-09-26,8
1006,2023-10-25,4
1006,2023-11-03,5
1006,2023-11-11,5
1007,2023-03-05,1
1007,2023-03-14,7
1007,2023-03-22,9
1007,2023-03-26,8
1007,2023-03-27,9
1007,2023-04-10,9
1007,2023-04-13,4
1007,2023-04-15,8
1007,2023-04-20,8
1007,2023-05-06,5
1007,2023-05-07,6
1007,2023-05-25,6
1007,2023-05-27,9
1007,2023-06-07,4
1007,2023-06-09,8
1008,2023-08-31,10
1008,2023-09-04,6
1008,2023-09-10,3
1008,2023-09-25,5
1008,2023-10-10,5
1008,2023-10-11,8
1008,2023-10-14,4
1008,2023-10-22,2
1008,2023-10-24,2
1008,2023-11-08,7
1008,2023-11-11,10
1008,2023-11-12,1
1008,2023-11-16,7
1008,2023-11-25,2
1008,2023-11-29,6
1009,2023-12-20,10
1009,2023-12-21,4
1009,2023-12-22,1
1009,2023-12-24,3
1009,2023-12-29,0
1009,2024-01-05,6
1009,2024-01-21,8
1009,2024-01-25,10
1009,2024-02-03,6
1009,2024-02-05,2
1009,2024-02-08,4
1009,2024-02-17,0
1009,2024-03-11,8
1009,2024-03-12,7
1009,2024-03-25,1
1010,2023-06-05,6
1010,2023-06-12,2
1010,2023-06-17,3
1010,2023-06-22,8
1010,2023-06-23,1
1010,2023-07-09,1
1010,2023-07-27,5
1010,2023-08-04,10
1010,2023-08-06,2
1010,2023-08-12,2
1010,2023-08-13,3
1010,2023-08-20,2
1010,2023-08-25,8
1010,2023-08-30,2
1010,2023-09-10,2
1011,2023-12-26,4
1011,2024-01-13,0
1011,2024-01-16,0
1011,2024-01-18,4
1011,2024-01-29,1
1011,2024-01-30,0
1011,2024-02-04,8
1011,2024-02-08,4
1011,2024-02-23,7
1011,2024-03-01,9
1011,2024-03-02,1
1011,2024-03-05,3
1011,2024-03-09,5
1011,2024-03-10,1
1011,2024-03-11,1
1012,2023-07-29,0
1012,2023-08-11,6
1012,2023-08-13,4
1012,2023-08-16,1
1012,2023-08-19,10
1012,2023-08-26,10
1012,2023-09-04,5
1012,2023-09-08,7
1012,2023-09-20,8
1012,2023-10-01,0
1012,2023-10-09,9
1012,2023-10-16,7
1012,2023-10-19,8
1012,2023-11-01,3
1012,2023-11-02,0
1013,2023-05-22,1
1013,2023-05-23,10
1013,2023-05-29,4
1013,2023-06-02,4
1013,2023-06-05,7
1013,2023-06-20,8
1013,2023-06-25,6
1013,2023-06-27,7
1013,2023-07-01,4
1013,2023-07-24,10
1013,2023-07-28,2
1013,2023-08-06,8
1013,2023-08-07,0
1013,2023-08-19,2
1013,2023-08-25,1
1014,2023-09-16,8
1014,2023-09-17,9
1014,2023-10-12,1
1014,2023-10-13,10
1014,2023-10-28,2
1014,2023-11-02,1
1014,2023-11-12,3
1014,2023-11-16,10
1014,2023-11-18,9
1014,2023-11-24,7
1014,2023-12-01,4
1014,2023-12-05,3
1014,2023-12-09,6
1014,2023-12-13,9
1014,2023-12-19,9
1015,2023-10-05,4
1015,2023-10-06,2
1015,2023-11-12,9
1015,2023-11-13,0
1015,2023-11-14,6
1015,2023-11-15,9
1015,2023-11-17,6
1015,2023-11-20,9
1015,2023-12-06,10
1015,2023-12-12,0
1015,2023-12-13,4
1015,2023-12-16,5
1015,2023-12-18,2
1015,2024-01-01,8
1015,2024-01-10,9
1016,2023-09-11,4
1016,2023-09-16,5
1016,2023-09-18,7
1016,2023-10-09,0
1016,2023-10-10,1
1016,2023-10-22,6
1016,2023-10-28,5
1016,2023-10-29,2
1016,2023-11-02,7
1016,2023-11-03,6
1016,2023-11-06,1
1016,2023-11-07,3
1016,2023-11-18,6
1016,2023-12-12,10
1016,2023-12-15,8
1017,2023-08-15,6
1017,2023-08-20,9
1017,2023-08-21,9
1017,2023-08-30,2
1017,2023-09-06,10
1017,2023-09-10,9
1017,2023-09-17,6
1017,2023-09-20,4
1017,2023-09-27,4
1017,2023-10-13,4
1017,2023-10-17,7
1017,2023-10-22,7
1017,2023-10-27,2
1017,2023-11-02,5
1017,2023-11-13,0
1018,2023-02-11,4
1018,2023-02-15,1
1018,2023-03-01,7
1018,2023-03-05,2
1018,2023-03-06,4
1018,2023-03-10,1
1018,2023-03-13,5
1018,2023-03-15,5
1018,2023-03-19,3
1018,2023-03-21,6
1018,2023-04-17,9
1018,2023-04-20,1
1018,2023-05-08,5
1018,2023-05-17,8
1018,2023-05-20,5
1019,2023-11-04,7
1019,2023-11-06,0
1019,2023-11-23,3
1019,2023-11-24,3
1019,2023-11-25,3
1019,2023-12-08,10
1019,2023-12-09,2
1019,2023-12-13,9
1019,2023-12-20,5
1019,2023-12-21,10
1019,2023-12-22,9
1019,2023-12-31,4
1019,2024-01-05,5
1019,2024-01-14,2
1019,2024-01-16,3
1020,2023-01-23,9
1020,2023-01-26,9
1020,2023-01-31,1
1020,2023-02-07,7
1020,2023-02-13,2
1020,2023-02-18,1
1020,2023-02-25,7
1020,2023-03-03,4
1020,2023-03-11,2
1020,2023-03-12,9
1020,2023-03-17,2
1020,2023-03-29,2
1020,2023-03-30,0
1020,2023-04-08,4
1020,2023-04-12,1
1021,2023-08-25,0
1021,2023-09-01,6
1021,2023-09-05,3
1021,2023-09-09,2
1021,2023-09-24,5
1021,2023-09-27,0
1021,2023-09-30,3
1021,2023-10-01,1
1021,2023-10-08,3
1021,2023-10-09,9
1021,2023-10-18,2
1021,2023-10-24,8
1021,2023-10-26,0
1021,2023-11-05,4
1021,2023-11-16,8
1022,2023-06-15,3
1022,2023-06-20,3
1022,2023-06-21,5
1022,2023-06-27,9
1022,2023-06-28,3
1022,2023-07-04,7
1022,2023-07-08,9
1022,2023-07-15,7
1022,2023-07-30,1
1022,2023-08-07,9
1022,2023-08-27,0
1022,2023-08-28,0
1022,2023-09-05,0
1022,2023-09-08,10
1022,2023-09-22,0
1023,2023-11-14,8
1023,2023-11-18,5
1023,2023-11-24,5
1023,2023-11-29,9
1023,2023-12-11,4
1023,2023-12-19,0
1023,2023-12-24,7
1023,2023-12-31,9
1023,2024-01-08,9
1023,2024-01-19,2
1023,2024-01-27,3
1023,2024-01-31,0
1023,2024-02-03,4
1023,2024-02-04,5
1023,2024-02-05,3
1024,2023-05-18,7
1024,2023-05-19,4
1024,2023-05-26,3
1024,2023-06-07,7
1024,2023-06-14,0
1024,2023-06-15,1
1024,2023-06-20,9
1024,2023-06-26,4
1024,2023-06-27,5
1024,2023-07-07,3
1024,2023-07-16,10
1024,2023-07-28,9
1024,2023-07-31,1
1024,2023-08-12,1
1024,2023-08-15,10
1025,2023-01-21,0
1025,2023-01-22,9
1025,2023-01-30,2
1025,2023-02-05,8
1025,2023-02-26,1
1025,2023-02-27,10
1025,2023-03-08,5
1025,2023-03-09,7
1025,2023-03-12,8
1025,2023-03-15,0
1025,2023-03-18,6
1025,2023-04-06,10
1025,2023-04-08,1
1025,2023-04-15,9
1025,2023-04-21,0
1026,2023-02-19,3
1026,2023-02-24,5
1026,2023-03-02,3
1026,2023-03-04,2
1026,2023-03-07,2
1026,2023-03-19,3
1026,2023-04-06,10
1026,2023-04-07,7
1026,2023-04-11,1
1026,2023-04-13,8
1026,2023-04-18,5
1026,2023-04-27,9
1026,2023-05-07,2
1026,2023-05-13,1
1026,2023-05-14,2
1027,2023-05-08,3
1027,2023-05-17,0
1027,2023-05-26,0
1027,2023-06-03,0
1027,2023-06-06,3
1027,2023-06-14,7
1027,2023-06-15,5
1027,2023-06-20,3
1027,2023-06-30,9
1027,2023-07-02,8
1027,2023-07-03,9
1027,2023-07-14,2
1027,2023-07-18,3
1027,2023-07-19,1
1027,2023-07-29,3
1028,2023-12-28,4
1028,2023-12-30,1
1028,2024-01-07,7
1028,2024-01-14,10
1028,2024-01-25,8
1028,2024-01-29,3
1028,2024-02-05,10
1028,2024-02-11,7
1028,2024-02-14,6
1028,2024-02-18,5
1028,2024-02-26,9
1028,2024-02-28,1
1028,2024-03-01,5
1028,2024-03-05,3
1028,2024-03-17,8
1029,2023-10-25,6
1029,2023-10-27,7
1029,2023-11-03,3
1029,2023-11-08,5
1029,2023-11-11,1
1029,2023-11-14,2
1029,2023-11-26,7
1029,2023-11-28,2
1029,2023-12-06,4
1029,2023-12-10,5
1029,2023-12-11,5
1029,2023-12-15,3
1029,2024-01-15,3
1029,2024-01-19,7
1029,2024-01-29,5
1030,2023-11-30,2
1030,2023-12-04,2
1030,2023-12-07,4
1030,2023-12-16,9
1030,2023-12-17,4
1030,2023-12-19,5
1030,2023-12-21,1
1030,2023-12-23,0
1030,2023-12-27,4
1030,2024-01-01,6
1030,2024-01-03,10
1030,2024-01-11,2
1030,2024-01-14,5
1030,2024-01-22,0
1030,2024-02-01,6
1031,2023-01-17,6
1031,2023-01-25,7
1031,2023-01-27,2
1031,2023-01-29,9
1031,2023-02-21,3
1031,2023-02-22,5
1031,2023-03-01,0
1031,2023-03-05,9
1031,2023-03-09,7
1031,2023-03-20,9
1031,2023-03-24,3
1031,2023-03-26,4
1031,2023-04-07,10
1031,2023-04-17,4
1031,2023-04-19,2
1032,2023-12-11,8
1032,2023-12-20,10
1032,2023-12-25,0
1032,2023-12-27,4
1032,2023-12-29,5
1032,2024-01-03,7
1032,2024-01-05,9
1032,2024-01-17,7
1032,2024-01-18,2
1032,2024-01-27,5
1032,2024-02-04,1
1032,2024-02-08,8
1032,2024-02-12,4
1032,2024-02-22,10
1032,2024-03-04,0
1033,2023-05-21,3
1033,2023-05-29,3
1033,2023-06-04,7
1033,2023-06-05,10
1033,2023-06-13,2
1033,2023-06-16,0
1033,2023-06-24,9
1033,2023-07-14,4
1033,2023-07-15,5
1033,2023-07-24,1
1033,2023-07-28,6
1033,2023-08-04,7
1033,2023-08-09,6
1033,2023-08-13,7
1033,2023-08-25,0
1034,2023-10-23,10
1034,2023-10-26,8
1034,2023-10-29,4
1034,2023-10-31,8
1034,2023-11-06,4
1034,2023-11-09,2
1034,2023-11-11,6
1034,2023-11-17,4
1034,2023-11-20,8
1034,2023-12-12,3
1034,2023-12-14,3
1034,2023-12-16,3
1034,2023-12-28,6
1034,2024-01-11,7
1034,2024-01-16,10
1035,2023-01-23,3
1035,2023-01-31,6
1035,2023-02-11,0
1035,2023-03-10,5
1035,2023-03-13,10
1035,2023-03-25,10
1035,2023-03-27,4
1035,2023-03-31,9
1035,2023-04-04,4
1035,2023-04-08,6
1035,2023-04-12,9
1035,2023-04-19,2
1035,2023-04-20,0
1035,2023-04-23,8
1035,2023-04-25,5
1036,2023-04-06,0
1036,2023-04-11,1
1036,2023-04-14,1
1036,2023-04-18,5
1036,2023-04-24,4
1036,2023-04-27,6
1036,2023-05-03,1
1036,2023-05-05,7
1036,2023-05-17,5
1036,2023-05-23,8
1036,2023-06-11,10
1036,2023-06-18,0
1036,2023-06-22,8
1036,2023-06-30,0
1036,2023-07-06,3
1037,2023-09-02,6
1037,2023-09-05,6
1037,2023-09-06,8
1037,2023-09-28,5
1037,2023-09-30,1
1037,2023-10-02,10
1037,2023-10-04,3
1037,2023-10-12,5
1037,2023-11-02,3
1037,2023-11-04,8
1037,2023-11-10,10
1037,2023-11-18,10
1037,2023-11-30,1
1037,2023-12-01,4
1037,2023-12-03,8
1038,2023-09-24,6
1038,2023-09-28,8
1038,2023-09-29,5
1038,2023-10-06,6
1038,2023-10-18,4
1038,2023-10-20,7
1038,2023-11-01,1
1038,2023-11-02,7
1038,2023-11-07,7
1038,2023-11-20,8
1038,2023-11-23,4
1038,2023-11-26,0
1038,2023-12-11,1
1038,2023-12-13,9
1038,2023-12-14,0
1039,2023-12-13,1
1039,2023-12-19,1
1039,2023-12-26,5
1039,2024-01-20,8
1039,2024-01-24,6
1039,2024-01-28,6
1039,2024-01-30,8
1039,2024-02-05,6
1039,2024-02-09,1
1039,2024-02-15,1
1039,2024-02-20,9
1039,2024-02-22,9
1039,2024-02-26,7
1039,2024-02-27,6
1039,2024-02-28,7
1040,2023-08-18,5
1040,2023-08-20,8
1040,2023-08-23,3
1040,2023-09-04,5
1040,2023-09-09,3
1040,2023-09-25,4
1040,2023-09-29,5
1040,2023-10-06,10
1040,2023-10-14,8
1040,2023-10-20,1
1040,2023-10-28,9
1040,2023-11-07,5
1040,2023-11-14,6
1040,2023-11-15,5
1040,2023-11-17,7
1041,2023-06-11,2
1041,2023-06-12,6
1041,2023-06-22,6
1041,2023-06-23,10
1041,2023-06-28,2
1041,2023-07-08,1
1041,2023-07-09,7
1041,2023-07-27,7
1041,2023-07-31,5
1041,2023-08-05,8
1041,2023-08-06,0
1041,2023-08-14,1
1041,2023-08-21,10
1041,2023-08-28,5
1041,2023-08-29,8
1042,2023-04-03,7
1042,2023-04-22,6
1042,2023-04-23,6
1042,2023-04-25,9
1042,2023-04-28,8
1042,2023-04-29,10
1042,2023-05-07,3
1042,2023-05-16,4
1042,2023-05-27,5
1042,2023-06-01,1
1042,2023-06-04,10
1042,2023-06-07,5
1042,2023-06-12,0
1042,2023-06-19,2
1042,2023-07-11,5
1043,2023-10-27,0
1043,2023-11-09,10
1043,2023-11-12,7
1043,2023-11-20,3
1043,2023-11-26,8
1043,2023-12-04,2
1043,2023-12-13,7
1043,2023-12-20,7
1043,2023-12-25,7
1043,2023-12-26,7
1043,2024-01-01,1
1043,2024-01-03,1
1043,2024-01-04,8
1043,2024-01-07,4
1043,2024-01-27,2
1044,2023-08-12,1
1044,2023-08-13,2
1044,2023-08-19,1
1044,2023-08-28,0
1044,2023-09-06,2
1044,2023-09-21,4
1044,2023-09-30,2
1044,2023-10-07,3
1044,2023-10-12,4
1044,2023-10-15,10
1044,2023-10-28,4
1044,2023-11-03,7
1044,2023-11-08,3
1044,2023-11-13,10
1044,2023-11-19,0
1045,2023-12-04,9
1045,2023-12-07,10
1045,2024-01-05,7
1045,2024-01-15,1
1045,2024-01-18,6
1045,2024-01-21,5
1045,2024-01-22,9
1045,2024-02-04,6
1045,2024-02-09,5
1045,2024-02-14,6
1045,2024-02-16,6
1045,2024-02-18,7
1045,2024-02-21,6
1045,2024-02-24,4
1045,2024-02-26,0
1046,2023-09-11,2
1046,2023-09-28,4
1046,2023-10-03,2
1046,2023-10-09,10
1046,2023-10-13,6
1046,2023-10-15,10
1046,2023-10-25,5
1046,2023-10-27,3
1046,2023-11-15,7
1046,2023-11-25,9
1046,2023-11-26,3
1046,2023-12-05,2
1046,2023-12-09,2
1046,2023-12-10,1
1046,2023-12-17,9
1047,2023-02-17,0
1047,2023-02-18,1
1047,2023-02-25,5
1047,2023-03-19,7
1047,2023-03-21,10
1047,2023-03-24,9
1047,2023-04-03,1
1047,2023-04-10,1
1047,2023-04-15,5
1047,2023-04-18,0
1047,2023-05-06,1
1047,2023-05-12,0
1047,2023-05-15,1
1047,2023-05-17,6
1047,2023-05-24,2
1048,2023-08-30,5
1048,2023-09-01,9
1048,2023-09-02,7
1048,2023-09-15,8
1048,2023-09-24,3
1048,2023-10-01,3
1048,2023-10-12,5
1048,2023-10-19,4
1048,2023-10-21,8
1048,2023-10-27,8
1048,2023-11-01,3
1048,2023-11-08,5
1048,2023-11-10,7
1048,2023-11-22,1
1048,2023-11-28,9
1049,2023-07-09,6
1049,2023-07-11,4
1049,2023-07-21,10
1049,2023-07-29,3
1049,2023-07-30,2
1049,2023-08-03,0
1049,2023-08-16,3
1049,2023-08-18,1
1049,2023-08-19,7
1049,2023-08-27,2
1049,2023-08-31,10
1049,2023-09-08,6
1049,2023-09-09,6
1049,2023-09-17,5
1049,2023-09-26,2
1050,2023-08-14,0
1050,2023-08-16,0
1050,2023-08-19,0
1050,2023-08-31,10
1050,2023-09-04,10
1050,2023-09-06,2
1050,2023-09-09,0
1050,2023-09-17,8
1050,2023-09-30,6
1050,2023-10-03,10
1050,2023-10-05,0
1050,2023-10-12,1
1050,2023-10-22,4
1050,2023-10-29,10
1050,2023-11-05,6
1051,2023-06-22,3
1051,2023-06-23,0
1051,2023-07-01,10
1051,2023-07-04,3
1051,2023-07-08,3
1051,2023-07-16,5
1051,2023-07-25,6
1051,2023-07-30,10
1051,2023-08-02,3
1051,2023-08-10,6
1051,2023-08-22,9
1051,2023-08-30,3
1051,2023-09-03,0
1051,2023-09-11,1
1051,2023-09-26,0
1052,2023-06-14,4
1052,2023-06-18,8
1052,2023-06-20,0
1052,2023-06-21,2
1052,2023-06-22,8
1052,2023-06-28,10
1052,2023-07-14,3
1052,2023-08-09,5
1052,2023-08-19,4
1052,2023-08-20,1
1052,2023-08-23,5
1052,2023-08-28,8
1052,2023-08-29,9
1052,2023-09-14,2
1052,2023-09-15,9
1053,2023-12-16,6
1053,2023-12-21,6
1053,2024-01-07,2
1053,2024-01-08,8
1053,2024-01-10,10
1053,2024-01-12,0
1053,2024-02-01,8
1053,2024-02-02,1
1053,2024-02-04,2
1053,2024-02-27,2
1053,2024-02-29,10
1053,2024-03-06,10
1053,2024-03-09,6
1053,2024-03-13,8
1053,2024-03-17,1
1054,2023-02-23,5
1054,2023-02-27,10
1054,2023-03-04,8
1054,2023-03-06,3
1054,2023-03-23,10
1054,2023-03-27,3
1054,2023-04-02,0
1054,2023-04-08,9
1054,2023-04-22,6
1054,2023-05-07,7
1054,2023-05-23,3
1054,2023-05-25,9
1054,2023-05-31,7
1054,2023-06-01,9
1054,2023-06-02,8
1055,2023-04-05,5
1055,2023-04-08,10
1055,2023-04-10,0
1055,2023-04-22,1
1055,2023-04-30,6
1055,2023-05-02,7
1055,2023-05-15,6
1055,2023-05-17,7
1055,2023-05-23,1
1055,2023-06-03,8
1055,2023-06-06,7
1055,2023-06-09,7
1055,2023-06-17,6
1055,2023-06-25,2
1055,2023-06-27,10
1056,2023-06-21,2
1056,2023-06-29,7
1056,2023-07-15,6
1056,2023-07-18,2
1056,2023-08-02,9
1056,2023-08-07,2
1056,2023-08-09,2
1056,2023-08-12,6
1056,2023-08-24,6
1056,2023-08-26,6
1056,2023-09-07,7
1056,2023-09-09,8
1056,2023-09-11,8
1056,2023-09-19,0
1056,2023-09-25,9
1057,2023-08-09,9
1057,2023-08-20,0
1057,2023-08-22,7
1057,2023-08-23,4
1057,2023-09-09,9
1057,2023-09-18,9
1057,2023-09-25,3
1057,2023-10-06,5
1057,2023-10-08,9
1057,2023-10-15,8
1057,2023-10-20,1
1057,2023-10-24,2
1057,2023-10-26,5
1057,2023-10-27,5
1057,2023-10-29,9
1058,2023-12-25,8
1058,2024-01-10,0
1058,2024-01-15,5
1058,2024-01-28,0
1058,2024-02-01,1
1058,2024-02-07,4
1058,2024-02-08,1
1058,2024-02-15,7
1058,2024-02-19,1
1058,2024-02-21,6
1058,2024-02-23,5
1058,2024-03-01,7
1058,2024-03-02,8
1058,2024-03-08,9
1058,2024-03-25,3
1059,2023-09-19,6
1059,2023-09-21,0
1059,2023-09-22,0
1059,2023-09-25,10
1059,2023-09-28,5
1059,2023-10-20,0
1059,2023-10-25,0
1059,2023-10-26,9
1059,2023-10-31,2
1059,2023-11-06,4
1059,2023-11-17,4
1059,2023-11-18,9
1059,2023-11-23,10
1059,2023-11-25,2
1059,2023-12-02,8
1060,2023-05-30,0
1060,2023-06-03,1
1060,2023-06-15,1
1060,2023-06-22,2
1060,2023-06-26,5
1060,2023-07-11,10
1060,2023-07-24,0
1060,2023-07-26,1
1060,2023-07-29,10
1060,2023-08-07,8
1060,2023-08-11,6
1060,2023-08-16,10
1060,2023-08-17,0
1060,2023-08-18,7
1060,2023-09-04,4
1061,2023-12-08,9
1061,2023-12-25,3
1061,2023-12-26,1
1061,2023-12-27,10
1061,2023-12-29,8
1061,2023-12-30,0
1061,2024-01-04,6
1061,2024-01-19,2
1061,2024-01-26,0
1061,2024-01-27,0
1061,2024-02-17,7
1061,2024-02-20,10
1061,2024-02-26,3
1061,2024-02-28,0
1061,2024-03-11,2
1062,2023-08-11,4
1062,2023-08-16,0
1062,2023-08-24,5
1062,2023-08-27,7
1062,2023-09-09,1
1062,2023-09-12,10
1062,2023-09-17,4
1062,2023-09-20,4
1062,2023-09-23,6
1062,2023-10-06,10
1062,2023-10-14,9
1062,2023-10-16,5
1062,2023-10-22,6
1062,2023-10-23,10
1062,2023-10-27,7
1063,2023-10-15,6
1063,2023-10-17,10
1063,2023-11-04,6
1063,2023-11-06,8
1063,2023-11-10,8
1063,2023-11-13,10
1063,2023-11-16,6
1063,2023-11-20,5
1063,2023-11-24,8
1063,2023-11-25,3
1063,2023-11-26,10
1063,2023-12-11,4
1063,2023-12-17,8
1063,2023-12-30,3
1063,2024-01-09,4
1064,2023-02-08,4
1064,2023-02-15,8
1064,2023-02-17,5
1064,2023-03-05,3
1064,2023-03-10,2
1064,2023-03-13,0
1064,2023-03-14,10
1064,2023-03-15,7
1064,2023-03-23,7
1064,2023-03-30,5
1064,2023-03-31,8
1064,2023-04-09,7
1064,2023-04-12,0
1064,2023-04-13,8
1064,2023-04-23,9
1065,2023-09-10,5
1065,2023-09-17,8
1065,2023-09-21,0
1065,2023-09-22,5
1065,2023-09-27,0
1065,2023-09-28,4
1065,2023-10-12,5
1065,2023-10-15,0
1065,2023-10-31,5
1065,2023-11-05,0
1065,2023-11-07,9
1065,2023-11-12,2
1065,2023-11-13,8
1065,2023-11-22,4
1065,2023-11-27,6
1066,2023-02-16,3
1066,2023-02-20,7
1066,2023-02-21,2
1066,2023-03-08,9
1066,2023-03-09,5
1066,2023-03-12,4
1066,2023-03-22,10
1066,2023-04-13,5
1066,2023-04-14,10
1066,2023-04-15,10
1066,2023-04-28,10
1066,2023-05-03,0
1066,2023-05-15,3
1066,2023-05-19,8
1066,2023-05-23,0
1067,2023-06-11,4
1067,2023-06-15,5
1067,2023-06-19,0
1067,2023-06-25,10
1067,2023-06-27,2
1067,2023-06-28,8
1067,2023-07-23,1
1067,2023-07-25,4
1067,2023-07-26,3
1067,2023-08-03,5
1067,2023-08-21,3
1067,2023-08-31,1
1067,2023-09-05,2
1067,2023-09-07,7
1067,2023-09-08,9
1068,2023-05-20,1
1068,2023-05-22,2
1068,2023-06-03,3
1068,2023-06-07,10
1068,2023-06-08,5
1068,2023-06-12,9
1068,2023-06-21,0
1068,2023-07-11,4
1068,2023-07-28,2
1068,2023-08-04,6
1068,2023-08-05,5
1068,2023-08-10,2
1068,2023-08-14,7
1068,2023-08-15,4
1068,2023-08-16,2
1069,2023-06-21,8
1069,2023-06-29,10
1069,2023-07-08,5
1069,2023-07-09,5
1069,2023-07-13,4
1069,2023-07-29,5
1069,2023-07-31,1
1069,2023-08-02,4
1069,2023-08-09,10
1069,2023-08-17,6
1069,2023-08-21,0
1069,2023-08-24,9
1069,2023-09-08,10
1069,2023-09-09,1
1069,2023-09-11,9
1070,2023-03-11,0
1070,2023-03-13,6
1070,2023-03-29,2
1070,2023-03-30,7
1070,2023-04-08,2
1070,2023-04-10,8
1070,2023-04-11,1
1070,2023-04-14,6
1070,2023-04-15,7
1070,2023-04-28,3
1070,2023-05-01,3
1070,2023-05-25,7
1070,2023-05-27,4
1070,2023-05-28,6
1070,2023-06-05,1
1071,2023-08-06,6
1071,2023-08-07,0
1071,2023-08-12,8
1071,2023-08-16,4
1071,2023-08-17,8
1071,2023-08-27,1
1071,2023-09-04,8
1071,2023-09-11,10
1071,2023-09-18,7
1071,2023-09-24,6
1071,2023-10-19,2
1071,2023-10-26,0
1071,2023-10-29,9
1071,2023-10-30,9
1071,2023-10-31,0
1072,2023-09-23,4
1072,2023-09-28,5
1072,2023-09-30,0
1072,2023-10-01,5
1072,2023-10-20,9
1072,2023-10-21,9
1072,2023-11-03,8
1072,2023-11-14,2
1072,2023-11-15,2
1072,2023-11-23,10
1072,2023-12-03,6
1072,2023-12-06,7
1072,2023-12-07,3
1072,2023-12-09,10
1072,2023-12-25,1
1073,2023-01-05,10
1073,2023-01-12,2
1073,2023-01-23,0
1073,2023-01-28,2
1073,2023-01-30,5
1073,2023-02-05,9
1073,2023-02-07,3
1073,2023-02-09,6
1073,2023-02-14,4
1073,2023-03-06,5
1073,2023-03-09,0
1073,2023-03-13,10
1073,2023-03-26,2
1073,2023-04-08,8
1073,2023-04-10,2
1074,2023-12-16,9
1074,2023-12-19,1
1074,2023-12-26,1
1074,2024-01-02,5
1074,2024-01-03,4
1074,2024-01-04,9
1074,2024-01-18,0
1074,2024-01-19,4
1074,2024-01-20,10
1074,2024-01-28,4
1074,2024-01-31,3
1074,2024-02-01,1
1074,2024-02-18,8
1074,2024-03-04,3
1074,2024-03-10,10
1075,2023-10-09,10
1075,2023-10-15,10
1075,2023-10-20,1
1075,2023-10-25,5
1075,2023-11-02,0
1075,2023-11-05,6
1075,2023-11-12,2
1075,2023-11-21,10
1075,2023-11-29,9
1075,2023-12-05,1
1075,2023-12-18,10
1075,2023-12-22,7
1075,2023-12-27,9
1075,2023-12-29,2
1075,2023-12-31,6
1076,2023-08-31,8
1076,2023-09-02,7
1076,2023-09-04,3
1076,2023-09-08,9
1076,2023-09-12,2
1076,2023-09-14,2
1076,2023-09-21,1
1076,2023-10-07,9
1076,2023-10-18,8
1076,2023-10-21,3
1076,2023-10-29,6
1076,2023-11-11,9
1076,2023-11-20,1
1076,2023-11-26,5
1076,2023-11-28,7
1077,2023-08-03,7
1077,2023-08-14,0
1077,2023-08-17,7
1077,2023-08-27,10
1077,2023-09-14,4
1077,2023-09-24,5
1077,2023-09-26,9
1077,2023-09-27,9
1077,2023-09-30,1
1077,2023-10-04,5
1077,2023-10-11,3
1077,2023-10-25,0
1077,2023-10-26,4
1077,2023-11-06,4
1077,2023-11-07,5
1078,2023-01-28,3
1078,2023-01-29,4
1078,2023-02-01,10
1078,2023-02-03,5
1078,2023-02-13,0
1078,2023-02-19,2
1078,2023-02-28,9
1078,2023-03-17,5
1078,2023-04-01,8
1078,2023-04-04,6
1078,2023-04-09,7
1078,2023-04-16,6
1078,2023-04-20,0
1078,2023-05-03,3
1078,2023-05-07,10
1079,2023-04-08,1
1079,2023-04-13,8
1079,2023-05-03,2
1079,2023-05-11,3
1079,2023-05-15,6
1079,2023-05-21,8
1079,2023-05-29,8
1079,2023-06-04,1
1079,2023-06-23,0
1079,2023-06-26,1
1079,2023-07-02,3
1079,2023-07-03,8
1079,2023-07-04,10
1079,2023-07-08,2
1079,2023-07-15,7
1080,2023-09-23,1
1080,2023-09-29,3
1080,2023-09-30,8
1080,2023-10-02,10
1080,2023-10-05,8
1080,2023-10-12,2
1080,2023-10-13,5
1080,2023-10-15,3
1080,2023-10-24,2
1080,2023-10-28,0
1080,2023-11-01,8
1080,2023-11-02,3
1080,2023-11-10,10
1080,2023-12-01,1
1080,2023-12-28,10
1081,2023-07-06,10
1081,2023-07-20,1
1081,2023-08-02,10
1081,2023-08-04,7
1081,2023-08-23,3
1081,2023-08-26,6
1081,2023-08-27,9
1081,2023-09-09,0
1081,2023-09-11,7
1081,2023-09-15,8
1081,2023-09-24,9
1081,2023-09-28,4
1081,2023-09-29,10
1081,2023-10-05,7
1081,2023-10-12,6
1082,2023-11-16,7
1082,2023-11-17,1
1082,2023-11-20,6
1082,2023-11-21,3
1082,2023-11-25,4
1082,2023-11-27,8
1082,2023-12-01,5
1082,2023-12-08,0
1082,2023-12-17,10
1082,2023-12-30,10
1082,2024-01-14,8
1082,2024-01-15,9
1082,2024-02-12,5
1082,2024-02-14,1
1082,2024-02-22,2
1083,2023-09-13,5
1083,2023-09-23,4
1083,2023-09-27,5
1083,2023-10-10,6
1083,2023-10-16,9
1083,2023-10-21,7
1083,2023-10-30,2
1083,2023-11-10,9
1083,2023-11-19,6
1083,2023-11-26,5
1083,2023-12-01,5
1083,2023-12-04,6
1083,2023-12-18,1
1083,2023-12-19,9
1083,2023-12-21,2
1084,2023-11-27,2
1084,2023-12-01,6
1084,2023-12-17,3
1084,2024-01-09,9
1084,2024-01-10,5
1084,2024-01-12,6
1084,2024-01-13,1
1084,2024-01-14,2
1084,2024-01-19,6
1084,2024-01-20,6
1084,2024-02-11,7
1084,2024-02-12,8
1084,2024-02-13,3
1084,2024-02-18,0
1084,2024-02-21,5
1085,2023-08-20,3
1085,2023-08-27,10
1085,2023-09-01,10
1085,2023-09-05,4
1085,2023-09-09,10
1085,2023-09-10,6
1085,2023-09-20,1
1085,2023-09-30,4
1085,2023-10-12,4
1085,2023-10-15,6
1085,2023-10-17,6
1085,2023-10-21,2
1085,2023-10-23,7
1085,2023-11-16,6
1085,2023-11-18,3
1086,2023-01-27,1
1086,2023-02-05,5
1086,2023-02-08,2
1086,2023-02-10,4
1086,2023-02-18,8
1086,2023-02-23,3
1086,2023-03-05,1
1086,2023-03-06,9
1086,2023-03-21,6
1086,2023-03-26,8
1086,2023-04-17,6
1086,2023-04-22,3
1086,2023-04-24,6
1086,2023-04-30,4
1086,2023-05-06,7
1087,2023-04-17,3
1087,2023-04-18,0
1087,2023-05-12,0
1087,2023-05-17,4
1087,2023-05-25,8
1087,2023-06-02,3
1087,2023-06-03,7
1087,2023-06-15,10
1087,2023-06-19,9
1087,2023-06-22,10
1087,2023-06-24,3
1087,2023-06-25,6
1087,2023-06-26,3
1087,2023-06-29,1
1087,2023-07-23,5
1088,2023-05-24,9
1088,2023-05-31,3
1088,2023-06-04,4
1088,2023-06-07,1
1088,2023-06-09,0
1088,2023-06-28,4
1088,2023-07-05,0
1088,2023-07-17,6
1088,2023-07-29,10
1088,2023-08-01,2
1088,2023-08-07,9
1088,2023-08-09,1
1088,2023-08-15,1
1088,2023-08-20,8
1088,2023-08-24,7
1089,2023-10-11,9
1089,2023-10-20,6
1089,2023-10-23,10
1089,2023-10-24,0
1089,2023-10-25,7
1089,2023-10-29,5
1089,2023-10-30,10
1089,2023-11-02,7
1089,2023-11-13,8
1089,2023-12-05,9
1089,2023-12-09,8
1089,2023-12-13,10
1089,2023-12-14,4
1089,2023-12-16,9
1089,2024-01-06,7
1090,2023-03-16,8
1090,2023-03-22,6
1090,2023-03-23,5
1090,2023-03-24,6
1090,2023-03-26,5
1090,2023-03-29,8
1090,2023-04-13,1
1090,2023-04-14,8
1090,2023-04-18,9
1090,2023-05-05,8
1090,2023-05-10,10
1090,2023-05-22,1
1090,2023-05-24,0
1090,2023-05-26,6
1090,2023-05-27,1
1091,2023-06-09,7
1091,2023-06-18,2
1091,2023-06-22,6
1091,2023-06-24,1
1091,2023-06-28,6
1091,2023-07-07,9
1091,2023-07-12,4
1091,2023-07-13,9
1091,2023-07-19,6
1091,2023-07-26,3
1091,2023-07-30,7
1091,2023-08-12,8
1091,2023-08-16,8
1091,2023-08-23,1
1091,2023-08-26,1
1092,2023-08-19,10
1092,2023-08-27,0
1092,2023-09-03,7
1092,2023-09-08,1
1092,2023-09-09,6
1092,2023-10-02,7
1092,2023-10-19,5
1092,2023-10-25,3
1092,2023-10-26,10
1092,2023-10-27,2
1092,2023-11-03,1
1092,2023-11-09,6
1092,2023-11-10,3
1092,2023-11-11,3
1092,2023-11-18,6
1093,2023-12-28,0
1093,2023-12-29,3
1093,2024-01-02,7
1093,2024-01-08,10
1093,2024-01-23,2
1093,2024-01-27,9
1093,2024-02-01,5
1093,2024-02-04,4
1093,2024-02-22,5
1093,2024-02-29,8
1093,2024-03-07,5
1093,2024-03-10,8
1093,2024-03-11,3
1093,2024-03-21,5
1093,2024-03-29,6
1094,2023-09-21,5
1094,2023-09-24,5
1094,2023-09-25,1
1094,2023-10-03,7
1094,2023-10-06,4
1094,2023-10-11,1
1094,2023-11-06,9
1094,2023-11-15,2
1094,2023-11-20,5
1094,2023-11-21,8
1094,2023-11-22,1
1094,2023-11-25,10
1094,2023-12-02,4
1094,2023-12-08,7
1094,2023-12-12,6
1095,2023-03-08,5
1095,2023-03-17,4
1095,2023-03-19,1
1095,2023-03-26,3
1095,2023-03-27,8
1095,2023-03-28,4
1095,2023-04-02,5
1095,2023-04-06,3
1095,2023-04-23,1
1095,2023-04-24,5
1095,2023-05-12,6
1095,2023-05-16,3
1095,2023-05-19,0
1095,2023-06-01,9
1095,2023-06-02,3
1096,2023-01-16,10
1096,2023-01-20,4
1096,2023-02-27,5
1096,2023-03-07,9
1096,2023-03-10,8
1096,2023-03-16,7
1096,2023-03-22,2
1096,2023-03-31,10
1096,2023-04-01,4
1096,2023-04-04,0
1096,2023-04-08,8
1096,2023-04-09,9
1096,2023-04-19,9
1096,2023-04-23,2
1096,2023-04-24,1
1097,2023-11-27,9
1097,2023-11-30,7
1097,2023-12-13,3
1097,2023-12-15,6
1097,2023-12-16,7
1097,2023-12-31,0
1097,2024-01-09,7
1097,2024-01-11,2
1097,2024-01-16,1
1097,2024-01-19,7
1097,2024-01-23,10
1097,2024-02-08,3
1097,2024-02-10,4
1097,2024-02-24,0
1097,2024-02-26,2
1098,2023-11-15,10
1098,2023-11-20,3
1098,2023-11-24,2
1098,2023-11-29,3
1098,2023-12-07,6
1098,2023-12-12,5
1098,2023-12-17,4
1098,2023-12-30,0
1098,2024-01-14,1
1098,2024-01-25,8
1098,2024-01-29,1
1098,2024-01-30,10
1098,2024-02-04,4
1098,2024-02-08,4
1098,2024-02-10,4
1099,2023-05-03,9
1099,2023-05-06,4
1099,2023-05-22,7
1099,2023-05-23,6
1099,2023-05-24,5
1099,2023-06-03,1
1099,2023-06-06,1
1099,2023-06-07,10
1099,2023-06-09,8
1099,2023-06-19,6
1099,2023-07-12,10
1099,2023-07-27,1
1099,2023-07-30,5
1099,2023-08-07,6
1099,2023-08-08,4
